postcode,suburb,state,lat,lng
0200,ANU,ACT,-35.27770,149.11900
0200,Australian National University,ACT,-35.27770,149.11853
0800,DARWIN,NT,-12.39328,130.77666
0800,DARWIN CITY,NT,-12.39328,130.77666
0801,DARWIN,NT,-12.46344,130.84564
0803,WAGAIT BEACH,NT,-12.43399,130.74591
0804,PARAP,NT,-12.43248,130.84625
0810,ALAWA,NT,-12.38000,130.87300
0810,BRINKIN,NT,-12.37000,130.86700
0810,CASUARINA,NT,-12.37333,130.88167
0810,COCONUT GROVE,NT,-12.39890,130.85200
0810,JINGILI,NT,-12.38667,130.87528
0810,LEE POINT,NT,-12.33944,130.89306
0810,LYONS,NT,-12.36030,130.88900
0810,MILLNER,NT,-12.39111,130.86321
0810,MOIL,NT,-12.38889,130.87917
0810,MUIRHEAD,NT,-12.35830,130.89600
0810,NAKARA,NT,-12.36944,130.87806
0810,NIGHTCLIFF,NT,-12.38300,130.84900
0810,RAPID CREEK,NT,-12.38083,130.86222
0810,TIWI,NT,-12.36333,130.88028
0810,WAGAMAN,NT,-12.38250,130.88500
0810,WANGURI,NT,-12.37250,130.88778
0811,CASUARINA,NT,-12.37333,130.88167
0812,ANULA,NT,-12.39280,130.89000
0812,BUFFALO CREEK,NT,-12.34640,130.92100
0812,HOLMES,NT,-12.39610,130.92100
0812,KARAMA,NT,-12.40107,130.91689
0812,LEANYER,NT,-12.37944,130.89750
0812,MALAK,NT,-12.39300,130.90400
0812,MARRARA,NT,-12.39833,130.88000
0812,NORTHLAKES,NT,-12.39580,130.89500
0812,SANDERSON,NT,-12.38890,130.89800
0812,WOODLEIGH GARDENS,NT,-12.37940,130.89800
0812,WULAGI,NT,-12.38444,130.89306
0813,KARAMA,NT,-19.49140,132.55100
0813,SANDERSON,NT,-19.49140,132.55100
0814,NIGHTCLIFF,NT,-12.38300,130.84900
0815,CHARLES DARWIN UNIVERSITY,NT,-12.37180,130.86900
0820,BAGOT,NT,-12.41149,130.85541
0820,BAYVIEW,NT,-12.44031,130.86016
0820,CHARLES DARWIN,NT,-12.43592,130.87865
0820,COONAWARRA,NT,-12.42972,130.91167
0820,CULLEN BAY,NT,-12.45332,130.82507
0820,DARWIN DC,NT,-12.46340,130.84600
0820,DARWIN INTERNATIONAL AIRPORT,NT,-12.41540,130.88300
0820,DARWIN MC,NT,-12.39640,130.90400
0820,EAST POINT,NT,-12.41083,130.82222
0820,EATON,NT,-12.42560,130.86500
0820,FANNIE BAY,NT,-12.42500,130.83639
0820,LARRAKEYAH,NT,-12.45861,130.82167
0820,LUDMILLA,NT,-12.41452,130.85005
0820,PARAP,NT,-12.43248,130.84625
0820,RAAF BASE DARWIN,NT,-12.42530,130.86400
0820,STUART PARK,NT,-12.44861,130.84167
0820,THE GARDENS,NT,-12.44861,130.83639
0820,THE NARROWS,NT,-12.42778,130.86056
0820,WINNELLIE,NT,-12.42889,130.86972
0820,WOOLNER,NT,-12.43778,130.84750
0821,WINNELLIE,NT,-12.42889,130.86972
0822,ACACIA HILLS,NT,-12.75415,131.14894
0822,ANGURUGU,NT,-13.98120,136.46100
0822,ANINDILYAKWA,NT,-13.86100,136.44100
0822,ANNIE RIVER,NT,-14.49420,143.75100
0822,BATHURST ISLAND,NT,-11.73650,130.43100
0822,BEES CREEK,NT,-12.55528,131.05910
0822,BELYUEN,NT,-12.53820,130.68300
0822,BLACK JUNGLE,NT,-12.52330,131.20700
0822,BLACKMORE,NT,-12.74100,130.93300
0822,BORDER STORE,NT,-12.42440,132.96400
0822,BURRUNDIE,NT,-13.45110,131.38700
0822,BYNOE,NT,-12.80060,130.61300
0822,BYNOE HARBOUR,NT,-12.66050,130.58700
0822,CAMP CREEK,NT,-13.17350,130.93200
0822,CHANNEL ISLAND,NT,-12.55320,130.86600
0822,CHARLES DARWIN,NT,-12.43590,130.87900
0822,CHARLOTTE,NT,-12.71520,130.88600
0822,CLARAVALE,NT,-14.49560,131.35300
0822,COBOURG,NT,-11.39520,132.26800
0822,COLLETT CREEK,NT,-12.86280,130.95000
0822,COOMALIE CREEK,NT,-13.06030,131.10600
0822,COX PENINSULA,NT,-12.44703,130.74128
0822,CROKER ISLAND,NT,-11.17640,132.53100
0822,DALY,NT,-12.43556,130.74806
0822,DALY RIVER,NT,-13.71282,130.68720
0822,DARWIN MC,NT,-12.45810,130.84000
0822,DARWIN RIVER DAM,NT,-12.89470,131.14000
0822,DELISSAVILLE,NT,-12.53820,130.68300
0822,DOUGLAS-DALY,NT,-13.80050,131.34400
0822,EAST ARM,NT,-12.47940,130.91400
0822,EAST ARNHEM,NT,-12.25350,136.83700
0822,ELRUNDIE,NT,-12.47960,130.96000
0822,EVA VALLEY,NT,-13.12390,131.00700
0822,FINNISS VALLEY,NT,-13.02450,130.94200
0822,FLEMING,NT,-12.43556,130.74806
0822,FLY CREEK,NT,-12.80120,131.06900
0822,FREDS PASS,NT,-12.53980,131.05500
0822,GALIWINKU,NT,-12.02470,135.56800
0822,GLYDE POINT,NT,-12.17970,131.08000
0822,GOULBOURN ISLAND,NT,-11.61400,133.39700
0822,GOULBURN ISLAND,NT,-11.61400,133.39700
0822,GUNBALANYA,NT,-12.32550,133.05500
0822,GUNN POINT,NT,-12.20785,131.03317
0822,HAYES CREEK,NT,-13.58330,131.46000
0822,HIDDEN VALLEY,NT,-12.44470,130.91200
0822,HOTHAM,NT,-12.34400,131.40600
0822,HUGHES,NT,-12.68840,131.10100
0822,KAKADU,NT,-12.66610,132.89400
0822,KOOLPINYAH,NT,-12.32250,131.13800
0822,LAKE BENNETT,NT,-12.95920,131.16500
0822,LAMBELLS LAGOON,NT,-12.57625,131.23943
0822,LITCHFIELD PARK,NT,-13.12920,130.80300
0822,LIVINGSTONE,NT,-12.68290,131.08189
0822,LLOYD CREEK,NT,-12.62080,131.12200
0822,MANDORAH,NT,-12.44490,130.75900
0822,MANINGRIDA,NT,-12.05614,134.23115
0822,MAPURU,NT,-12.43556,130.74806
0822,MARANUNGA,NT,-13.70830,130.70900
0822,MARGARET RIVER,NT,-13.29500,131.19700
0822,MARRAKAI,NT,-12.43556,130.74806
0822,MCMINNS LAGOON,NT,-12.54593,131.07468
0822,MICKET CREEK,NT,-12.36510,130.95230
0822,MICKETT CREEK,NT,-12.40590,130.95500
0822,MIDDLE POINT,NT,-12.56479,131.32528
0822,MILIKAPITI,NT,-12.43556,130.74806
0822,MILINGIMBI,NT,-12.09390,134.89700
0822,MILLWOOD,NT,-11.87640,131.92000
0822,MILYAKBURRA,NT,-13.77930,136.20200
0822,MINJILANG,NT,-11.14830,132.57700
0822,MOUNT BUNDEY,NT,-12.90380,131.67700
0822,MURRUMUJUK,NT,-12.28040,131.06500
0822,NAUIYU,NT,-13.75040,130.68800
0822,NEMARLUK,NT,-14.17390,130.16100
0822,NGANMARRIYANGA,NT,-14.33500,129.88300
0822,NGUIU,NT,-11.76089,130.63306
0822,NUMBULWAR,NT,-14.27620,135.74000
0822,NUMBURINDI,NT,-13.95940,135.79500
0822,OENPELLI,NT,-12.32554,133.05503
0822,PEPPIMENARTI,NT,-14.14570,130.08300
0822,PIRLANGIMPI,NT,-11.39030,130.42100
0822,POINT STEPHENS,NT,-11.87638,131.91965
0822,POINT STUART,NT,-12.57390,131.73200
0822,PULARUMPI,NT,-11.40386,130.41749
0822,PULUMPA,NT,-14.33500,129.88300
0822,RAKULA,NT,-13.12050,130.65700
0822,RAMINGINING,NT,-12.32830,134.92800
0822,ROBIN FALLS,NT,-13.30930,131.14700
0822,RUM JUNGLE,NT,-13.02460,130.96800
0822,SANDPALMS ROADHOUSE,NT,-12.81310,130.61700
0822,SOUTHPORT,NT,-12.72222,130.94917
0822,STAPLETON,NT,-13.20080,130.97600
0822,THAMARRURR,NT,-14.20100,129.64100
0822,TIPPERARY,NT,-13.54000,130.83800
0822,TIVENDALE,NT,-12.46510,130.95100
0822,TIWI ISLANDS,NT,-11.69690,130.87800
0822,TORTILLA FLATS,NT,-13.08450,131.12500
0822,TUMBLING WATERS,NT,-12.76560,130.95600
0822,UMBAKUMBA,NT,-13.86112,136.81161
0822,VERNON ISLANDS,NT,-12.05950,131.09400
0822,VIRGINIA,NT,-12.54830,131.01700
0822,WADEYE,NT,-14.24084,129.52076
0822,WAGAIT BEACH,NT,-12.43556,130.74806
0822,WAK WAK,NT,-12.66190,131.33500
0822,WARRUWI,NT,-11.65790,133.37800
0822,WEDDELL,NT,-12.67336,131.04777
0822,WEST ARNHEM,NT,-12.25620,133.65700
0822,WICKHAM,NT,-12.57330,130.92500
0822,WINNELLIE,NT,-12.42889,130.86972
0822,WISHART,NT,-12.45500,130.93100
0822,WOOLANING,NT,-13.10391,130.66701
0822,WURRUMIYANGA,NT,-11.76090,130.63300
0828,BERRIMAH,NT,-12.43389,130.92278
0828,KNUCKEY LAGOON,NT,-12.42583,130.94222
0829,HOLTZE,NT,-12.45870,130.96100
0829,PINELANDS,NT,-12.45870,130.96100
0830,ARCHER,NT,-12.51640,130.97100
0830,DRIVER,NT,-12.48508,130.97301
0830,DURACK,NT,-12.47508,130.97301
0830,FARRAR,NT,-12.47800,130.99100
0830,GRAY,NT,-12.49221,130.97892
0830,MARLOW LAGOON,NT,-12.49840,130.96452
0830,MOULDEN,NT,-12.51000,130.97600
0830,PALMERSTON,NT,-12.47846,130.98519
0830,SHOAL BAY,NT,-12.41225,130.97162
0830,WOODROFFE,NT,-12.49954,130.98100
0830,YARRAWONGA,NT,-12.47109,130.99012
0831,PALMERSTON,NT,-12.47846,130.98519
0832,BAKEWELL,NT,-12.49870,130.99300
0832,BELLAMACK,NT,-12.51480,130.98100
0832,GUNN,NT,-12.48869,130.99151
0832,JOHNSTON,NT,-12.48640,131.01000
0832,MITCHELL,NT,-12.52910,130.99430
0832,ROSEBERY,NT,-12.50483,130.99182
0832,ROSEBERY HEIGHTS,NT,-12.50183,130.98845
0832,ZUCCOLI,NT,-12.51020,131.00700
0834,VIRGINIA,NT,-12.54050,131.02900
0835,Coolalinga,NT,-12.52420,131.04200
0835,HOWARD SPRINGS,NT,-12.47790,131.06964
0835,VIRGINIA,NT,-12.47790,131.06964
0836,GIRRAWEEN,NT,-12.54232,131.15719
0836,HERBERT,NT,-12.54232,131.15719
0836,HUMPTY DOO,NT,-12.57530,131.10200
0837,MANTON,NT,-12.83160,131.16042
0837,NOONAMAH,NT,-12.63420,131.07400
0838,BERRY SPRINGS,NT,-12.71741,131.01923
0839,COOLALINGA,NT,-12.51886,131.04066
0840,DUNDEE BEACH,NT,-12.75754,130.39285
0840,DUNDEE DOWNS,NT,-12.76697,130.50254
0840,DUNDEE FOREST,NT,-12.80421,130.44845
0841,DARWIN RIVER,NT,-12.83574,130.97888
0845,BATCHELOR,NT,-13.07850,131.06252
0846,ADELAIDE RIVER,NT,-13.17483,131.14013
0847,PINE CREEK,NT,-13.83803,131.80044
0850,COSSACK,NT,-14.50520,132.19300
0850,EMUNGALAN,NT,-14.44120,132.25800
0850,KATHERINE,NT,-14.45211,132.27151
0850,KATHERINE EAST,NT,-14.46620,132.28500
0850,KATHERINE SOUTH,NT,-14.46900,132.25900
0850,LANSDOWNE,NT,-14.44870,132.36600
0851,KATHERINE,NT,-14.45211,132.27151
0852,ARNOLD,NT,-16.47130,134.28700
0852,BAINES,NT,-15.97850,129.00300
0852,BARUNGA,NT,-14.52080,132.86500
0852,BESWICK,NT,-14.55830,133.11414
0852,BESWICK CREEK,NT,-14.56430,133.07200
0852,BINJARI,NT,-14.55010,132.18400
0852,BIRDUM,NT,-16.30680,133.38500
0852,BRADSHAW,NT,-15.35890,131.26600
0852,BUCHANAN,NT,-17.10740,129.04500
0852,BULMAN WEEMOL,NT,-13.65390,134.31500
0852,CRESWELL,NT,-17.94630,135.47200
0852,DAGURAGU,NT,-17.41930,130.80200
0852,DALY WATERS,NT,-16.25333,133.36917
0852,DELAMERE,NT,-15.68480,131.67200
0852,DUNMARRA,NT,-16.67970,133.41200
0852,EDITH,NT,-14.30440,132.08200
0852,EDITH RIVER,NT,-14.25470,131.89300
0852,ELSEY,NT,-14.99480,133.47100
0852,ELSEY STATION,NT,-15.08420,133.12400
0852,FLORINA,NT,-14.57700,132.02800
0852,FLYING FOX,NT,-13.66360,134.34900
0852,GREGORY,NT,-15.63790,130.86700
0852,GULUNG MARDRULK,NT,-13.66010,134.35300
0852,GURINDJI,NT,-17.65660,130.90700
0852,HELEN SPRINGS STATION,NT,-18.43360,133.87600
0852,JILKMINGGAN,NT,-14.96150,133.29300
0852,KALKARINDJI,NT,-17.43330,130.83300
0852,KALKARINGI,NT,-17.43330,130.83300
0852,KATHERINE,NT,-14.45211,132.27151
0852,LAJAMANU,NT,-18.33255,130.63377
0852,LARRIMAH,NT,-15.57483,133.21710
0852,LIMMEN,NT,-14.89280,135.01000
0852,MANBULLOO,NT,-14.67629,132.08740
0852,MARANBOY,NT,-14.52670,132.78700
0852,MATARANKA,NT,-14.92340,133.06600
0852,MCARTHUR,NT,-16.62500,135.80000
0852,MINIYERI,NT,-15.22540,134.08000
0852,MINIYERRI,NT,-15.22770,134.08320
0852,NGUKURR,NT,-14.73280,134.73200
0852,NITJPURRU,NT,-16.47130,134.28700
0852,NITMILUK,NT,-14.07530,131.98300
0852,NUMBULWAR,NT,-14.27623,135.74025
0852,NUTWOOD DOWNS,NT,-16.47130,134.28700
0852,PELLEW ISLANDS,NT,-15.66080,136.81400
0852,PIGEON HOLE,NT,-16.78720,131.21400
0852,ROBINSON RIVER,NT,-16.15850,137.17500
0852,STURT PLATEAU,NT,-15.65910,132.61200
0852,TANAMI EAST,NT,-16.75520,132.57100
0852,TIMBER CREEK,NT,-15.64320,130.46700
0852,TOP SPRINGS,NT,-16.55030,131.80300
0852,URALLA,NT,-14.48580,132.32000
0852,VENN,NT,-14.59340,132.48000
0852,VICTORIA RIVER,NT,-16.71230,130.51800
0852,VICTORIA RIVER DOWNS,NT,-15.61640,131.12800
0852,WARUMUNGU,NT,-19.43660,134.22300
0852,WAVE HILL,NT,-17.43333,130.83333
0852,WILTON,NT,-14.40250,135.08600
0852,WUGULARR,NT,-16.47130,134.28700
0852,YARRALIN,NT,-16.45260,130.84200
0853,TINDAL,NT,-14.54730,132.37400
0853,TINDAL RAAF,NT,-14.51290,132.36500
0854,BORROLOOLA,NT,-16.06845,136.30971
0854,KING ASH BAY,NT,-15.93350,136.48300
0860,TENNANT CREEK,NT,-19.65739,134.18152
0861,BRUNCHILLY,NT,-18.87457,134.50050
0861,TENNANT CREEK,NT,-19.64836,134.18999
0862,AVON DOWNS,NT,-20.03030,137.49053
0862,CALVERT,NT,-17.13380,137.49400
0862,CRESSWELL DOWNS,NT,-19.20338,136.38666
0862,ELLIOTT,NT,-17.55361,133.54472
0862,HELEN SPRINGS,NT,-18.26077,133.99741
0862,MUCKATY STATION,NT,-18.91780,136.51626
0862,NEWCASTLE WATERS,NT,-17.36667,133.40000
0862,NICHOLSON,NT,-19.06010,136.68900
0862,PAMAYU,NT,-18.31890,133.79500
0862,PHILLIP CREEK STATION,NT,-18.79220,134.03100
0862,RENNER SPRINGS,NT,-18.31826,133.79470
0862,TABLELANDS,NT,-19.70890,135.82700
0862,TENNANT CREEK,NT,-19.64836,134.18999
0862,THREE WAYS,NT,-19.64840,134.19000
0862,WARREGO,NT,-18.91780,136.51626
0862,WOLLOGORANG STATION,NT,-18.91780,136.51626
0862,WYCLIFFE WELL,NT,-20.80000,134.23300
0870,ALICE SPRINGS,NT,-23.69804,133.88075
0870,ARALUEN,NT,-23.69610,133.85300
0870,BRAITLING,NT,-23.67530,133.86500
0870,CICCONE,NT,-23.69260,133.87000
0870,DESERT SPRINGS,NT,-23.71420,133.88900
0870,EAST SIDE,NT,-23.68870,133.90100
0870,GILLEN,NT,-23.70850,133.86500
0870,SADADEEN,NT,-23.70440,133.90300
0870,STUART,NT,-23.67650,133.88200
0870,THE GAP,NT,-23.71460,133.87400
0870,WHITE GUMS,NT,-23.75490,133.77200
0871,ALICE SPRINGS,NT,-23.69804,133.88075
0872,AHERRENGE,NT,-21.67210,135.23200
0872,ALI CURUNG,NT,-21.00278,134.40485
0872,ALICE SPRINGS,NT,-23.69804,133.88075
0872,AMATA,NT,-26.15090,131.14666
0872,AMOONGUNA,NT,-23.76380,133.92937
0872,AMPILATWATJA,NT,-21.65650,135.22500
0872,ANANGU PITJANTJATJARA YANKUNYTJATJARA,NT,-23.58870,131.28100
0872,ANATYE,NT,-22.68930,136.41100
0872,ANMATJERE,NT,-22.24570,133.42500
0872,ANTEWENEGERRDE,NT,-23.58870,131.28100
0872,AREYONGA,NT,-24.07306,132.26917
0872,ATITJERE,NT,-22.97970,134.93200
0872,AYERS RANGE SOUTH,NT,-26.19060,133.26800
0872,AYERS ROCK,NT,-25.34440,131.03700
0872,BARROW CREEK,NT,-21.37990,133.97600
0872,BURT PLAIN,NT,-23.53430,133.86300
0872,CANTEEN CREEK,NT,-20.64000,135.58800
0872,CHILLA WELL,NT,-21.54280,131.00000
0872,COSTELLO,NT,-21.15200,136.99800
0872,DAVENPORT,NT,-21.51230,133.90500
0872,DE ROSE HILL,NT,-26.55610,133.31100
0872,DOCKER RIVER,NT,-24.87420,129.08400
0872,ENGAWALA,NT,-22.80530,134.45800
0872,ERLDUNDA,NT,-25.19779,133.20080
0872,ERNABELLA,NT,-26.27960,132.13400
0872,ERNABELLA (PUKATJA),NT,-26.27960,132.13400
0872,FINKE,NT,-25.58160,134.57769
0872,FREGON,NT,-26.76550,132.02800
0872,GHAN,NT,-25.19900,133.20200
0872,GIBSON DESERT NORTH,WA,-22.28760,126.89244
0872,GIBSON DESERT SOUTH,WA,-25.01430,126.93000
0872,HAASTS BLUFF,NT,-21.67210,135.23200
0872,HALE,NT,-23.68120,134.21800
0872,HART,NT,-22.97990,134.91900
0872,HART RANGE,NT,-23.16670,134.83300
0872,HERMANNSBURG,NT,-23.94310,132.77800
0872,HUGH,NT,-23.81280,133.84700
0872,IMAMPA,NT,-25.12990,132.57000
0872,IMANPA,NT,-25.12990,132.57000
0872,INDULKANA,SA,-26.96610,133.30800
0872,INDULKANA (IWANTJA),SA,-26.96610,133.30800
0872,ININTI STORE,NT,-25.34760,131.06500
0872,IRRUNYTJU,WA,-25.12990,132.57000
0872,IWANTJA,SA,-26.96610,133.30800
0872,JAY CREEK,NT,-23.82540,133.48200
0872,KALKA,SA,-26.11710,129.15200
0872,KALTJITI,SA,-26.76550,132.02800
0872,KALTUKATJARA,NT,-24.87420,129.08400
0872,KANPA,WA,-25.12990,132.57000
0872,KANPI,SA,-26.16760,130.11800
0872,KINGS CREEK STATION,NT,-25.12990,132.57000
0872,KINTORE,NT,-23.27639,129.39028
0872,KIWIRRKURRA,WA,-22.81510,127.76200
0872,KULGERA,NT,-25.84360,133.28800
0872,KUNPARRKA,NT,-23.19890,131.80100
0872,LAKE MACKAY,NT,-22.59390,128.69500
0872,LAMBINA,SA,-26.98840,134.02100
0872,LARAMBA,NT,-22.54210,132.76100
0872,MACDONNELL RANGE,NT,-25.12990,132.57000
0872,MANTAMARU,WA,-25.12990,132.57000
0872,MEREENIE,NT,-23.89530,131.82600
0872,MIMILI,SA,-27.00610,132.71000
0872,MOUNT LIEBIG,NT,-23.26520,131.27100
0872,MOUNT ZEIL,NT,-23.68510,132.67400
0872,MULGA BORE,NT,-22.45260,134.21100
0872,MURPUTJA,SA,-26.15930,130.18400
0872,MURPUTJA HOMELANDS,NT,-26.15930,130.18400
0872,MUTITJULU,NT,-25.35070,131.06700
0872,NAMATJIRA,NT,-23.95400,132.77300
0872,NAPPERBY STATION,NT,-25.12990,132.57000
0872,NGAANYATJARRA-GILES,WA,-25.05550,128.31100
0872,NYAPARI,SA,-26.17580,130.22100
0872,NYIRRIPI,NT,-22.65230,130.56900
0872,PAPULANKUTJA,WA,-25.12990,132.57000
0872,PAPUNYA,NT,-23.20390,131.91500
0872,PATJARR,WA,-24.61630,126.31400
0872,PETERMANN,NT,-24.25210,131.51100
0872,PIPALYATJARA,SA,-26.16210,129.17100
0872,PITJANTJATJARA HOMELANDS,NT,-23.58870,131.28100
0872,PUKATJA,SA,-26.27960,132.13400
0872,SANDOVER,NT,-21.81470,135.93600
0872,SANTA TERESA,NT,-24.12932,134.37415
0872,SIMPSON,NT,-25.04660,136.74400
0872,TANAMI,NT,-19.95640,129.69700
0872,TARA,NT,-21.48960,133.99600
0872,TELEGRAPH STATION,NT,-25.12990,132.57000
0872,THANGKENHARENGE,NT,-23.58870,131.28100
0872,TI TREE,NT,-22.12856,133.41721
0872,TIEYON,SA,-26.10450,133.81900
0872,TITJIKALA,NT,-24.68020,134.07500
0872,TJIRRKARLI,WA,-26.00170,125.47100
0872,TJUKURLA,WA,-24.34750,128.71900
0872,ULURU,NT,-25.34443,131.03688
0872,UMPANGARA,NT,-23.58870,131.28100
0872,UMUWA,SA,-26.46620,132.04100
0872,URAPUNTJA,NT,-21.89980,134.84100
0872,WALLACE ROCKHOLE,NT,-24.12360,133.09000
0872,WANARN,NT,-23.58870,131.28100
0872,WARAKURNA,WA,-25.00110,128.28800
0872,WATARRU,SA,-27.02360,129.90100
0872,WATINUMA,SA,-26.52240,131.88100
0872,WILLOWRA,NT,-21.24777,132.61114
0872,WILORA,NT,-21.74630,133.72600
0872,WINGELLINA,WA,-26.06440,128.93100
0872,WUTUNUGURRA,NT,-20.46320,135.25100
0872,YUELAMU,NT,-22.25697,132.20741
0872,YUENDUMU,NT,-22.25381,131.79573
0872,YULARA,NT,-25.23349,130.98487
0872,YUNYARINYI,SA,-26.32710,132.44700
0873,AMOONGUNA,NT,-23.76380,133.92900
0873,ARUMBERA,NT,-23.76950,133.86800
0873,CONNELLAN,NT,-23.77210,133.91200
0873,HEAVITREE GAP CPA,NT,-23.76380,133.92900
0873,ILPARPA,NT,-23.75480,133.82000
0873,KILGARIFF,NT,-23.74990,133.87600
0873,ROSS,NT,-23.74550,133.90100
0874,IRLPME,NT,-23.64070,133.86600
0874,MOUNT JOHNS,NT,-23.72300,133.89000
0874,UNDOOLYA,NT,-23.68480,133.92200
0875,FLYNN,NT,-23.72080,133.86500
0875,LARAPINTA,NT,-23.69310,133.83100
0880,GAPUWIYAK,NT,-12.50320,135.80600
0880,GOVE,NT,-12.18250,136.78194
0880,GUNYANGARA,NT,-12.22560,136.70200
0880,NHULUNBUY,NT,-12.18250,136.78194
0880,YIRRKALA,NT,-12.25280,136.89200
0881,NHULUNBUY,NT,-12.18250,136.78194
0885,ALYANGULA,NT,-13.85290,136.42200
0886,JABIRU,NT,-12.66884,132.83454
0906,WINNELLIE,NT,-12.42889,130.86972
0907,WINNELLIE,NT,-12.42889,130.86972
0909,CHARLES DARWIN UNIVERSITY,NT,-12.37180,130.86900
0909,UNIVERSITY,NT,-12.37180,130.86900
1001,SYDNEY,NSW,-33.86882,151.20930
1002,SYDNEY,NSW,-33.86882,151.20930
1003,SYDNEY,NSW,-33.86882,151.20930
1004,SYDNEY,NSW,-33.86882,151.20930
1005,SYDNEY,NSW,-33.86882,151.20930
1006,SYDNEY,NSW,-33.86882,151.20930
1007,SYDNEY,NSW,-33.86882,151.20930
1008,SYDNEY,NSW,-33.86882,151.20930
1009,SYDNEY,NSW,-33.86882,151.20930
1010,SYDNEY,NSW,-33.86882,151.20930
1020,SYDNEY,NSW,-33.86882,151.20930
1021,SYDNEY,NSW,-33.86882,151.20930
1022,SYDNEY,NSW,-33.86882,151.20930
1023,SYDNEY,NSW,-33.86882,151.20930
1025,SYDNEY,NSW,-33.86882,151.20930
1026,SYDNEY,NSW,-33.86882,151.20930
1027,SYDNEY,NSW,-33.86882,151.20930
1028,SYDNEY,NSW,-33.86882,151.20930
1029,SYDNEY,NSW,-33.86882,151.20930
1030,SYDNEY,NSW,-33.86882,151.20930
1031,SYDNEY,NSW,-33.86882,151.20930
1032,SYDNEY,NSW,-33.86882,151.20930
1033,SYDNEY,NSW,-33.86882,151.20930
1034,SYDNEY,NSW,-33.86882,151.20930
1035,SYDNEY,NSW,-33.86882,151.20930
1036,SYDNEY,NSW,-33.86882,151.20930
1037,SYDNEY,NSW,-33.86882,151.20930
1038,SYDNEY,NSW,-33.86882,151.20930
1039,SYDNEY,NSW,-33.86882,151.20930
1040,SYDNEY,NSW,-33.86882,151.20930
1041,SYDNEY,NSW,-33.86882,151.20930
1042,SYDNEY,NSW,-33.86882,151.20930
1043,SYDNEY,NSW,-33.86882,151.20930
1044,SYDNEY,NSW,-33.86882,151.20930
1045,SYDNEY,NSW,-33.86882,151.20930
1046,SYDNEY,NSW,-33.86882,151.20930
1100,SYDNEY,NSW,-33.86882,151.20930
1101,SYDNEY,NSW,-33.86882,151.20930
1105,SYDNEY,NSW,-33.86882,151.20930
1106,SYDNEY,NSW,-33.86882,151.20930
1107,SYDNEY,NSW,-33.86882,151.20930
1108,SYDNEY,NSW,-33.86882,151.20930
1109,SYDNEY,NSW,-33.86882,151.20930
1110,SYDNEY,NSW,-33.86882,151.20930
1112,SYDNEY,NSW,-33.86882,151.20930
1113,SYDNEY,NSW,-33.86882,151.20930
1114,SYDNEY,NSW,-33.86882,151.20930
1115,SYDNEY,NSW,-33.86882,151.20930
1116,SYDNEY,NSW,-33.86882,151.20930
1117,SYDNEY,NSW,-33.86882,151.20930
1118,SYDNEY,NSW,-33.86882,151.20930
1119,SYDNEY,NSW,-33.86882,151.20930
1120,SYDNEY,NSW,-33.86882,151.20930
1121,SYDNEY,NSW,-33.86882,151.20930
1122,SYDNEY,NSW,-33.86882,151.20930
1123,SYDNEY,NSW,-33.86882,151.20930
1124,SYDNEY,NSW,-33.86882,151.20930
1125,SYDNEY,NSW,-33.86882,151.20930
1126,SYDNEY,NSW,-33.86882,151.20930
1127,SYDNEY,NSW,-33.86882,151.20930
1128,SYDNEY,NSW,-33.86882,151.20930
1129,SYDNEY,NSW,-33.86882,151.20930
1130,SYDNEY,NSW,-33.86882,151.20930
1131,SYDNEY,NSW,-33.86882,151.20930
1132,SYDNEY,NSW,-33.86882,151.20930
1133,SYDNEY,NSW,-33.86882,151.20930
1134,SYDNEY,NSW,-33.86882,151.20930
1135,SYDNEY,NSW,-33.86882,151.20930
1136,SYDNEY,NSW,-33.86882,151.20930
1137,SYDNEY,NSW,-33.86882,151.20930
1138,SYDNEY,NSW,-33.86882,151.20930
1139,SYDNEY,NSW,-33.86882,151.20930
1140,SYDNEY,NSW,-33.86882,151.20930
1141,SYDNEY,NSW,-33.86882,151.20930
1142,SYDNEY,NSW,-33.86882,151.20930
1143,SYDNEY,NSW,-33.86882,151.20930
1144,SYDNEY,NSW,-33.86882,151.20930
1145,SYDNEY,NSW,-33.86882,151.20930
1146,SYDNEY,NSW,-33.86882,151.20930
1147,SYDNEY,NSW,-33.86882,151.20930
1148,SYDNEY,NSW,-33.86882,151.20930
1149,SYDNEY,NSW,-33.86882,151.20930
1150,SYDNEY,NSW,-33.86882,151.20930
1151,SYDNEY,NSW,-33.86882,151.20930
1152,SYDNEY,NSW,-33.86882,151.20930
1153,SYDNEY,NSW,-33.86882,151.20930
1154,SYDNEY,NSW,-33.86882,151.20930
1155,SYDNEY,NSW,-33.86882,151.20930
1156,SYDNEY,NSW,-33.86882,151.20930
1157,SYDNEY,NSW,-33.86882,151.20930
1158,SYDNEY,NSW,-33.86882,151.20930
1159,SYDNEY,NSW,-33.86882,151.20930
1160,SYDNEY,NSW,-33.86882,151.20930
1161,SYDNEY,NSW,-33.86882,151.20930
1162,SYDNEY,NSW,-33.86882,151.20930
1163,SYDNEY,NSW,-33.86882,151.20930
1164,SYDNEY,NSW,-33.86882,151.20930
1165,SYDNEY,NSW,-33.86882,151.20930
1166,SYDNEY,NSW,-33.86882,151.20930
1167,SYDNEY,NSW,-33.86882,151.20930
1168,SYDNEY,NSW,-33.86882,151.20930
1169,SYDNEY,NSW,-33.86882,151.20930
1170,SYDNEY,NSW,-33.86882,151.20930
1171,SYDNEY,NSW,-33.86882,151.20930
1172,SYDNEY,NSW,-33.86882,151.20930
1173,SYDNEY,NSW,-33.86882,151.20930
1174,SYDNEY,NSW,-33.86882,151.20930
1175,SYDNEY,NSW,-33.86882,151.20930
1176,SYDNEY,NSW,-33.86882,151.20930
1177,SYDNEY,NSW,-33.86882,151.20930
1178,SYDNEY,NSW,-33.86882,151.20930
1179,SYDNEY,NSW,-33.86882,151.20930
1180,SYDNEY,NSW,-33.86882,151.20930
1181,SYDNEY,NSW,-33.86882,151.20930
1182,SYDNEY,NSW,-33.86882,151.20930
1183,SYDNEY,NSW,-33.86882,151.20930
1184,SYDNEY,NSW,-33.86882,151.20930
1185,SYDNEY,NSW,-33.86882,151.20930
1186,SYDNEY,NSW,-33.86882,151.20930
1187,SYDNEY,NSW,-33.86882,151.20930
1188,SYDNEY,NSW,-33.86882,151.20930
1189,SYDNEY,NSW,-33.86882,151.20930
1190,SYDNEY,NSW,-33.86882,151.20930
1191,SYDNEY,NSW,-33.86882,151.20930
1192,SYDNEY,NSW,-33.86882,151.20930
1193,SYDNEY,NSW,-33.86882,151.20930
1194,SYDNEY,NSW,-33.86882,151.20930
1195,SYDNEY,NSW,-33.86882,151.20930
1196,SYDNEY,NSW,-33.86882,151.20930
1197,SYDNEY,NSW,-33.86882,151.20930
1198,SYDNEY,NSW,-33.86882,151.20930
1199,SYDNEY,NSW,-33.86882,151.20930
1201,SYDNEY,NSW,-33.86882,151.20930
1202,SYDNEY,NSW,-33.86882,151.20930
1203,SYDNEY,NSW,-33.86882,151.20930
1205,SYDNEY,NSW,-33.86882,151.20930
1207,SYDNEY,NSW,-33.86882,151.20930
1208,HAYMARKET,NSW,-33.88092,151.20294
1209,AUSTRALIA SQUARE,NSW,-33.86466,151.20770
1210,AUSTRALIA SQUARE,NSW,-33.86466,151.20770
1211,AUSTRALIA SQUARE,NSW,-33.86466,151.20770
1212,AUSTRALIA SQUARE,NSW,-33.86509,151.20775
1213,AUSTRALIA SQUARE,NSW,-33.86466,151.20770
1214,AUSTRALIA SQUARE,NSW,-33.86466,151.20770
1215,AUSTRALIA SQUARE,NSW,-33.86509,151.20775
1216,GROSVENOR PLACE,NSW,-33.74211,151.03369
1217,GROSVENOR PLACE,NSW,-33.74211,151.03369
1218,GROSVENOR PLACE,NSW,-33.74211,151.03369
1219,GROSVENOR PLACE,NSW,-33.74211,151.03369
1220,GROSVENOR PLACE,NSW,-33.01001,151.65791
1221,ROYAL EXCHANGE,NSW,-33.86384,151.20924
1222,ROYAL EXCHANGE,NSW,-33.86384,151.20924
1223,ROYAL EXCHANGE,NSW,-33.86384,151.20924
1224,ROYAL EXCHANGE,NSW,-33.86384,151.20924
1225,ROYAL EXCHANGE,NSW,-33.86384,151.20924
1226,QUEEN VICTORIA BUILDING,NSW,-33.87172,151.20671
1227,QUEEN VICTORIA BUILDING,NSW,-33.87172,151.20671
1228,QUEEN VICTORIA BUILDING,NSW,-33.87172,151.20671
1229,QUEEN VICTORIA BUILDING,NSW,-33.87172,151.20671
1230,QUEEN VICTORIA BUILDING,NSW,-33.87172,151.20671
1231,SYDNEY SOUTH,NSW,-33.86882,151.20930
1232,SYDNEY SOUTH,NSW,-33.86882,151.20930
1233,SYDNEY SOUTH,NSW,-33.86882,151.20930
1234,SYDNEY SOUTH,NSW,-33.86882,151.20930
1235,SYDNEY SOUTH,NSW,-33.86882,151.20930
1236,HAYMARKET,NSW,-33.88092,151.20294
1237,HAYMARKET,NSW,-33.88092,151.20294
1238,HAYMARKET,NSW,-33.88092,151.20294
1239,HAYMARKET,NSW,-33.88092,151.20294
1240,HAYMARKET,NSW,-33.88092,151.20294
1291,SYDNEY,NSW,-33.86882,151.20930
1292,SYDNEY,NSW,-33.86882,151.20930
1293,SYDNEY,NSW,-33.86882,151.20930
1294,SYDNEY,NSW,-33.86882,151.20930
1295,SYDNEY,NSW,-33.86882,151.20930
1296,SYDNEY,NSW,-33.86882,151.20930
1297,SYDNEY,NSW,-33.86882,151.20930
1298,SYDNEY,NSW,-33.86882,151.20930
1299,SYDNEY,NSW,-33.86882,151.20930
1300,DARLINGHURST,NSW,-33.87802,151.22044
1314,EASTERN SUBURBS MC,NSW,-33.95080,151.21000
1335,POTTS POINT,NSW,-33.86795,151.22411
1340,KINGS CROSS,NSW,-33.87335,151.22423
1350,WOOLLAHRA,NSW,-33.88650,151.24200
1355,BONDI JUNCTION,NSW,-33.89145,151.24970
1360,DOUBLE BAY,NSW,-33.87750,151.24120
1401,BROADWAY,NSW,-34.70578,149.13503
1405,CHULLORA,NSW,-33.89194,151.04771
1419,SOUTHERN SUBURBS MC,NSW,-34.06410,151.09400
1420,STRAWBERRY HILLS,NSW,-33.88827,151.20785
1422,STRAWBERRY HILLS,NSW,-33.88827,151.20785
1423,STRAWBERRY HILLS,NSW,-33.88827,151.20785
1424,STRAWBERRY HILLS,NSW,-33.88827,151.20785
1425,STRAWBERRY HILLS,NSW,-33.88827,151.20785
1426,STRAWBERRY HILLS,NSW,-33.88827,151.20785
1427,STRAWBERRY HILLS,NSW,-33.88827,151.20785
1428,STRAWBERRY HILLS,NSW,-33.88827,151.20785
1429,STRAWBERRY HILLS,NSW,-33.88827,151.20785
1430,EVELEIGH,NSW,-33.89500,151.19100
1435,ALEXANDRIA,NSW,-33.90803,151.19026
1440,WATERLOO,NSW,-33.90026,151.20618
1441,WATERLOO,NSW,-33.90026,151.20618
1445,ROSEBERY,NSW,-33.92219,151.20168
1450,CAMPERDOWN,NSW,-33.88622,151.17911
1455,BOTANY,NSW,-33.94693,151.19732
1460,MASCOT,NSW,-33.92963,151.19462
1465,KENSINGTON,NSW,-33.91002,151.22327
1466,UNSW SYDNEY,NSW,-33.91735,151.23127
1470,DRUMMOYNE,NSW,-33.85105,151.15452
1475,MARRICKVILLE,NSW,-33.90867,151.15241
1476,MARRICKVILLE,NSW,-33.90867,151.15241
1480,KINGSGROVE,NSW,-33.93864,151.10064
1481,HURSTVILLE BC,NSW,-33.96460,151.10100
1484,KINGSGROVE DC,NSW,-33.93860,151.10100
1485,KOGARAH,NSW,-33.96440,151.13700
1490,MIRANDA,NSW,-34.02994,151.10555
1493,HURSTVILLE,NSW,-33.96456,151.10102
1495,CARINGBAH,NSW,-34.04520,151.12180
1499,SUTHERLAND,NSW,-34.02974,151.05928
1515,WEST CHATSWOOD,NSW,-33.79667,151.16217
1560,NORTHBRIDGE,NSW,-33.81320,151.21700
1565,MILSONS POINT,NSW,-33.84765,151.21201
1570,ARTARMON,NSW,-33.80933,151.18565
1585,CROWS NEST,NSW,-33.82613,151.20505
1590,ST LEONARDS,NSW,-33.82274,151.19422
1595,LANE COVE,NSW,-33.81481,151.16639
1597,LANE COVE,NSW,-33.81481,151.16639
1602,LANE COVE DC,NSW,-33.81480,151.16600
1630,HORNSBY,NSW,-33.70463,151.09871
1635,HORNSBY WESTFIELD,NSW,-33.70460,151.10100
1639,FRENCHS FOREST,NSW,-33.74900,151.23310
1640,FRENCHS FOREST,NSW,-33.74900,151.23310
1655,MANLY,NSW,-33.80602,151.29478
1658,MONA VALE,NSW,-33.67596,151.30653
1660,MONA VALE,NSW,-33.67596,151.30653
1670,NORTH RYDE,NSW,-33.79320,151.12000
1670,NORTH RYDE BC,NSW,-33.79320,151.12000
1675,GLADESVILLE,NSW,-33.83017,151.12676
1680,RYDE,NSW,-33.81575,151.10302
1685,WEST RYDE,NSW,-33.80677,151.08246
1700,ERMINGTON,NSW,-33.81433,151.05624
1710,EPPING,NSW,-33.77460,151.07880
1715,PENNANT HILLS,NSW,-33.73888,151.07238
1730,SEVEN HILLS,NSW,-33.77792,150.93195
1740,PARRAMATTA,NSW,-33.81356,151.00341
1741,PARRAMATTA,NSW,-33.81356,151.00341
1750,NORTH PARRAMATTA,NSW,-33.80028,151.00424
1755,BAULKHAM HILLS,NSW,-33.76191,150.99293
1765,CASTLE HILL,NSW,-33.73118,151.00420
1771,PENNANT HILLS,NSW,-33.73888,151.07238
1781,SEVEN HILLS MC,NSW,-33.77790,150.93200
1790,ST MARYS,NSW,-33.76998,150.77346
1800,ASHFIELD,NSW,-33.88890,151.12490
1805,BURWOOD,NSW,-33.87739,151.10366
1811,SILVERWATER,NSW,-33.83399,151.04830
1819,STRATHFIELD,NSW,-33.87748,151.08236
1825,LIDCOMBE,NSW,-33.86520,151.04400
1830,GRANVILLE,NSW,-33.83531,151.00655
1831,GRANVILLE,NSW,-33.83531,151.00655
1835,AUBURN,NSW,-33.86058,151.02475
1851,WETHERILL PARK,NSW,-33.84980,150.91100
1851,WETHERILL PARK DC,NSW,-33.84980,150.91100
1860,FAIRFIELD,NSW,-33.87059,150.95641
1871,LIVERPOOL,NSW,-33.92856,150.91796
1874,MOOREBANK,NSW,-33.93567,150.94134
1875,MOOREBANK,NSW,-33.93971,150.92499
1885,BANKSTOWN,NSW,-33.91817,151.03497
1888,BANKSTOWN,NSW,-33.91817,151.03497
1890,INGLEBURN,NSW,-34.00441,150.86302
1891,MILPERRA,NSW,-33.93709,150.98275
2000,BARANGAROO,NSW,-33.86380,151.20200
2000,DARLING HARBOUR,NSW,-33.87490,151.20100
2000,DAWES POINT,NSW,-33.85600,151.20700
2000,HAYMARKET,NSW,-33.88092,151.20294
2000,MILLERS POINT,NSW,-33.86085,151.20281
2000,PARLIAMENT HOUSE,NSW,-33.86594,151.21716
2000,SYDNEY,NSW,-33.87085,151.20733
2000,SYDNEY SOUTH,NSW,-33.87085,151.20733
2000,THE ROCKS,NSW,-33.85985,151.20901
2001,SYDNEY,NSW,-33.86882,151.20930
2002,WORLD SQUARE,NSW,-33.87712,151.20692
2004,ALEXANDRIA MC,NSW,-33.90800,151.19000
2004,EASTERN SUBURBS MC,NSW,-33.95080,151.21000
2006,THE UNIVERSITY OF SYDNEY,NSW,-33.88857,151.18735
2007,BROADWAY,NSW,-33.88426,151.19822
2007,ULTIMO,NSW,-33.88232,151.19713
2008,CHIPPENDALE,NSW,-33.88630,151.19990
2008,DARLINGTON,NSW,-33.89033,151.19661
2008,GOLDEN GROVE,NSW,-33.89330,151.18900
2009,DARLING ISLAND,NSW,-33.86490,151.19600
2009,PYRMONT,NSW,-33.86879,151.19422
2010,DARLINGHURST,NSW,-33.87802,151.22044
2010,SURRY HILLS,NSW,-33.88611,151.21111
2010,TAYLOR SQUARE,NSW,-33.88100,151.21700
2011,ELIZABETH BAY,NSW,-33.87143,151.22841
2011,HMAS KUTTABUL,NSW,-33.86463,151.22503
2011,KINGS CROSS,NSW,-33.87340,151.22400
2011,POTTS POINT,NSW,-33.86795,151.22411
2011,RUSHCUTTERS BAY,NSW,-33.87430,151.22846
2011,WOOLLOOMOOLOO,NSW,-33.87040,151.22230
2012,STRAWBERRY HILLS,NSW,-33.88827,151.20785
2013,STRAWBERRY HILLS,NSW,-33.88827,151.20785
2015,ALEXANDRIA,NSW,-33.90803,151.19026
2015,BEACONSFIELD,NSW,-33.91096,151.19995
2015,EVELEIGH,NSW,-33.89500,151.19100
2016,REDFERN,NSW,-33.89222,151.20587
2017,WATERLOO,NSW,-33.90026,151.20618
2017,WATERLOO DC,NSW,-33.90030,151.20600
2017,ZETLAND,NSW,-33.90800,151.21050
2018,EASTLAKES,NSW,-33.92199,151.20733
2018,ROSEBERY,NSW,-33.92219,151.20168
2019,BANKSMEADOW,NSW,-33.95731,151.20699
2019,BOTANY,NSW,-33.94693,151.19732
2020,MASCOT,NSW,-33.92963,151.19462
2020,SYDNEY DOMESTIC AIRPORT,NSW,-33.93288,151.17985
2020,SYDNEY INTERNATIONAL AIRPORT,NSW,-33.93992,151.17528
2021,CENTENNIAL PARK,NSW,-33.89430,151.23300
2021,MOORE PARK,NSW,-33.89526,151.22153
2021,PADDINGTON,NSW,-33.88502,151.22624
2022,BONDI JUNCTION,NSW,-33.89145,151.24970
2022,BONDI JUNCTION PLAZA,NSW,-33.89157,151.25050
2022,QUEENS PARK,NSW,-33.90100,151.24800
2023,BELLEVUE HILL,NSW,-33.88270,151.25396
2024,BRONTE,NSW,-33.90532,151.26069
2024,CHARING CROSS,NSW,-33.90030,151.25300
2024,WAVERLEY,NSW,-33.89969,151.25542
2025,WOOLLAHRA,NSW,-33.88650,151.24376
2026,BEN BUCKLER,NSW,-33.88980,151.28300
2026,BONDI,NSW,-33.89195,151.26099
2026,BONDI BEACH,NSW,-33.89102,151.27773
2026,NORTH BONDI,NSW,-33.88790,151.28080
2026,TAMARAMA,NSW,-33.89800,151.26800
2027,DARLING POINT,NSW,-33.87021,151.23746
2027,EDGECLIFF,NSW,-33.87999,151.23575
2027,HMAS RUSHCUTTERS,NSW,-33.87430,151.22846
2027,POINT PIPER,NSW,-33.87045,151.25097
2028,DOUBLE BAY,NSW,-33.87750,151.24120
2029,ROSE BAY,NSW,-33.87542,151.26562
2030,DIAMOND BAY,NSW,-33.86110,151.28000
2030,DOVER HEIGHTS,NSW,-33.87185,151.27837
2030,HMAS WATSON,NSW,-33.83732,151.28172
2030,ROSE BAY NORTH,NSW,-33.86430,151.27837
2030,VAUCLUSE,NSW,-33.85582,151.27120
2030,WATSONS BAY,NSW,-33.83982,151.28166
2031,CLOVELLY,NSW,-33.91210,151.26290
2031,CLOVELLY WEST,NSW,-33.91148,151.25483
2031,RANDWICK,NSW,-33.91315,151.24204
2031,RANDWICK DC,NSW,-33.91320,151.24200
2031,ST PAULS,NSW,-33.92039,151.24389
2032,DACEYVILLE,NSW,-33.92793,151.22349
2032,KINGSFORD,NSW,-33.92457,151.22765
2033,KENSINGTON,NSW,-33.90962,151.21899
2034,COOGEE,NSW,-33.91900,151.25550
2034,SOUTH COOGEE,NSW,-33.93300,151.25900
2035,MAROUBRA,NSW,-33.94950,151.24370
2035,MAROUBRA SOUTH,NSW,-33.94950,151.24370
2035,PAGEWOOD,NSW,-33.94064,151.21545
2036,CHIFLEY,NSW,-33.96900,151.24000
2036,EASTGARDENS,NSW,-33.94600,151.22500
2036,HILLSDALE,NSW,-33.95493,151.22875
2036,LA PEROUSE,NSW,-33.98880,151.23200
2036,LITTLE BAY,NSW,-33.98054,151.24301
2036,MALABAR,NSW,-33.96560,151.24870
2036,MATRAVILLE,NSW,-33.96130,151.23150
2036,PHILLIP BAY,NSW,-33.97813,151.23210
2036,PORT BOTANY,NSW,-33.97600,151.21800
2037,FOREST LODGE,NSW,-33.88396,151.18150
2037,GLEBE,NSW,-33.87978,151.18697
2038,ANNANDALE,NSW,-33.88241,151.17236
2039,ROZELLE,NSW,-33.86616,151.17382
2040,LEICHHARDT,NSW,-33.88372,151.15703
2040,LILYFIELD,NSW,-33.87434,151.16469
2041,BALMAIN,NSW,-33.85895,151.17906
2041,BALMAIN EAST,NSW,-33.85811,151.19017
2041,BIRCHGROVE,NSW,-33.85275,151.18024
2042,ENMORE,NSW,-33.90067,151.16768
2042,NEWTOWN,NSW,-33.89781,151.17850
2043,ERSKINEVILLE,NSW,-33.90236,151.18548
2044,ST PETERS,NSW,-33.91552,151.17462
2044,ST PETERS DC,NSW,-33.91950,151.17700
2044,SYDENHAM,NSW,-33.91581,151.16799
2044,TEMPE,NSW,-33.92505,151.16042
2045,HABERFIELD,NSW,-33.87861,151.13741
2046,ABBOTSFORD,NSW,-33.85215,151.12726
2046,CANADA BAY,NSW,-33.86710,151.11390
2046,CHISWICK,NSW,-33.85192,151.13605
2046,FIVE DOCK,NSW,-33.86925,151.12957
2046,RODD POINT,NSW,-33.86607,151.14366
2046,RUSSELL LEA,NSW,-33.85947,151.14244
2046,WAREEMBA,NSW,-33.85749,151.13231
2047,DRUMMOYNE,NSW,-33.85238,151.15488
2048,STANMORE,NSW,-33.89206,151.16508
2048,WESTGATE,NSW,-33.88120,151.17100
2049,LEWISHAM,NSW,-33.89490,151.14442
2049,PETERSHAM,NSW,-33.89622,151.15415
2049,PETERSHAM NORTH,NSW,-33.89622,151.15415
2050,CAMPERDOWN,NSW,-33.88991,151.17673
2050,MISSENDEN ROAD,NSW,-33.88966,151.18216
2052,UNSW SYDNEY,NSW,-33.91735,151.23127
2055,NORTH SYDNEY,NSW,-33.83965,151.20541
2057,CHATSWOOD,NSW,-33.79607,151.17805
2058,NORTHERN SUBURBS MC,NSW,-31.25320,146.92100
2059,NORTH SYDNEY,NSW,-33.83965,151.20541
2060,HMAS PLATYPUS,NSW,-33.84280,151.21700
2060,HMAS WATERHEN,NSW,-33.84173,151.19505
2060,LAVENDER BAY,NSW,-33.84357,151.20697
2060,MCMAHONS POINT,NSW,-33.84524,151.20433
2060,NORTH SYDNEY,NSW,-33.83965,151.20541
2060,NORTH SYDNEY SHOPPINGWORLD,NSW,-33.83775,151.20818
2060,WAVERTON,NSW,-33.84016,151.19543
2061,KIRRIBILLI,NSW,-33.84914,151.21753
2061,MILSONS POINT,NSW,-33.84765,151.21201
2062,CAMMERAY,NSW,-33.82281,151.21462
2063,NORTHBRIDGE,NSW,-33.81240,151.21899
2064,ARTARMON,NSW,-33.80863,151.18402
2065,CROWS NEST,NSW,-33.82613,151.20505
2065,CROWS NEST DC,NSW,-33.82610,151.20500
2065,GORE HILL,NSW,-33.82690,151.19600
2065,GREENWICH,NSW,-33.83302,151.18362
2065,NAREMBURN,NSW,-33.81773,151.20112
2065,ROYAL NORTH SHORE HOSPITAL,NSW,-33.82161,151.19154
2065,ST LEONARDS,NSW,-33.82274,151.19422
2065,WOLLSTONECRAFT,NSW,-33.83356,151.19128
2066,LANE COVE,NSW,-33.81481,151.16639
2066,LANE COVE NORTH,NSW,-33.80627,151.16649
2066,LANE COVE WEST,NSW,-33.81148,151.15274
2066,LINLEY POINT,NSW,-33.82742,151.14979
2066,LONGUEVILLE,NSW,-33.83309,151.16494
2066,NORTHWOOD,NSW,-33.82813,151.17619
2066,OSBORNE PARK,NSW,-33.81800,151.17700
2066,RIVERVIEW,NSW,-33.82466,151.16220
2067,CHATSWOOD,NSW,-33.79607,151.17805
2067,CHATSWOOD WEST,NSW,-33.79667,151.16217
2068,CASTLECRAG,NSW,-33.80137,151.22007
2068,MIDDLE COVE,NSW,-33.79380,151.20860
2068,NORTH WILLOUGHBY,NSW,-33.79500,151.20400
2068,WILLOUGHBY,NSW,-33.80711,151.19937
2068,WILLOUGHBY EAST,NSW,-33.79900,151.20600
2068,WILLOUGHBY NORTH,NSW,-33.79500,151.20400
2069,CASTLE COVE,NSW,-33.78464,151.20642
2069,ROSEVILLE,NSW,-33.78422,151.18943
2069,ROSEVILLE CHASE,NSW,-33.77559,151.20004
2070,EAST LINDFIELD,NSW,-33.77274,151.18726
2070,LINDFIELD,NSW,-33.77879,151.16934
2070,LINDFIELD WEST,NSW,-33.78162,151.14909
2071,EAST KILLARA,NSW,-33.75592,151.17973
2071,KILLARA,NSW,-33.76864,151.16347
2072,GORDON,NSW,-33.75515,151.15488
2073,PYMBLE,NSW,-33.74565,151.14318
2073,WEST PYMBLE,NSW,-33.76200,151.12807
2074,BOBBIN HEAD,NSW,-33.70000,151.14800
2074,NORTH TURRAMURRA,NSW,-33.70493,151.14902
2074,SOUTH TURRAMURRA,NSW,-33.75460,151.11300
2074,TURRAMURRA,NSW,-33.73350,151.12798
2074,WARRAWEE,NSW,-33.72894,151.12183
2075,NORTH ST IVES,NSW,-33.72140,151.16800
2075,ST IVES,NSW,-33.72136,151.16844
2075,ST IVES CHASE,NSW,-33.71100,151.15950
2076,NORMANHURST,NSW,-33.72453,151.09701
2076,NORTH WAHROONGA,NSW,-33.70100,151.12600
2076,WAHROONGA,NSW,-33.71863,151.11037
2077,ASQUITH,NSW,-33.68900,151.10500
2077,HORNSBY,NSW,-33.70463,151.09871
2077,HORNSBY HEIGHTS,NSW,-33.67220,151.09880
2077,WAITARA,NSW,-33.70835,151.10683
2079,MOUNT COLAH,NSW,-33.67091,151.12576
2080,MOUNT KURING-GAI,NSW,-33.65007,151.13449
2081,BEROWRA,NSW,-33.62797,151.14803
2081,COWAN,NSW,-33.58791,151.16854
2082,BEROWRA CREEK,NSW,-33.52930,151.13900
2082,BEROWRA HEIGHTS,NSW,-33.61334,151.13800
2082,BEROWRA WATERS,NSW,-33.60234,151.12066
2083,BAR POINT,NSW,-33.51258,151.16229
2083,BROOKLYN,NSW,-33.54836,151.21498
2083,CHEERO POINT,NSW,-33.51015,151.19203
2083,COGRA BAY,NSW,-33.52321,151.22846
2083,DANGAR ISLAND,NSW,-33.54142,151.23810
2083,MILSONS PASSAGE,NSW,-33.51700,151.17600
2083,MOONEY MOONEY,NSW,-33.52300,151.20100
2084,AKUNA BAY,NSW,-33.64400,151.23700
2084,COTTAGE POINT,NSW,-33.62091,151.20225
2084,DUFFYS FOREST,NSW,-33.67525,151.19789
2084,TERREY HILLS,NSW,-33.68300,151.22300
2085,BELROSE,NSW,-33.73000,151.22000
2085,BELROSE WEST,NSW,-33.73903,151.20980
2085,DAVIDSON,NSW,-33.73801,151.19297
2086,FRENCHS FOREST,NSW,-33.74731,151.22482
2086,FRENCHS FOREST EAST,NSW,-33.75077,151.24070
2087,FORESTVILLE,NSW,-33.76130,151.21130
2087,KILLARNEY HEIGHTS,NSW,-33.77420,151.21550
2088,MOSMAN,NSW,-33.83038,151.23939
2088,SPIT JUNCTION,NSW,-33.82447,151.24098
2089,KURRABA POINT,NSW,-33.84300,151.22300
2089,NEUTRAL BAY,NSW,-33.83394,151.21885
2089,NEUTRAL BAY JUNCTION,NSW,-33.83114,151.22270
2090,CREMORNE,NSW,-33.82653,151.22763
2090,CREMORNE JUNCTION,NSW,-33.82939,151.22984
2090,CREMORNE POINT,NSW,-33.84076,151.22789
2091,HMAS PENGUIN,NSW,-33.82790,151.26100
2092,SEAFORTH,NSW,-33.79272,151.24230
2093,BALGOWLAH,NSW,-33.79645,151.25854
2093,BALGOWLAH HEIGHTS,NSW,-33.80722,151.26417
2093,CLONTARF,NSW,-33.80834,151.25342
2093,MANLY VALE,NSW,-33.78300,151.26220
2093,NORTH BALGOWLAH,NSW,-33.78560,151.24959
2094,FAIRLIGHT,NSW,-33.79408,151.27291
2095,MANLY,NSW,-33.80602,151.29478
2095,MANLY EAST,NSW,-33.80602,151.29478
2096,CURL CURL,NSW,-33.77213,151.28992
2096,FRESHWATER,NSW,-33.77490,151.28800
2096,HARBORD,NSW,-33.77490,151.28783
2096,QUEENSCLIFF,NSW,-33.78250,151.28472
2097,COLLAROY,NSW,-33.73000,151.30000
2097,COLLAROY BEACH,NSW,-33.73150,151.30024
2097,COLLAROY PLATEAU,NSW,-33.72930,151.29000
2097,COLLAROY PLATEAU WEST,NSW,-33.72933,151.29040
2097,LONG REEF,NSW,-33.74200,151.31700
2097,WHEELER HEIGHTS,NSW,-33.73150,151.28016
2099,CROMER,NSW,-33.74142,151.28227
2099,CROMER HEIGHTS,NSW,-33.74140,151.28200
2099,DEE WHY,NSW,-33.75440,151.28540
2099,DEE WHY BEACH,NSW,-33.75320,151.29600
2099,NARRAWEENA,NSW,-33.74861,151.26778
2099,NORTH CURL CURL,NSW,-33.76450,151.29730
2099,WINGALA,NSW,-33.75860,151.29000
2100,ALLAMBIE,NSW,-33.76240,151.25000
2100,ALLAMBIE HEIGHTS,NSW,-33.76240,151.25000
2100,BEACON HILL,NSW,-33.75220,151.25600
2100,BROOKVALE,NSW,-33.76530,151.27041
2100,NORTH MANLY,NSW,-33.77540,151.26890
2100,OXFORD FALLS,NSW,-33.73520,151.24690
2100,WARRINGAH MALL,NSW,-33.76721,151.26537
2101,ELANORA HEIGHTS,NSW,-33.70102,151.27890
2101,INGLESIDE,NSW,-33.68230,151.26315
2101,NARRABEEN,NSW,-33.72310,151.29520
2101,NARRABEEN PENINSULA,NSW,-33.71040,151.30100
2101,NORTH NARRABEEN,NSW,-33.70650,151.28840
2102,WARRIEWOOD,NSW,-33.68814,151.29478
2102,WARRIEWOOD DC,NSW,-33.69400,151.30100
2102,WARRIEWOOD SHOPPING SQUARE,NSW,-33.69570,151.29600
2103,MONA VALE,NSW,-33.67570,151.30644
2104,BAYVIEW,NSW,-33.66102,151.28895
2105,CHURCH POINT,NSW,-33.65440,151.27910
2105,ELVINA BAY,NSW,-33.63952,151.27783
2105,LOVETT BAY,NSW,-33.62969,151.28166
2105,MCCARRS CREEK,NSW,-33.64300,151.27700
2105,MORNING BAY,NSW,-33.62700,151.28700
2105,SCOTLAND ISLAND,NSW,-33.63959,151.29040
2106,NEWPORT,NSW,-33.65666,151.31227
2106,NEWPORT BEACH,NSW,-33.65331,151.32348
2107,AVALON,NSW,-33.63030,151.33000
2107,AVALON BEACH,NSW,-33.63028,151.32977
2107,BILGOLA,NSW,-33.64449,151.32758
2107,BILGOLA BEACH,NSW,-33.64450,151.32800
2107,BILGOLA PLATEAU,NSW,-33.64290,151.31400
2107,CAREEL BAY,NSW,-33.62077,151.32193
2107,CLAREVILLE,NSW,-33.63622,151.31009
2107,PARADISE BEACH,NSW,-33.62439,151.31681
2107,TAYLORS POINT,NSW,-33.63599,151.30602
2107,WHALE BEACH,NSW,-33.61314,151.33050
2108,COASTERS RETREAT,NSW,-33.60500,151.29900
2108,CURRAWONG BEACH,NSW,-33.59520,151.29799
2108,GREAT MACKEREL BEACH,NSW,-33.59167,151.30083
2108,MORNING BAY,NSW,-33.62700,151.28700
2108,PALM BEACH,NSW,-33.60111,151.32167
2108,THE BASIN,NSW,-33.60499,151.28668
2109,MACQUARIE UNIVERSITY,NSW,-33.77382,151.11265
2110,HUNTERS HILL,NSW,-33.83370,151.14366
2110,HUNTERS HILL WEST,NSW,-33.83370,151.14400
2110,WOOLWICH,NSW,-33.84170,151.16968
2111,BORONIA PARK,NSW,-33.82571,151.13980
2111,GLADESVILLE,NSW,-33.83017,151.12676
2111,HENLEY,NSW,-33.84252,151.13475
2111,HUNTLEYS COVE,NSW,-33.83852,151.13814
2111,HUNTLEYS POINT,NSW,-33.83900,151.14700
2111,MONASH PARK,NSW,-33.82328,151.12702
2111,TENNYSON POINT,NSW,-33.83243,151.11694
2112,DENISTONE EAST,NSW,-33.79885,151.09948
2112,PUTNEY,NSW,-33.82700,151.10600
2112,RYDE,NSW,-33.81575,151.10302
2113,BLENHEIM ROAD,NSW,-33.79876,151.13370
2113,EAST RYDE,NSW,-33.81000,151.13500
2113,MACQUARIE CENTRE,NSW,-33.77637,151.12005
2113,MACQUARIE PARK,NSW,-33.79346,151.13449
2113,NORTH RYDE,NSW,-33.79318,151.11979
2114,DENISTONE,NSW,-33.80085,151.08648
2114,DENISTONE WEST,NSW,-33.80072,151.07771
2114,MEADOWBANK,NSW,-33.81692,151.08333
2114,MELROSE PARK,NSW,-33.81458,151.07188
2114,WEST RYDE,NSW,-33.80677,151.08246
2115,ERMINGTON,NSW,-33.81325,151.06169
2116,RYDALMERE,NSW,-33.81241,151.03840
2117,DUNDAS,NSW,-33.80404,151.03510
2117,DUNDAS VALLEY,NSW,-33.79312,151.05999
2117,OATLANDS,NSW,-33.79634,151.02632
2117,TELOPEA,NSW,-33.79417,151.03802
2118,CARLINGFORD,NSW,-33.77991,151.04131
2118,CARLINGFORD COURT,NSW,-33.77697,151.05212
2118,CARLINGFORD NORTH,NSW,-33.76483,151.05843
2118,KINGSDENE,NSW,-33.78425,151.02873
2119,BEECROFT,NSW,-33.75111,151.06517
2119,CHELTENHAM,NSW,-33.75537,151.07807
2120,PENNANT HILLS,NSW,-33.73888,151.07238
2120,THORNLEIGH,NSW,-33.72618,151.08415
2120,WESTLEIGH,NSW,-33.72299,151.07064
2121,EPPING,NSW,-33.77460,151.07880
2121,NORTH EPPING,NSW,-33.76230,151.10100
2122,EASTWOOD,NSW,-33.79036,151.08173
2122,MARSFIELD,NSW,-33.78009,151.10291
2123,PARRAMATTA,NSW,-33.81356,151.00341
2124,PARRAMATTA,NSW,-33.81356,151.00341
2125,WEST PENNANT HILLS,NSW,-33.74624,151.02967
2126,CHERRYBROOK,NSW,-33.72875,151.04131
2127,HOMEBUSH BAY,NSW,-33.83215,151.08062
2127,NEWINGTON,NSW,-33.83900,151.05500
2127,SYDNEY OLYMPIC PARK,NSW,-33.84650,151.07200
2127,WENTWORTH POINT,NSW,-33.82800,151.07700
2128,SILVERWATER,NSW,-33.83435,151.04422
2129,SYDNEY MARKETS,NSW,-33.86314,151.07536
2130,SUMMER HILL,NSW,-33.89230,151.13595
2131,ASHFIELD,NSW,-33.89049,151.12549
2132,CROYDON,NSW,-33.88289,151.11411
2133,CROYDON PARK,NSW,-33.89673,151.10828
2133,ENFIELD SOUTH,NSW,-33.89059,151.09246
2134,BURWOOD,NSW,-33.87991,151.10246
2134,BURWOOD NORTH,NSW,-33.87991,151.10246
2135,STRATHFIELD,NSW,-33.88088,151.07625
2136,BURWOOD HEIGHTS,NSW,-33.89020,151.10520
2136,ENFIELD,NSW,-33.89059,151.09246
2136,STRATHFIELD SOUTH,NSW,-33.89431,151.08301
2137,BREAKFAST POINT,NSW,-33.84400,151.11290
2137,CABARITA,NSW,-33.84802,151.11485
2137,CONCORD,NSW,-33.85502,151.10781
2137,MORTLAKE,NSW,-33.84058,151.10610
2137,NORTH STRATHFIELD,NSW,-33.86040,151.08856
2138,CONCORD WEST,NSW,-33.84626,151.09081
2138,CONCORD WEST DC,NSW,-33.83970,151.08800
2138,LIBERTY GROVE,NSW,-33.84167,151.08361
2138,RHODES,NSW,-33.82821,151.08569
2139,CONCORD REPATRIATION HOSPITAL,NSW,-33.83747,151.09257
2140,HOMEBUSH,NSW,-33.85862,151.07916
2140,HOMEBUSH SOUTH,NSW,-33.85862,151.07916
2140,HOMEBUSH WEST,NSW,-33.85862,151.07916
2141,BERALA,NSW,-33.87487,151.03073
2141,LIDCOMBE,NSW,-33.87194,151.04131
2141,LIDCOMBE NORTH,NSW,-33.87194,151.04131
2141,ROOKWOOD,NSW,-33.87276,151.05562
2142,BLAXCELL,NSW,-33.85042,151.00863
2142,CAMELLIA,NSW,-33.81941,151.03331
2142,CLYDE,NSW,-33.83260,151.02239
2142,GRANVILLE,NSW,-33.83531,151.00655
2142,HOLROYD,NSW,-33.83100,150.99700
2142,ROSEHILL,NSW,-33.82397,151.02120
2142,SOUTH GRANVILLE,NSW,-33.85772,151.01075
2143,BIRRONG,NSW,-33.89300,151.02300
2143,POTTS HILL,NSW,-33.89000,151.03000
2143,REGENTS PARK,NSW,-33.88572,151.02833
2143,REGENTS PARK DC,NSW,-33.88570,151.02800
2144,AUBURN,NSW,-33.84852,151.02967
2144,AUBURN SOUTH,NSW,-33.84850,151.03000
2145,CONSTITUTION HILL,NSW,-33.79450,150.97600
2145,GIRRAWEEN,NSW,-33.80128,150.94305
2145,GREYSTANES,NSW,-33.82971,150.94889
2145,MAYS HILL,NSW,-33.82064,150.98820
2145,PEMULWUY,NSW,-33.81700,150.92600
2145,PENDLE HILL,NSW,-33.80739,150.95518
2145,SOUTH WENTWORTHVILLE,NSW,-33.81782,150.96929
2145,WENTWORTHVILLE,NSW,-33.80591,150.97019
2145,WESTMEAD,NSW,-33.80857,150.98696
2146,OLD TOONGABBIE,NSW,-33.78700,150.96600
2146,TOONGABBIE,NSW,-33.78413,150.95429
2146,TOONGABBIE EAST,NSW,-33.78413,150.95429
2147,KINGS LANGLEY,NSW,-33.74998,150.93450
2147,LALOR PARK,NSW,-33.76660,150.92770
2147,SEVEN HILLS,NSW,-33.77792,150.93195
2147,SEVEN HILLS WEST,NSW,-33.76620,150.92172
2148,ARNDELL PARK,NSW,-33.79000,150.87600
2148,BLACKTOWN,NSW,-33.76681,150.90530
2148,BLACKTOWN WESTPOINT,NSW,-33.77029,150.90593
2148,HUNTINGWOOD,NSW,-33.79900,150.88500
2148,KINGS PARK,NSW,-33.74572,150.90474
2148,MARAYONG,NSW,-33.74953,150.89292
2148,PROSPECT,NSW,-33.79812,150.91765
2150,HARRIS PARK,NSW,-33.82195,151.01075
2150,PARRAMATTA,NSW,-33.81356,151.00341
2150,PARRAMATTA WESTFIELD,NSW,-33.81738,151.00166
2151,NORTH PARRAMATTA,NSW,-33.80028,151.00424
2151,NORTH ROCKS,NSW,-33.77505,151.02383
2152,NORTHMEAD,NSW,-33.78974,150.99211
2153,BAULKHAM HILLS,NSW,-33.76191,150.99293
2153,BELLA VISTA,NSW,-33.73856,150.95027
2153,CRESTWOOD,NSW,-33.74250,150.96800
2153,NORWEST,NSW,-33.76191,150.99293
2153,WINSTON HILLS,NSW,-33.77735,150.97453
2154,CASTLE HILL,NSW,-33.72707,150.99474
2155,BEAUMONT HILLS,NSW,-33.70000,150.94100
2155,KELLYVILLE,NSW,-33.71115,150.95507
2155,KELLYVILLE RIDGE,NSW,-33.70300,150.91900
2155,NORTH KELLYVILLE,NSW,-33.68520,150.95300
2155,ROUSE HILL,NSW,-33.68162,150.91552
2156,ANNANGROVE,NSW,-33.65255,150.94096
2156,GLENHAVEN,NSW,-33.70547,151.00334
2156,KENTHURST,NSW,-33.66930,151.00158
2157,CANOELANDS,NSW,-33.50824,151.06178
2157,FOREST GLEN,NSW,-33.55054,151.01974
2157,GLENORIE,NSW,-33.60224,151.00247
2157,HILLSIDE,NSW,-33.60100,150.97600
2158,DURAL,NSW,-33.68200,151.02900
2158,DURAL DC,NSW,-33.68220,151.02800
2158,MIDDLE DURAL,NSW,-33.64088,151.01803
2158,ROUND CORNER,NSW,-33.69183,151.01975
2159,ARCADIA,NSW,-33.62429,151.04455
2159,BERRILEE,NSW,-33.61547,151.09811
2159,FIDDLETOWN,NSW,-33.60259,151.04984
2159,GALSTON,NSW,-33.65000,151.04300
2160,MERRYLANDS,NSW,-33.83580,150.98652
2160,MERRYLANDS WEST,NSW,-33.83742,150.96168
2161,GUILDFORD,NSW,-33.85573,150.99506
2161,GUILDFORD WEST,NSW,-33.85066,150.96308
2161,OLD GUILDFORD,NSW,-33.86577,150.98346
2161,YENNORA,NSW,-33.86270,150.96600
2162,CHESTER HILL,NSW,-33.87838,151.00443
2162,SEFTON,NSW,-33.88836,151.00713
2163,CARRAMAR,NSW,-33.88605,150.96442
2163,LANSDOWNE,NSW,-33.89499,150.97418
2163,VILLAWOOD,NSW,-33.88150,150.98212
2164,SMITHFIELD,NSW,-33.85357,150.94069
2164,SMITHFIELD WEST,NSW,-33.85759,150.91778
2164,WETHERILL PARK,NSW,-33.84975,150.91101
2164,WETHERILL PARK BC,NSW,-33.84700,150.90300
2164,WOODPARK,NSW,-33.84183,150.96258
2165,FAIRFIELD,NSW,-33.87059,150.95641
2165,FAIRFIELD EAST,NSW,-33.87177,150.97346
2165,FAIRFIELD HEIGHTS,NSW,-33.86848,150.94239
2165,FAIRFIELD WEST,NSW,-33.87112,150.92322
2166,CABRAMATTA,NSW,-33.89547,150.93841
2166,CABRAMATTA WEST,NSW,-33.89470,150.91500
2166,CANLEY HEIGHTS,NSW,-33.88502,150.92760
2166,CANLEY VALE,NSW,-33.88642,150.94600
2166,LANSVALE,NSW,-33.90691,150.96855
2167,GLENFIELD,NSW,-33.96909,150.89292
2168,ASHCROFT,NSW,-33.91447,150.89874
2168,BUSBY,NSW,-33.91413,150.88247
2168,CARTWRIGHT,NSW,-33.92408,150.89147
2168,GREEN VALLEY,NSW,-33.90596,150.86681
2168,HECKENBERG,NSW,-33.91068,150.88887
2168,HINCHINBROOK,NSW,-33.91654,150.86393
2168,MILLER,NSW,-33.92680,150.87200
2168,SADLEIR,NSW,-33.91642,150.89147
2170,CASULA,NSW,-33.95039,150.90449
2170,CASULA MALL,NSW,-33.94807,150.89967
2170,CHIPPING NORTON,NSW,-33.91100,150.95900
2170,HAMMONDVILLE,NSW,-33.95226,150.96017
2170,LIVERPOOL,NSW,-33.92856,150.91796
2170,LIVERPOOL SOUTH,NSW,-33.92856,150.91796
2170,LIVERPOOL WESTFIELD,NSW,-33.91921,150.92378
2170,LURNEA,NSW,-33.93260,150.90083
2170,MOOREBANK,NSW,-33.93971,150.92499
2170,MOUNT PRITCHARD,NSW,-33.89800,150.90100
2170,PRESTONS,NSW,-33.94224,150.86740
2170,WARWICK FARM,NSW,-33.91134,150.93816
2171,CARNES HILL,NSW,-33.93830,150.84800
2171,CECIL HILLS,NSW,-33.88768,150.84906
2171,ELIZABETH HILLS,NSW,-33.90010,150.84800
2171,HORNINGSEA PARK,NSW,-33.94400,150.84400
2171,HOXTON PARK,NSW,-33.93382,150.85284
2171,LEN WATERS ESTATE,NSW,-33.91430,150.85400
2171,MIDDLETON GRANGE,NSW,-33.91500,150.84200
2171,WEST HOXTON,NSW,-33.93569,150.83080
2172,PLEASURE POINT,NSW,-33.96776,150.97800
2172,SANDY POINT,NSW,-33.97600,150.99260
2172,VOYAGER POINT,NSW,-33.95900,150.97900
2173,HOLSWORTHY,NSW,-33.95654,150.94988
2173,WATTLE GROVE,NSW,-33.94922,150.94241
2174,EDMONDSON PARK,NSW,-33.96520,150.85800
2174,INGLEBURN MILPO,NSW,-33.99840,150.86600
2175,HORSLEY PARK,NSW,-33.84813,150.84931
2176,ABBOTSBURY,NSW,-33.87500,150.86200
2176,BOSSLEY PARK,NSW,-33.86341,150.88364
2176,EDENSOR PARK,NSW,-33.88095,150.87516
2176,GREENFIELD PARK,NSW,-33.87676,150.88819
2176,PRAIRIEWOOD,NSW,-33.86100,150.90480
2176,ST JOHNS PARK,NSW,-33.88470,150.90700
2176,WAKELEY,NSW,-33.87620,150.91230
2177,BONNYRIGG,NSW,-33.89812,150.89006
2177,BONNYRIGG HEIGHTS,NSW,-33.89112,150.87206
2177,WENTWORTH PORT,NSW,-33.82800,151.07700
2178,CECIL PARK,NSW,-33.87297,150.83823
2178,KEMPS CREEK,NSW,-33.87464,150.79868
2178,MOUNT VERNON,NSW,-33.85700,150.81000
2179,AUSTRAL,NSW,-33.93109,150.79361
2179,LEPPINGTON,NSW,-33.96500,150.80100
2190,CHULLORA,NSW,-33.89080,151.04750
2190,GREENACRE,NSW,-33.90776,151.06435
2190,MOUNT LEWIS,NSW,-33.91500,151.05100
2191,BELFIELD,NSW,-33.90611,151.08498
2192,BELMORE,NSW,-33.91782,151.09081
2193,ASHBURY,NSW,-33.89971,151.11993
2193,CANTERBURY,NSW,-33.91260,151.11800
2193,HURLSTONE PARK,NSW,-33.91058,151.12919
2194,CAMPSIE,NSW,-33.91058,151.10246
2195,LAKEMBA,NSW,-33.92004,151.07715
2195,LAKEMBA DC,NSW,-33.92000,151.07700
2195,WILEY PARK,NSW,-33.92287,151.06839
2196,PUNCHBOWL,NSW,-33.93246,151.04949
2196,ROSELANDS,NSW,-33.93691,151.07446
2197,BASS HILL,NSW,-33.89907,150.99765
2198,GEORGES HALL,NSW,-33.90629,150.98601
2199,YAGOONA,NSW,-33.90504,151.02094
2199,YAGOONA WEST,NSW,-33.90972,151.01005
2200,BANKSTOWN,NSW,-33.91817,151.03497
2200,BANKSTOWN AERODROME,NSW,-33.92005,151.02967
2200,BANKSTOWN AIRPORT,NSW,-33.92460,150.99800
2200,BANKSTOWN NORTH,NSW,-33.90471,151.03803
2200,BANKSTOWN SQUARE,NSW,-33.91817,151.03497
2200,CONDELL PARK,NSW,-33.92498,151.00769
2200,MANAHAN,NSW,-33.92026,151.00518
2200,MOUNT LEWIS,NSW,-33.91500,151.05100
2203,DULWICH HILL,NSW,-33.90417,151.13741
2204,MARRICKVILLE,NSW,-33.90863,151.15488
2204,MARRICKVILLE METRO,NSW,-33.90687,151.17144
2204,MARRICKVILLE SOUTH,NSW,-33.90880,151.14793
2205,ARNCLIFFE,NSW,-33.93915,151.14781
2205,TURRELLA,NSW,-33.93297,151.14079
2205,WOLLI CREEK,NSW,-33.92998,151.15343
2206,CLEMTON PARK,NSW,-33.92583,151.10464
2206,EARLWOOD,NSW,-33.92244,151.12866
2206,UNDERCLIFFE,NSW,-33.92370,151.14100
2207,BARDWELL PARK,NSW,-33.93539,151.12541
2207,BARDWELL VALLEY,NSW,-33.93700,151.13300
2207,BEXLEY,NSW,-33.95253,151.12269
2207,BEXLEY NORTH,NSW,-33.94180,151.11140
2207,BEXLEY SOUTH,NSW,-33.95253,151.12269
2208,KINGSGROVE,NSW,-33.93794,151.09954
2208,KINGSGROVE DC,NSW,-33.93794,151.09954
2208,KINGSWAY WEST,NSW,-33.95110,151.09200
2209,BEVERLY HILLS,NSW,-33.94885,151.08039
2209,NARWEE,NSW,-33.94733,151.07073
2210,LUGARNO,NSW,-33.98469,151.04352
2210,PEAKHURST,NSW,-33.96540,151.05020
2210,PEAKHURST DC,NSW,-33.96540,151.05000
2210,PEAKHURST HEIGHTS,NSW,-33.98167,151.05111
2210,RIVERWOOD,NSW,-33.95086,151.05238
2211,PADSTOW,NSW,-33.95045,151.03090
2211,PADSTOW HEIGHTS,NSW,-33.97300,151.03500
2212,REVESBY,NSW,-33.94525,151.01803
2212,REVESBY HEIGHTS,NSW,-33.96806,151.01773
2212,REVESBY NORTH,NSW,-33.94525,151.01803
2213,EAST HILLS,NSW,-33.96396,150.98974
2213,PANANIA,NSW,-33.95793,151.00200
2213,PICNIC POINT,NSW,-33.96929,151.00624
2214,MILPERRA,NSW,-33.94054,150.98019
2216,BANKSIA,NSW,-33.94776,151.14806
2216,BRIGHTON LE SANDS,NSW,-33.95910,151.15200
2216,BRIGHTON-LE-SANDS,NSW,-33.95909,151.15206
2216,KYEEMAGH,NSW,-33.94829,151.15711
2216,ROCKDALE,NSW,-33.95291,151.13756
2216,ROCKDALE DC,NSW,-33.95290,151.13800
2217,BEVERLEY PARK,NSW,-33.97897,151.12850
2217,KOGARAH,NSW,-33.96435,151.13726
2217,KOGARAH BAY,NSW,-33.98338,151.12166
2217,MONTEREY,NSW,-33.97380,151.14790
2217,RAMSGATE,NSW,-33.98194,151.14007
2217,RAMSGATE BEACH,NSW,-33.98200,151.14800
2218,ALLAWAH,NSW,-33.97490,151.11670
2218,CARLTON,NSW,-33.96853,151.12461
2219,DOLLS POINT,NSW,-33.99386,151.14301
2219,SANDRINGHAM,NSW,-33.99861,151.13959
2219,SANS SOUCI,NSW,-33.98898,151.13930
2220,HURSTVILLE,NSW,-33.96456,151.10102
2220,HURSTVILLE GROVE,NSW,-33.97972,151.09298
2220,HURSTVILLE WESTFIELD,NSW,-33.96619,151.10517
2221,BLAKEHURST,NSW,-33.98977,151.10802
2221,CARSS PARK,NSW,-33.98718,151.11889
2221,CONNELLS POINT,NSW,-33.98246,151.10016
2221,KYLE BAY,NSW,-33.99111,151.10027
2221,SOUTH HURSTVILLE,NSW,-33.98000,151.10350
2222,PENSHURST,NSW,-33.96230,151.08498
2223,MORTDALE,NSW,-33.96932,151.06969
2223,OATLEY,NSW,-33.98118,151.07479
2224,KANGAROO POINT,NSW,-34.00200,151.09600
2224,SYLVANIA,NSW,-34.00800,151.10569
2224,SYLVANIA SOUTHGATE,NSW,-34.01034,151.10418
2224,SYLVANIA WATERS,NSW,-34.02318,151.11156
2225,CARAVAN HEAD,NSW,-33.99745,151.08856
2225,OYSTER BAY,NSW,-34.00166,151.07916
2226,BONNET BAY,NSW,-34.01025,151.05238
2226,COMO,NSW,-34.00450,151.06379
2226,JANNALI,NSW,-34.01695,151.06522
2227,GYMEA,NSW,-34.03330,151.08556
2227,GYMEA BAY,NSW,-34.04960,151.08640
2228,MIRANDA,NSW,-34.02994,151.10555
2228,YOWIE BAY,NSW,-34.04977,151.10334
2229,CARINGBAH,NSW,-34.04520,151.12180
2229,CARINGBAH SOUTH,NSW,-34.05290,151.12000
2229,DOLANS BAY,NSW,-34.06259,151.12641
2229,LILLI PILLI,NSW,-34.06833,151.11583
2229,PORT HACKING,NSW,-34.06900,151.12270
2229,TAREN POINT,NSW,-34.01909,151.12028
2229,WARUMBUL,NSW,-34.04602,151.12284
2230,BUNDEENA,NSW,-34.08342,151.15155
2230,BURRANEER,NSW,-34.06996,151.13664
2230,CRONULLA,NSW,-34.05744,151.15219
2230,GREENHILLS BEACH,NSW,-34.03470,151.16500
2230,MAIANBAR,NSW,-34.07648,151.12721
2230,WOOLOOWARE,NSW,-34.04788,151.14113
2231,KURNELL,NSW,-34.01941,151.19859
2232,AUDLEY,NSW,-34.07310,151.05676
2232,BONNIE VALE,NSW,-34.07310,151.05676
2232,GARIE,NSW,-34.16924,151.06952
2232,GOARRA,NSW,-34.07310,151.05676
2232,GRAYS POINT,NSW,-34.05508,151.07492
2232,JIBBON,NSW,-34.07310,151.05676
2232,KAREELA,NSW,-34.01503,151.08046
2232,KIRRAWEE,NSW,-34.03573,151.07079
2232,KIRRAWEE DC,NSW,-34.03400,151.07100
2232,LOFTUS,NSW,-34.04650,151.04710
2232,MARLEY,NSW,-34.07310,151.05676
2232,PALONA,NSW,-34.07310,151.05676
2232,SUTHERLAND,NSW,-34.02974,151.05928
2232,ULOOLA,NSW,-34.07310,151.05676
2232,WARUMBUL,NSW,-34.07310,151.05676
2232,WATTAMOLLA,NSW,-34.07310,151.05676
2232,WORONORA,NSW,-34.02772,151.04152
2232,YENABILLI,NSW,-34.07310,151.05676
2233,ENGADINE,NSW,-34.06572,151.01266
2233,HEATHCOTE,NSW,-34.08506,151.00808
2233,WATERFALL,NSW,-34.14241,150.99183
2233,WORONORA HEIGHTS,NSW,-34.03043,151.03055
2233,YARRAWARRAH,NSW,-34.05520,151.03210
2234,ALFORDS POINT,NSW,-33.98480,151.02142
2234,BANGOR,NSW,-34.01908,151.02735
2234,BARDEN RIDGE,NSW,-34.03200,151.01000
2234,ILLAWONG,NSW,-34.00057,151.03587
2234,LUCAS HEIGHTS,NSW,-34.04900,150.97500
2234,MENAI,NSW,-34.01180,151.00890
2234,MENAI CENTRAL,NSW,-34.01696,151.01160
2250,BUCKETTY,NSW,-33.10667,151.13444
2250,CALGA,NSW,-33.43200,151.21800
2250,CENTRAL MANGROVE,NSW,-33.29900,151.23500
2250,DONOVANS FOREST,NSW,-33.35020,151.18700
2250,EAST GOSFORD,NSW,-33.43200,151.35100
2250,ERINA,NSW,-33.44000,151.39300
2250,ERINA FAIR,NSW,-33.43734,151.39254
2250,GLENWORTH VALLEY,NSW,-33.40070,151.20279
2250,GOSFORD,NSW,-33.42667,151.34167
2250,GOSFORD WEST,NSW,-33.41500,151.31800
2250,GREENGROVE,NSW,-33.37884,151.15780
2250,HOLGATE,NSW,-33.40700,151.41000
2250,KARIONG,NSW,-33.44070,151.28832
2250,KULNURA,NSW,-33.23200,151.21800
2250,LISAROW,NSW,-33.38200,151.37600
2250,LOWER MANGROVE,NSW,-33.41500,151.16000
2250,MANGROVE CREEK,NSW,-33.35754,151.14520
2250,MANGROVE MOUNTAIN,NSW,-33.29900,151.19300
2250,MATCHAM,NSW,-33.41500,151.42600
2250,MOONEY MOONEY CREEK,NSW,-33.43790,151.24647
2250,MOUNT ELLIOT,NSW,-33.40100,151.38800
2250,MOUNT WHITE,NSW,-33.45667,151.19278
2250,NARARA,NSW,-33.39209,151.33269
2250,NIAGARA PARK,NSW,-33.38200,151.35100
2250,NORTH GOSFORD,NSW,-33.41500,151.35100
2250,PEATS RIDGE,NSW,-33.33200,151.23500
2250,POINT CLARE,NSW,-33.44000,151.32600
2250,POINT FREDERICK,NSW,-33.44406,151.33998
2250,SOMERSBY,NSW,-33.35690,151.29043
2250,SPRINGFIELD,NSW,-33.42400,151.36800
2250,TASCOTT,NSW,-33.45400,151.31400
2250,TEN MILE HOLLOW,NSW,-33.32402,151.08593
2250,UPPER MANGROVE,NSW,-33.31096,151.12885
2250,WENDOREE PARK,NSW,-33.45408,151.16071
2250,WEST GOSFORD,NSW,-33.41500,151.31800
2250,WYOMING,NSW,-33.40700,151.36000
2251,AVOCA BEACH,NSW,-33.46500,151.43500
2251,BENSVILLE,NSW,-33.49861,151.38472
2251,BOUDDI,NSW,-33.51800,151.40000
2251,COPACABANA,NSW,-33.49000,151.43500
2251,DAVISTOWN,NSW,-33.48200,151.36000
2251,GREEN POINT,NSW,-33.46500,151.36000
2251,KINCUMBER,NSW,-33.46500,151.39300
2251,KINCUMBER SOUTH,NSW,-33.48200,151.36800
2251,MACMASTERS BEACH,NSW,-33.49672,151.41145
2251,PICKETTS VALLEY,NSW,-33.45700,151.41000
2251,SARATOGA,NSW,-33.47500,151.34800
2251,YATTALUNGA,NSW,-33.46866,151.36623
2252,CENTRAL COAST MC,NSW,-33.32080,151.23400
2256,BLACKWALL,NSW,-33.50300,151.32600
2256,HORSFIELD BAY,NSW,-33.49200,151.30400
2256,KOOLEWONG,NSW,-33.46600,151.31800
2256,LITTLE WOBBY,NSW,-33.54504,151.25046
2256,PATONGA,NSW,-33.54938,151.27057
2256,PEARL BEACH,NSW,-33.54200,151.30800
2256,PHEGANS BAY,NSW,-33.48800,151.31000
2256,WONDABYNE,NSW,-33.50158,151.23888
2256,WOY WOY,NSW,-33.49000,151.32000
2256,WOY WOY BAY,NSW,-33.48400,151.31400
2257,BOOKER BAY,NSW,-33.50800,151.34600
2257,BOX HEAD,NSW,-33.53184,151.35469
2257,DALEYS POINT,NSW,-33.50300,151.34700
2257,EMPIRE BAY,NSW,-33.49000,151.36000
2257,ETTALONG BEACH,NSW,-33.51500,151.33500
2257,HARDYS BAY,NSW,-33.52740,151.35456
2257,KILLCARE,NSW,-33.51951,151.35894
2257,KILLCARE HEIGHTS,NSW,-33.52391,151.37644
2257,PRETTY BEACH,NSW,-33.52800,151.34700
2257,ST HUBERTS ISLAND,NSW,-33.49900,151.35100
2257,UMINA BEACH,NSW,-33.52875,151.30750
2257,WAGSTAFFE,NSW,-33.52400,151.34300
2258,FOUNTAINDALE,NSW,-33.34000,151.39300
2258,KANGY ANGY,NSW,-33.32400,151.38500
2258,OURIMBAH,NSW,-33.35612,151.36943
2258,PALM GROVE,NSW,-33.32400,151.31000
2258,PALMDALE,NSW,-33.33200,151.36800
2259,ALISON,NSW,-33.26500,151.39800
2259,BUSHELLS RIDGE,NSW,-33.19900,151.46800
2259,CEDAR BRUSH CREEK,NSW,-33.16931,151.24522
2259,CHAIN VALLEY BAY,NSW,-33.16900,151.57500
2259,CRANGAN BAY,NSW,-33.17400,151.59300
2259,DOORALONG,NSW,-33.18200,151.35100
2259,DURREN DURREN,NSW,-33.18200,151.38500
2259,FRAZER PARK,NSW,-33.18418,151.61772
2259,FREEMANS,NSW,-33.20181,151.59245
2259,GWANDALAN,NSW,-33.13200,151.58500
2259,HALLORAN,NSW,-33.23000,151.43900
2259,HAMLYN TERRACE,NSW,-33.25500,151.47300
2259,JILLIBY,NSW,-33.24900,151.38500
2259,KANWAL,NSW,-33.26500,151.48500
2259,KIAR,NSW,-33.20700,151.44300
2259,KINGFISHER SHORES,NSW,-33.16820,151.55600
2259,LAKE MUNMORAH,NSW,-33.19230,151.57493
2259,LEMON TREE,NSW,-33.14800,151.36800
2259,LITTLE JILLIBY,NSW,-33.24000,151.36000
2259,MANNERING PARK,NSW,-33.14800,151.53500
2259,MARDI,NSW,-33.29000,151.41000
2259,MOONEE,NSW,-33.17400,151.62600
2259,POINT WOLSTONCROFT,NSW,-33.12506,151.58319
2259,RAVENSDALE,NSW,-33.16990,151.30159
2259,ROCKY POINT,NSW,-33.29336,151.47054
2259,SOUTH TACOMA,NSW,-33.29600,151.45300
2259,SUMMERLAND POINT,NSW,-33.13200,151.56800
2259,TACOMA,NSW,-33.29900,151.46800
2259,TACOMA SOUTH,NSW,-33.29600,151.45300
2259,TUGGERAH,NSW,-33.29900,151.43500
2259,TUGGERAWONG,NSW,-33.28388,151.47127
2259,WADALBA,NSW,-33.27300,151.46800
2259,WALLARAH,NSW,-33.22300,151.46500
2259,WARNERVALE,NSW,-33.24900,151.43100
2259,WATANOBBI,NSW,-33.26900,151.42600
2259,WOONGARRAH,NSW,-33.23200,151.46800
2259,WYBUNG,NSW,-33.19250,151.60472
2259,WYEE,NSW,-33.18200,151.48500
2259,WYEE POINT,NSW,-33.14000,151.52600
2259,WYONG,NSW,-33.28200,151.41800
2259,WYONG CREEK,NSW,-33.26301,151.34144
2259,WYONGAH,NSW,-33.27300,151.48500
2259,YARRAMALONG,NSW,-33.22300,151.28500
2260,ERINA HEIGHTS,NSW,-33.42563,151.40999
2260,FORRESTERS BEACH,NSW,-33.40700,151.47600
2260,NORTH AVOCA,NSW,-33.45700,151.43500
2260,TERRIGAL,NSW,-33.44801,151.44446
2260,WAMBERAL,NSW,-33.41800,151.44300
2261,BATEAU BAY,NSW,-33.38200,151.48500
2261,BAY VILLAGE,NSW,-33.37602,151.47389
2261,BERKELEY VALE,NSW,-33.34000,151.43500
2261,BLUE BAY,NSW,-33.35300,151.50100
2261,CHITTAWAY BAY,NSW,-33.32739,151.43917
2261,CHITTAWAY POINT,NSW,-33.32112,151.44501
2261,GLENNING VALLEY,NSW,-33.34800,151.41800
2261,KILLARNEY VALE,NSW,-33.36500,151.46000
2261,LONG JETTY,NSW,-33.35700,151.48500
2261,MAGENTA,NSW,-33.29900,151.54300
2261,SHELLY BEACH,NSW,-33.36996,151.48587
2261,THE ENTRANCE,NSW,-33.34722,151.49611
2261,THE ENTRANCE NORTH,NSW,-33.33127,151.50630
2261,TOOWOON BAY,NSW,-33.36257,151.49755
2261,TUMBI UMBI,NSW,-33.36500,151.44300
2262,BLUE HAVEN,NSW,-33.21102,151.50484
2262,BUDGEWOI,NSW,-33.23400,151.55700
2262,BUDGEWOI PENINSULA,NSW,-33.21778,151.58540
2262,BUFF POINT,NSW,-33.23200,151.53500
2262,COLONGRA,NSW,-33.20700,151.54300
2262,DOYALSON,NSW,-33.19900,151.51800
2262,DOYALSON NORTH,NSW,-33.18700,151.54300
2262,HALEKULANI,NSW,-33.21900,151.55100
2262,SAN REMO,NSW,-33.21538,151.52236
2263,CANTON BEACH,NSW,-33.27700,151.54718
2263,CHARMHAVEN,NSW,-33.22690,151.49609
2263,GOROKAN,NSW,-33.25374,151.51068
2263,LAKE HAVEN,NSW,-33.24000,151.50100
2263,NORAH HEAD,NSW,-33.28330,151.56670
2263,NORAVILLE,NSW,-33.26886,151.55594
2263,TOUKLEY,NSW,-33.26245,151.54572
2264,BALCOLYN,NSW,-33.09593,151.55594
2264,BONNELLS BAY,NSW,-33.11214,151.52236
2264,BRIGHTWATERS,NSW,-33.11277,151.54572
2264,DORA CREEK,NSW,-33.08200,151.50100
2264,ERARING,NSW,-33.06500,151.51800
2264,MANDALONG,NSW,-33.13200,151.42600
2264,MIRRABOOKA,NSW,-33.11401,151.55594
2264,MORISSET,NSW,-33.11500,151.50100
2264,MORISSET PARK,NSW,-33.12100,151.53500
2264,MYUNA BAY,NSW,-33.06200,151.54600
2264,SILVERWATER,NSW,-33.10440,151.55886
2264,SUNSHINE,NSW,-33.11290,151.56200
2264,WINDERMERE PARK,NSW,-33.11597,151.53258
2264,YARRAWONGA PARK,NSW,-33.10151,151.54718
2265,COORANBONG,NSW,-33.07400,151.45100
2265,MARTINSVILLE,NSW,-33.05700,151.41000
2267,WANGI WANGI,NSW,-33.06834,151.57493
2278,BARNSLEY,NSW,-32.93200,151.58500
2278,KILLINGWORTH,NSW,-32.93782,151.55558
2278,WAKEFIELD,NSW,-32.94900,151.55100
2280,BELMONT,NSW,-33.03700,151.66000
2280,BELMONT NORTH,NSW,-33.01500,151.66800
2280,BELMONT SOUTH,NSW,-33.05214,151.66111
2280,CROUDACE BAY,NSW,-33.00400,151.64300
2280,FLORAVILLE,NSW,-33.01148,151.66403
2280,JEWELLS,NSW,-33.00782,151.68595
2280,MARKS POINT,NSW,-33.06000,151.65100
2280,VALENTINE,NSW,-33.01500,151.63500
2281,BLACKSMITHS,NSW,-33.07400,151.65700
2281,CAMS WHARF,NSW,-33.12600,151.61500
2281,CATHERINE HILL BAY,NSW,-33.14800,151.61800
2281,CAVES BEACH,NSW,-33.10634,151.64504
2281,LITTLE PELICAN,NSW,-33.08100,151.64400
2281,MIDDLE CAMP,NSW,-33.13447,151.62648
2281,MURRAYS BEACH,NSW,-33.11607,151.62167
2281,NORDS WHARF,NSW,-33.13504,151.60629
2281,PELICAN,NSW,-33.07109,151.64358
2281,PINNY BEACH,NSW,-33.11896,151.63335
2281,SWANSEA,NSW,-33.08500,151.63500
2281,SWANSEA HEADS,NSW,-33.09300,151.66200
2282,ELEEBANA,NSW,-32.99600,151.63500
2282,LAKELANDS,NSW,-32.96100,151.65000
2282,WARNERS BAY,NSW,-32.98200,151.65100
2283,ARCADIA VALE,NSW,-33.06200,151.58700
2283,AWABA,NSW,-33.00988,151.54499
2283,BALMORAL,NSW,-33.04487,151.57931
2283,BLACKALLS PARK,NSW,-33.00100,151.58700
2283,BOLTON POINT,NSW,-33.00300,151.61500
2283,BUTTABA,NSW,-33.05100,151.58500
2283,CAREY BAY,NSW,-33.02634,151.60633
2283,COAL POINT,NSW,-33.03700,151.61000
2283,FASSIFERN,NSW,-32.98700,151.58500
2283,FENNELL BAY,NSW,-32.99400,151.59800
2283,FISHING POINT,NSW,-33.05700,151.59600
2283,KILABEN BAY,NSW,-33.02611,151.59278
2283,RATHMINES,NSW,-33.03877,151.58077
2283,RYHOPE,NSW,-32.98956,151.52820
2283,TORONTO,NSW,-33.01619,151.58258
2284,ARGENTON,NSW,-32.93556,151.62897
2284,BOOLAROO,NSW,-32.94684,151.62751
2284,BOORAGUL,NSW,-32.97451,151.60852
2284,MARMONG POINT,NSW,-32.98200,151.61800
2284,SPEERS POINT,NSW,-32.96333,151.62778
2284,TERALBA,NSW,-32.96500,151.60100
2284,WOODRISING,NSW,-32.98700,151.60700
2285,CAMERON PARK,NSW,-32.90500,151.60900
2285,CARDIFF,NSW,-32.93995,151.66257
2285,CARDIFF HEIGHTS,NSW,-32.93671,151.67572
2285,CARDIFF SOUTH,NSW,-32.95300,151.66200
2285,EDGEWORTH,NSW,-32.92470,151.62167
2285,GLENDALE,NSW,-32.92672,151.65088
2285,MACQUARIE HILLS,NSW,-32.95300,151.65000
2286,HOLMESVILLE,NSW,-32.91500,151.56800
2286,SEAHAMPTON,NSW,-32.88542,151.57785
2286,WEST WALLSEND,NSW,-32.90623,151.57566
2287,BIRMINGHAM GARDENS,NSW,-32.89369,151.69034
2287,ELERMORE VALE,NSW,-32.91500,151.66800
2287,FLETCHER,NSW,-32.86500,151.63500
2287,MARYLAND,NSW,-32.87780,151.66257
2287,MINMI,NSW,-32.88200,151.61800
2287,RANKIN PARK,NSW,-32.92520,151.68157
2287,SUMMER HILL,NSW,-33.89184,151.13794
2287,WALLSEND,NSW,-32.89800,151.66800
2287,WALLSEND DC,NSW,-32.90220,151.66700
2287,WALLSEND SOUTH,NSW,-32.92064,151.67549
2289,ADAMSTOWN,NSW,-32.93435,151.72584
2289,ADAMSTOWN HEIGHTS,NSW,-32.94771,151.71518
2289,GARDEN SUBURB,NSW,-32.94426,151.68011
2289,HIGHFIELDS,NSW,-32.95641,151.71372
2289,KOTARA,NSW,-32.94340,151.69764
2289,KOTARA FAIR,NSW,-32.94230,151.71100
2289,KOTARA SOUTH,NSW,-32.95100,151.69100
2290,BENNETTS GREEN,NSW,-32.99300,151.69300
2290,CHARLESTOWN,NSW,-32.96500,151.68500
2290,DUDLEY,NSW,-32.99000,151.71800
2290,GATESHEAD,NSW,-32.98200,151.69300
2290,HILLSBOROUGH,NSW,-32.96188,151.67280
2290,KAHIBAH,NSW,-32.96346,151.71080
2290,MOUNT HUTTON,NSW,-32.98200,151.67100
2290,REDHEAD,NSW,-33.00983,151.71518
2290,TINGIRA HEIGHTS,NSW,-32.99600,151.66000
2290,WHITEBRIDGE,NSW,-32.96985,151.72103
2291,MEREWETHER,NSW,-32.94278,151.75250
2291,MEREWETHER HEIGHTS,NSW,-32.94900,151.73500
2291,THE JUNCTION,NSW,-32.94028,151.75889
2292,BROADMEADOW,NSW,-32.92518,151.73418
2292,HAMILTON NORTH,NSW,-32.91500,151.73600
2293,MARYVILLE,NSW,-32.91206,151.75465
2293,WICKHAM,NSW,-32.92400,151.76000
2294,CARRINGTON,NSW,-32.91233,151.76634
2295,FERN BAY,NSW,-32.87389,151.79500
2295,STOCKTON,NSW,-32.91500,151.78444
2296,ISLINGTON,NSW,-32.91250,151.74588
2297,TIGHES HILL,NSW,-32.90500,151.75757
2298,GEORGETOWN,NSW,-32.90892,151.73126
2298,WARATAH,NSW,-32.90528,151.72500
2298,WARATAH WEST,NSW,-32.90100,151.71500
2299,Glen InnesLAMBTON,NSW,-32.90361,151.69417
2299,JESMOND,NSW,-32.90361,151.69417
2299,LAMBTON,NSW,-32.91354,151.70787
2299,NORTH LAMBTON,NSW,-32.90400,151.70400
2300,BAR BEACH,NSW,-32.94000,151.76778
2300,COOKS HILL,NSW,-32.93380,151.76960
2300,NEWCASTLE,NSW,-32.92722,151.77950
2300,NEWCASTLE EAST,NSW,-32.92666,151.79047
2300,THE HILL,NSW,-32.93167,151.77611
2302,NEWCASTLE WEST,NSW,-32.92645,151.76049
2303,HAMILTON,NSW,-32.92286,151.74588
2303,HAMILTON DC,NSW,-32.92220,151.74800
2303,HAMILTON EAST,NSW,-32.92500,151.75400
2303,HAMILTON SOUTH,NSW,-32.93100,151.75100
2304,KOORAGANG,NSW,-32.88738,151.77369
2304,MAYFIELD,NSW,-32.89742,151.73643
2304,MAYFIELD EAST,NSW,-32.89800,151.75000
2304,MAYFIELD NORTH,NSW,-32.89000,151.74300
2304,MAYFIELD WEST,NSW,-32.89000,151.72600
2304,SANDGATE,NSW,-32.86778,151.70611
2304,WARABROOK,NSW,-32.88167,151.71778
2305,KOTARA EAST,NSW,-32.94340,151.69764
2305,NEW LAMBTON,NSW,-32.92778,151.71083
2305,NEW LAMBTON HEIGHTS,NSW,-32.92736,151.69034
2306,WINDALE,NSW,-32.99085,151.68011
2307,SHORTLAND,NSW,-32.87980,151.69180
2308,CALLAGHAN,NSW,-32.89303,151.70349
2308,NEWCASTLE UNIVERSITY,NSW,-32.89277,151.70418
2309,DANGAR,NSW,-33.54142,151.23810
2310,HUNTER REGION MC,NSW,-32.19320,151.70100
2311,ALLYNBROOK,NSW,-32.34839,151.53042
2311,BINGLEBURRA,NSW,-32.38093,151.62386
2311,BONNINGTON PARK,NSW,-32.26120,151.46700
2311,CARRABOLLA,NSW,-32.27709,151.44026
2311,EAST GRESFORD,NSW,-32.43738,151.55762
2311,ECCLESTON,NSW,-32.28475,151.50594
2311,GRESFORD,NSW,-32.43738,151.55762
2311,HALTON,NSW,-32.32038,151.55047
2311,LEWINSBROOK,NSW,-32.43655,151.56632
2311,LOSTOCK,NSW,-32.31231,151.45923
2311,MOUNT RIVERS,NSW,-32.37650,151.46653
2311,UPPER ALLYN,NSW,-32.16813,151.50222
2312,MINIMBAH,NSW,-32.16105,152.37412
2312,NABIAC,NSW,-32.10000,152.38333
2314,WILLIAMTOWN RAAF,NSW,-32.79360,151.85150
2315,CORLETTE,NSW,-32.72472,152.11472
2315,FINGAL BAY,NSW,-32.75015,152.16319
2315,GAN GAN,NSW,-32.75200,152.12100
2315,NELSON BAY,NSW,-32.71500,152.15111
2315,SHOAL BAY,NSW,-32.72574,152.17500
2316,ANNA BAY,NSW,-32.76667,152.08333
2316,BOAT HARBOUR,NSW,-32.78448,152.11042
2316,BOBS FARM,NSW,-32.77639,151.97250
2316,FISHERMANS BAY,NSW,-32.78778,152.09000
2316,ONE MILE,NSW,-32.76667,152.11267
2316,TAYLORS BEACH,NSW,-32.75111,152.06778
2317,SALAMANDER BAY,NSW,-32.72917,152.08944
2317,SOLDIERS POINT,NSW,-32.70667,152.06778
2318,CAMPVALE,NSW,-32.76474,151.85216
2318,FERODALE,NSW,-32.68395,151.84312
2318,FULLERTON COVE,NSW,-32.84333,151.82639
2318,MEDOWIE,NSW,-32.73917,151.88041
2318,OYSTER COVE,NSW,-32.74165,151.95504
2318,SALT ASH,NSW,-32.79444,151.92222
2318,WILLIAMTOWN,NSW,-32.81500,151.84278
2319,LEMON TREE PASSAGE,NSW,-32.73250,152.03833
2319,MALLABULA,NSW,-32.73500,152.01000
2319,TANILBA BAY,NSW,-32.73722,151.99833
2319,TILLIGERRY CREEK,NSW,-32.75940,151.99000
2320,ABERGLASSLYN,NSW,-32.69466,151.53461
2320,ALLANDALE,NSW,-32.71500,151.41778
2320,ANAMBAH,NSW,-32.67333,151.49278
2320,BOLWARRA,NSW,-32.70924,151.57785
2320,BOLWARRA HEIGHTS,NSW,-32.70000,151.58472
2320,FARLEY,NSW,-32.73056,151.51667
2320,GLEN OAK,NSW,-32.61415,151.71110
2320,GOSFORTH,NSW,-32.64861,151.48472
2320,HILLSBOROUGH,NSW,-32.63478,151.47565
2320,HORSESHOE BEND,NSW,-32.73417,151.56389
2320,KEINBAH,NSW,-32.75924,151.40269
2320,LARGS,NSW,-32.70100,151.60100
2320,LORN,NSW,-32.72667,151.57493
2320,LOUTH PARK,NSW,-32.76569,151.55448
2320,MAITLAND,NSW,-32.73840,151.54922
2320,MAITLAND NORTH,NSW,-32.73840,151.54922
2320,MAITLAND VALE,NSW,-32.67237,151.55448
2320,MELVILLE,NSW,-32.67411,151.51944
2320,MINDARIBBA,NSW,-32.65574,151.58442
2320,MOUNT DEE,NSW,-32.74043,151.54134
2320,OAKHAMPTON,NSW,-32.70305,151.56324
2320,OAKHAMPTON HEIGHTS,NSW,-32.70889,151.55010
2320,POKOLBIN,NSW,-32.79833,151.28444
2320,ROSEBROOK,NSW,-32.64707,151.50976
2320,ROTHBURY,NSW,-32.75000,151.33333
2320,RUTHERFORD,NSW,-32.71528,151.52500
2320,SOUTH MAITLAND,NSW,-32.74278,151.56389
2320,TELARAH,NSW,-32.72417,151.53111
2320,WALLALONG,NSW,-32.69833,151.65111
2320,WINDELLA,NSW,-32.69889,151.48056
2321,BERRY PARK,NSW,-32.75008,151.65965
2321,BUTTERWICK,NSW,-32.65095,151.63627
2321,CLARENCE TOWN,NSW,-32.58503,151.77775
2321,CLIFTLEIGH,NSW,-32.79000,151.51652
2321,DUCKENFIELD,NSW,-32.73319,151.68595
2321,DUNS CREEK,NSW,-32.60442,151.65528
2321,GILLIESTON HEIGHTS,NSW,-32.76500,151.53444
2321,GLEN MARTIN,NSW,-32.53825,151.82118
2321,GLEN WILLIAM,NSW,-32.52565,151.80210
2321,HARPERS HILL,NSW,-32.70040,151.40561
2321,HEDDON GRETA,NSW,-32.80863,151.50732
2321,HINTON,NSW,-32.71667,151.65000
2321,IONA,NSW,-32.66320,151.60200
2321,LOCHINVAR,NSW,-32.70000,151.45000
2321,LUSKINTYRE,NSW,-32.66141,151.42604
2321,MORPETH,NSW,-32.72611,151.63167
2321,OSWALD,NSW,-32.69000,151.41778
2321,PHOENIX PARK,NSW,-32.71510,151.63335
2321,RAWORTH,NSW,-32.72492,151.60998
2321,WINDERMERE,NSW,-32.68170,151.44300
2321,WOERDEN,NSW,-32.53880,151.70500
2321,WOODVILLE,NSW,-32.67583,151.60964
2322,BERESFIELD,NSW,-32.79900,151.63500
2322,BLACK HILL,NSW,-32.84000,151.61200
2322,CHISHOLM,NSW,-32.75470,151.63600
2322,HEXHAM,NSW,-32.84752,151.69019
2322,LENAGHAN,NSW,-32.84800,151.62900
2322,STOCKRINGTON,NSW,-32.85708,151.60310
2322,TARRO,NSW,-32.80897,151.65608
2322,THORNTON,NSW,-32.78333,151.64167
2322,TOMAGO,NSW,-32.82786,151.72833
2322,WOODBERRY,NSW,-32.79000,151.66778
2323,ASHTONFIELD,NSW,-32.76667,151.60000
2323,BRUNKERVILLE,NSW,-32.95667,151.47611
2323,BUCHANAN,NSW,-32.83333,151.53333
2323,BUTTAI,NSW,-32.83118,151.55740
2323,EAST MAITLAND,NSW,-32.74900,151.57600
2323,FOUR MILE CREEK,NSW,-32.79610,151.58300
2323,FREEMANS WATERHOLE,NSW,-33.00042,151.48076
2323,GREEN HILLS,NSW,-32.74900,151.57600
2323,GREENHILLS,NSW,-32.74900,151.57600
2323,METFORD,NSW,-32.76640,151.60998
2323,METFORD DC,NSW,-32.76640,151.61000
2323,MOUNT VINCENT,NSW,-32.92358,151.50193
2323,MULBRING,NSW,-32.90667,151.49278
2323,PITNACREE,NSW,-32.73451,151.59099
2323,RICHMOND VALE,NSW,-32.86726,151.52528
2323,TENAMBIT,NSW,-32.74278,151.60667
2324,BALICKERA,NSW,-32.66440,151.79795
2324,BRANDY HILL,NSW,-32.69453,151.69319
2324,BUNDABAH,NSW,-32.67873,152.06045
2324,CARRINGTON,NSW,-32.65844,152.01945
2324,CELLS RIVER,NSW,-31.57921,152.08572
2324,EAGLETON,NSW,-32.69566,151.77658
2324,EAST SEAHAM,NSW,-32.64000,151.74833
2324,HAWKS NEST,NSW,-32.64209,152.18378
2324,HEATHERBRAE,NSW,-32.78167,151.73444
2324,KARUAH,NSW,-32.64351,151.97547
2324,KINGS HILL,NSW,-32.71390,151.77200
2324,LIMEBURNERS CREEK,NSW,-32.57243,151.89505
2324,MILLERS FOREST,NSW,-32.76155,151.70641
2324,MOTTO FARM,NSW,-32.78770,151.72800
2324,NELSONS PLAINS,NSW,-32.71500,151.71778
2324,NORTH ARM COVE,NSW,-32.62528,152.04417
2324,OSTERLEY,NSW,-32.72333,151.70111
2324,PINDIMAR,NSW,-32.65126,152.08682
2324,RAYMOND TERRACE,NSW,-32.75441,151.76751
2324,RAYMOND TERRACE EAST,NSW,-32.75441,151.76751
2324,SEAHAM,NSW,-32.66500,151.71778
2324,SWAN BAY,NSW,-32.67408,151.92285
2324,TAHLEE,NSW,-32.65984,151.99869
2324,TEA GARDENS,NSW,-32.65960,152.15239
2324,TWELVE MILE CREEK,NSW,-32.65334,151.86718
2324,WALLAROO,NSW,-35.15300,149.00700
2325,ABERDARE,NSW,-32.84329,151.37644
2325,ABERNETHY,NSW,-32.87722,151.39639
2325,BELLBIRD,NSW,-32.84986,151.30936
2325,BELLBIRD HEIGHTS,NSW,-32.84802,151.33050
2325,BOREE,NSW,-33.09451,151.04144
2325,CEDAR CREEK,NSW,-32.83793,151.13522
2325,CESSNOCK,NSW,-32.83451,151.36243
2325,CESSNOCK WEST,NSW,-32.83837,151.34548
2325,CONGEWAI,NSW,-32.97837,151.28603
2325,CORRABARE,NSW,-32.92316,151.23729
2325,DAIRY ARM,NSW,-33.03820,151.15700
2325,ELLALONG,NSW,-32.90722,151.32139
2325,ELRINGTON,NSW,-32.87786,151.42969
2325,FERNANCES CROSSING,NSW,-33.06260,151.12400
2325,GRETA MAIN,NSW,-32.88724,151.28312
2325,KEARSLEY,NSW,-32.84909,151.39978
2325,KITCHENER,NSW,-32.87583,151.36611
2325,LAGUNA,NSW,-32.99000,151.13444
2325,LOVEDALE,NSW,-32.76463,151.36185
2325,MILLFIELD,NSW,-32.88035,151.24522
2325,MILSONS ARM,NSW,-32.84329,151.37644
2325,MOOTAI,NSW,-32.93810,151.18700
2325,MORUBEN,NSW,-33.05122,150.88206
2325,MOUNT VIEW,NSW,-32.85000,151.28333
2325,MURRAYS RUN,NSW,-33.09770,151.16200
2325,NARONE CREEK,NSW,-32.94580,151.16100
2325,NULKABA,NSW,-32.80167,151.36361
2325,OLNEY,NSW,-33.03157,151.31235
2325,PAXTON,NSW,-32.90275,151.28312
2325,PAYNES CROSSING,NSW,-32.89265,151.10380
2325,PELTON,NSW,-32.87917,151.31139
2325,QUORROBOLONG,NSW,-32.92852,151.39686
2325,SWEETMANS CREEK,NSW,-32.89012,151.18111
2325,WATAGAN,NSW,-33.00640,151.27400
2325,WOLLOMBI,NSW,-32.93167,151.13444
2325,YALLAMBIE,NSW,-33.03400,151.12700
2325,YENGO,NSW,-33.02390,150.91340
2325,YENGO NATIONAL PARK,NSW,-33.04820,150.91900
2326,ABERMAIN,NSW,-32.81667,151.43333
2326,BISHOPS BRIDGE,NSW,-32.74551,151.47273
2326,LOXFORD,NSW,-32.78984,151.48441
2326,NEATH,NSW,-32.81721,151.41728
2326,SAWYERS GULLY,NSW,-32.76708,151.45522
2326,WESTON,NSW,-32.81500,151.45111
2327,KURRI KURRI,NSW,-32.81667,151.48333
2327,PELAW MAIN,NSW,-32.83000,151.48100
2327,STANFORD MERTHYR,NSW,-32.82473,151.49463
2328,BUREEN,NSW,-32.46107,150.72107
2328,DALSWINTON,NSW,-32.43070,150.70376
2328,DENMAN,NSW,-32.38333,150.68333
2328,GIANTS CREEK,NSW,-32.23348,150.51896
2328,HOLLYDEEN,NSW,-32.33759,150.64012
2328,KERRABEE,NSW,-32.48843,150.27712
2328,MANGOOLA,NSW,-32.29391,150.77485
2328,MARTINDALE,NSW,-32.46610,150.68091
2328,WIDDEN,NSW,-32.40349,150.39464
2328,YARRAWA,NSW,-32.39952,150.57699
2329,BORAMBIL,NSW,-31.50608,150.63722
2329,CASSILIS,NSW,-32.01691,150.01366
2329,MERRIWA,NSW,-32.13934,150.35574
2329,UARBRY,NSW,-32.03226,149.69573
2330,APPLETREE FLAT,NSW,-32.50572,150.86930
2330,BIG RIDGE,NSW,-32.57424,151.22627
2330,BIG YENGO,NSW,-32.99547,150.99147
2330,BOWMANS CREEK,NSW,-32.26112,151.10792
2330,BRIDGMAN,NSW,-32.46301,151.18992
2330,BROKE,NSW,-32.74435,151.08955
2330,BULGA,NSW,-32.64966,151.01075
2330,CAMBERWELL,NSW,-32.48069,151.09129
2330,CARROWBROOK,NSW,-32.26765,151.28858
2330,CLYDESDALE,NSW,-32.56781,151.21607
2330,COMBO,NSW,-32.55111,151.18548
2330,DARLINGTON,NSW,-32.55871,151.16144
2330,DOYLES CREEK,NSW,-32.51197,150.80402
2330,DUNOLLY,NSW,-32.55525,151.17091
2330,DURAL,NSW,-32.57983,150.86217
2330,DYRRING,NSW,-32.51685,151.21952
2330,FALBROOK,NSW,-32.44672,151.14615
2330,FERN GULLY,NSW,-32.55122,151.20150
2330,FORDWICH,NSW,-32.70956,151.05878
2330,GARLAND VALLEY,NSW,-32.91639,150.72815
2330,GLENDON,NSW,-32.58522,151.28603
2330,GLENDON BROOK,NSW,-32.49720,151.40700
2330,GLENDONBROOK,NSW,-32.49720,151.40700
2330,GLENNIES CREEK,NSW,-32.44942,151.11665
2330,GLENRIDDING,NSW,-32.59470,151.15780
2330,GOORANGOOLA,NSW,-32.29155,151.19895
2330,GOULDSVILLE,NSW,-32.58052,151.09081
2330,GOWRIE,NSW,-32.56072,151.14615
2330,GREENLANDS,NSW,-32.39273,151.17273
2330,HAMBLEDON HILL,NSW,-32.59963,151.12576
2330,HEBDEN,NSW,-32.32388,151.06899
2330,HOWES VALLEY,NSW,-32.84832,150.83593
2330,HOWICK,NSW,-32.43217,150.93329
2330,HUNTERVIEW,NSW,-32.54023,151.17819
2330,JERRYS PLAINS,NSW,-32.51019,150.91485
2330,LEMINGTON,NSW,-32.48235,150.95638
2330,LONG POINT,NSW,-32.56525,151.12284
2330,MAISON DIEU,NSW,-32.55076,151.10483
2330,MCDOUGALLS HILL,NSW,-32.54704,151.14323
2330,MIDDLE FALBROOK,NSW,-32.44672,151.14615
2330,MILBRODALE,NSW,-32.69371,150.99838
2330,MIRANNIE,NSW,-32.43734,151.36696
2330,MITCHELLS FLAT,NSW,-32.55503,151.28180
2330,MOUNT OLIVE,NSW,-32.41405,151.21042
2330,MOUNT ROYAL,NSW,-32.24793,151.27604
2330,MOUNT THORLEY,NSW,-32.61653,151.15214
2330,OBANVALE,NSW,-32.51514,151.16071
2330,PUTTY,NSW,-32.96667,150.66667
2330,RAVENSWORTH,NSW,-32.43039,151.05423
2330,REDBOURNBERRY,NSW,-32.55868,151.18985
2330,REEDY CREEK,NSW,-32.49525,151.32588
2330,RIXS CREEK,NSW,-32.53538,151.14348
2330,ROUGHIT,NSW,-32.57652,151.25105
2330,SCOTTS FLAT,NSW,-32.59724,151.25105
2330,SEDGEFIELD,NSW,-32.54252,151.23939
2330,SINGLETON,NSW,-32.56947,151.17882
2330,SINGLETON DC,NSW,-32.56450,151.16800
2330,SINGLETON HEIGHTS,NSW,-32.54104,151.16071
2330,ST CLAIR,NSW,-32.36410,151.24392
2330,WARKWORTH,NSW,-32.57620,151.03877
2330,WATTLE PONDS,NSW,-32.52054,151.19276
2330,WESTBROOK,NSW,-32.49705,151.28758
2330,WHITTINGHAM,NSW,-32.59971,151.19859
2330,WOLLEMI,NSW,-33.01737,150.37652
2330,WYLIES FLAT,NSW,-32.58596,151.12284
2331,SINGLETON MILITARY AREA,NSW,-32.74419,151.15914
2331,SINGLETON MILPO,NSW,-32.62790,151.17400
2333,BAERAMI,NSW,-32.38371,150.49956
2333,BAERAMI CREEK,NSW,-32.44614,150.45699
2333,BENGALLA,NSW,-32.31143,150.80328
2333,CASTLE ROCK,NSW,-32.20047,150.75697
2333,EDDERTON,NSW,-32.35907,150.83639
2333,GUNGAL,NSW,-32.23642,150.47757
2333,KAYUGA,NSW,-32.22766,150.86008
2333,LIDDELL,NSW,-32.42779,151.00311
2333,MANOBALAI,NSW,-32.22232,150.65827
2333,MCCULLYS GAP,NSW,-32.20716,150.97365
2333,MUSCLE CREEK,NSW,-32.28671,151.00129
2333,MUSWELLBROOK,NSW,-32.28485,150.90496
2333,SANDY HOLLOW,NSW,-32.34820,150.58860
2333,WYBONG,NSW,-32.25803,150.66499
2334,GRETA,NSW,-32.68756,151.38519
2335,BELFORD,NSW,-32.69317,151.28530
2335,BRANXTON,NSW,-32.65000,151.35000
2335,DALWOOD,NSW,-32.61705,151.41437
2335,EAST BRANXTON,NSW,-32.65494,151.36331
2335,ELDERSLIE,NSW,-32.58186,151.35602
2335,LAMBS VALLEY,NSW,-32.58046,151.45522
2335,LECONFIELD,NSW,-32.65274,151.39102
2335,LOWER BELFORD,NSW,-32.62294,151.29186
2335,NORTH ROTHBURY,NSW,-32.68056,151.34954
2335,STANHOPE,NSW,-32.58967,151.40853
2336,ABERDEEN,NSW,-32.16773,150.87329
2336,DARTBROOK,NSW,-32.15381,150.82823
2336,DAVIS CREEK,NSW,-32.18589,151.24704
2336,ROSSGOLE,NSW,-32.14168,150.78282
2336,ROUCHEL,NSW,-32.12516,151.14970
2336,ROUCHEL BROOK,NSW,-32.14395,151.07283
2336,UPPER DARTBROOK,NSW,-31.96645,150.76976
2336,UPPER ROUCHEL,NSW,-32.09009,151.09918
2337,BELLTREES,NSW,-31.98320,151.16611
2337,BRAWBOY,NSW,-31.95248,150.62329
2337,BUNNAN,NSW,-32.10667,150.56357
2337,DRY CREEK,NSW,-31.90224,150.81769
2337,ELLERSTON,NSW,-31.79484,151.34909
2337,GLENBAWN,NSW,-32.12204,150.96029
2337,GLENROCK,NSW,-31.65159,151.38004
2337,GUNDY,NSW,-32.01428,150.99693
2337,KARS SPRINGS,NSW,-31.99010,150.54087
2337,MIDDLE BROOK,NSW,-32.01067,150.83881
2337,MOOBI,NSW,-32.06847,150.80352
2337,MOONAN BROOK,NSW,-31.94543,151.28671
2337,MOONAN FLAT,NSW,-31.92584,151.20826
2337,MURULLA,NSW,-31.82302,150.92746
2337,OMADALE,NSW,-31.87174,151.30006
2337,OWENS GAP,NSW,-32.02039,150.73728
2337,PAGES CREEK,NSW,-31.71126,151.21406
2337,PARKVILLE,NSW,-31.97874,150.86717
2337,SATUR,NSW,-32.04160,150.84200
2337,SCONE,NSW,-32.05461,150.85948
2337,SEGENHOE,NSW,-32.05604,150.93001
2337,STEWARTS BROOK,NSW,-32.00441,151.28931
2337,TOMALLA,NSW,-31.79266,151.56961
2337,WAVERLY,NSW,-31.84930,151.06206
2337,WINGEN,NSW,-31.89654,150.87802
2337,WOOLOOMA,NSW,-31.99608,151.23174
2338,ARDGLEN,NSW,-31.72579,150.74733
2338,BLANDFORD,NSW,-31.78689,150.89474
2338,CRAWNEY,NSW,-31.64718,151.11447
2338,GREEN CREEK,NSW,-31.77758,151.04875
2338,MURRURUNDI,NSW,-31.76390,150.83259
2338,PAGES RIVER,NSW,-31.78570,150.79047
2338,SANDY CREEK,NSW,-31.80138,150.96601
2338,SCOTTS CREEK,NSW,-31.76833,150.94764
2338,TIMOR,NSW,-31.77160,151.06984
2339,BIG JACKS CREEK,NSW,-31.76261,150.60855
2339,BRAEFIELD,NSW,-31.56362,150.69929
2339,CATTLE CREEK,NSW,-31.81293,150.31775
2339,CHILCOTTS CREEK,NSW,-31.65928,150.85548
2339,LITTLE JACKS CREEK,NSW,-31.79171,150.54156
2339,MACDONALDS CREEK,NSW,-31.79944,150.44743
2339,PARRAWEENA,NSW,-31.72977,150.43458
2339,WARRAH,NSW,-31.68251,150.64980
2339,WARRAH CREEK,NSW,-31.81220,150.65065
2339,WILLOW TREE,NSW,-31.65000,150.73333
2340,APPLEBY,NSW,-30.96282,150.83532
2340,BARRY,NSW,-31.59995,151.28379
2340,BECTIVE,NSW,-31.00112,150.77737
2340,BITHRAMERE,NSW,-31.15257,150.76574
2340,BOWLING ALLEY POINT,NSW,-31.39459,151.14298
2340,CALALA,NSW,-31.13333,150.95000
2340,CARROLL,NSW,-30.98423,150.44943
2340,DARUKA,NSW,-31.04861,150.97361
2340,DUNCANS CREEK,NSW,-31.34087,151.17346
2340,DUNGOWAN,NSW,-31.22372,151.16144
2340,EAST TAMWORTH,NSW,-31.08972,150.94361
2340,GAROO,NSW,-31.37232,150.88176
2340,GIDLEY,NSW,-31.00184,150.83257
2340,GOONOO GOONOO,NSW,-31.27740,150.90910
2340,GOWRIE,NSW,-31.30382,150.82114
2340,HALLSVILLE,NSW,-31.01870,150.87257
2340,HANGING ROCK,NSW,-31.51724,151.20077
2340,HILLVUE,NSW,-31.12472,150.91500
2340,KEEPIT,NSW,-30.89301,150.48017
2340,KINGSWOOD,NSW,-31.15833,150.90917
2340,LOOMBERAH,NSW,-31.24198,150.95618
2340,MOORE CREEK,NSW,-30.99393,150.94237
2340,NEMINGHA,NSW,-31.10833,150.99167
2340,NORTH TAMWORTH,NSW,-31.07806,150.92611
2340,NUNDLE,NSW,-31.46967,151.12539
2340,OGUNBIL,NSW,-31.30734,151.21972
2340,OXLEY VALE,NSW,-31.04861,150.88472
2340,PIALLAMORE,NSW,-31.15794,151.06008
2340,SOMERTON,NSW,-30.96565,150.63940
2340,SOUTH TAMWORTH,NSW,-31.11111,150.91361
2340,TAMINDA,NSW,-31.08333,150.90417
2340,TAMWORTH,NSW,-31.09275,150.93203
2340,TAMWORTH SOUTH,NSW,-31.11110,150.91400
2340,TIMBUMBURI,NSW,-31.22690,150.91837
2340,WALLAMORE,NSW,-31.04245,150.82023
2340,WARRAL,NSW,-31.16520,150.85120
2340,WEABONGA,NSW,-31.21610,151.32394
2340,WEST TAMWORTH,NSW,-31.10000,150.91667
2340,WESTDALE,NSW,-31.09673,150.84931
2340,WOOLOMIN,NSW,-31.30000,151.15000
2341,WERRIS CREEK,NSW,-31.35997,150.60529
2342,CURRABUBULA,NSW,-31.25632,150.74819
2342,PIALLAWAY,NSW,-31.10263,150.51135
2343,BLACKVILLE,NSW,-31.64478,150.23441
2343,BORAMBIL,NSW,-31.50610,150.63700
2343,BUNDELLA,NSW,-31.64186,149.89990
2343,CAROONA,NSW,-31.40159,150.43015
2343,COLLY BLUE,NSW,-31.45588,150.14647
2343,COOMOO COOMOO,NSW,-31.59415,150.11760
2343,PINE RIDGE,NSW,-31.49292,150.46054
2343,QUIPOLLY,NSW,-31.42567,150.68295
2343,QUIRINDI,NSW,-31.50806,150.68000
2343,SPRING RIDGE,NSW,-31.38706,150.24690
2343,WALHALLOW,NSW,-31.64478,150.23441
2343,WALLABADAH,NSW,-31.55017,150.82678
2343,WARRAH RIDGE,NSW,-31.59484,150.54501
2343,WINDY,NSW,-31.62474,150.40547
2343,YANNERGEE,NSW,-31.48859,150.10004
2343,YARRAMAN,NSW,-31.63840,150.17800
2344,DURI,NSW,-31.21528,150.81778
2344,WINTON,NSW,-31.05997,150.76138
2345,ATTUNGA,NSW,-30.92944,150.84500
2345,GARTHOWEN,NSW,-30.85932,150.90383
2346,BORAH CREEK,NSW,-30.59753,150.49830
2346,HALLS CREEK,NSW,-30.72398,150.77446
2346,KLORI,NSW,-30.80396,150.74842
2346,MANILLA,NSW,-30.73150,150.72507
2346,NAMOI RIVER,NSW,-30.68704,150.67497
2346,NEW MEXICO,NSW,-30.75398,150.68440
2346,RUSHES CREEK,NSW,-30.78430,150.62053
2346,UPPER MANILLA,NSW,-30.64783,150.66663
2346,WARRABAH,NSW,-30.48432,150.97837
2346,WIMBORNE,NSW,-30.67680,150.65100
2346,WONGO CREEK,NSW,-30.72847,150.51825
2347,BANOON,NSW,-30.52724,150.40706
2347,BARRABA,NSW,-30.37441,150.61762
2347,CARODA,NSW,-30.02290,150.36620
2347,COBBADAH,NSW,-30.23414,150.56937
2347,GULF CREEK,NSW,-30.13282,150.73342
2347,GUNDAMULDA,NSW,-30.23206,150.73010
2347,HORTON VALLEY,NSW,-30.19190,150.51000
2347,IRONBARK,NSW,-30.29418,150.79934
2347,LINDESAY,NSW,-30.33139,150.40986
2347,LONGARM,NSW,-30.51033,150.50459
2347,MAYVALE,NSW,-30.35578,150.43754
2347,RED HILL,NSW,-30.53752,150.60607
2347,THIRLDENE,NSW,-30.32060,150.89960
2347,THIRLOENE,NSW,-30.33221,150.90725
2347,UPPER HORTON,NSW,-30.14095,150.44706
2347,WOODSREEF,NSW,-30.40641,150.79462
2348,NEW ENGLAND MC,NSW,-31.25320,146.92100
2350,ABERFOYLE,NSW,-30.23279,152.00555
2350,ABINGTON,NSW,-30.35520,151.19126
2350,ACACIA PARK,NSW,-30.53800,151.67900
2350,ARGYLE,NSW,-30.55237,151.82556
2350,ARMIDALE,NSW,-30.50156,151.66620
2350,ARMIDALE DC,NSW,-30.49000,151.64100
2350,ARMIDALE EAST,NSW,-30.50160,151.66600
2350,BEN VENUE,NSW,-30.50290,151.67500
2350,BONA VISTA,NSW,-30.52591,151.64237
2350,BOOROLONG,NSW,-30.28510,151.55600
2350,CASTLE DOYLE,NSW,-30.58117,151.74984
2350,COMMISSIONERS WATERS,NSW,-30.56770,151.75200
2350,DANGARSLEIGH,NSW,-30.60925,151.70185
2350,DONALD CREEK,NSW,-30.43792,151.73784
2350,DUMARESQ,NSW,-30.41102,151.57456
2350,DUVAL,NSW,-30.42972,151.64540
2350,EAST ARMIDALE,NSW,-30.50160,151.66600
2350,ENMORE,NSW,-30.72042,151.75392
2350,HILLGROVE,NSW,-30.57057,151.90895
2350,INVERGOWRIE,NSW,-30.51891,151.50193
2350,JEOGLA,NSW,-30.53299,152.20039
2350,KELLYS PLAINS,NSW,-30.57715,151.63627
2350,LYNDHURST,NSW,-30.36440,152.02568
2350,MADGWICK,NSW,-30.49250,151.65000
2350,METZ,NSW,-30.56750,151.86400
2350,NEWLING,NSW,-30.52300,151.67600
2350,NORTH HILL,NSW,-30.50280,151.68000
2350,PUDDLEDOCK,NSW,-30.39325,151.75319
2350,SAUMAREZ,NSW,-30.56107,151.58012
2350,SAUMAREZ PONDS,NSW,-30.49443,151.55448
2350,SOUDAN HEIGHTS,NSW,-30.52360,151.65000
2350,SOUTH HILL,NSW,-30.53760,151.65100
2350,ST PATRICKS,NSW,-30.46050,151.68500
2350,THALGARRAH,NSW,-30.38970,151.92212
2350,TILBUSTER,NSW,-30.42229,151.72760
2350,WARDS MISTAKE,NSW,-30.09663,152.03227
2350,WEST ARMIDALE,NSW,-30.50156,151.66620
2350,WOLLOMOMBI,NSW,-30.52317,152.15494
2350,WONGWIBINDA,NSW,-30.25287,152.20073
2351,UNIVERSITY OF NEW ENGLAND,NSW,-30.49871,151.64481
2352,KOOTINGAL,NSW,-31.05000,151.05000
2352,LIMBRI,NSW,-31.05065,151.19349
2352,MULLA CREEK,NSW,-31.06754,151.11888
2352,TINTINHULL,NSW,-31.07194,151.00361
2353,MOONBI,NSW,-30.97282,151.07043
2354,BRANGA PLAINS,NSW,-31.26279,151.54999
2354,KENTUCKY,NSW,-30.75802,151.45157
2354,KENTUCKY SOUTH,NSW,-30.80246,151.43653
2354,MOONA PLAINS,NSW,-31.01747,151.86472
2354,NIANGALA,NSW,-31.29833,151.40944
2354,NOWENDOC,NSW,-31.41482,151.69691
2354,UPPER YARROWITCH,NSW,-31.20250,152.10600
2354,WALCHA,NSW,-30.98525,151.59327
2354,WALCHA ROAD,NSW,-30.91095,151.40342
2354,WOLLUN,NSW,-30.85211,151.42677
2354,WOOLBROOK,NSW,-30.91867,151.29974
2354,YARROWITCH,NSW,-31.20253,152.10630
2355,BENDEMEER,NSW,-30.86978,151.15124
2355,RETREAT,NSW,-30.60010,151.07400
2355,WATSONS CREEK,NSW,-30.72354,151.05093
2356,GWABEGAR,NSW,-30.54366,148.96649
2357,BOMERA,NSW,-31.48593,149.82875
2357,BOX RIDGE,NSW,-31.45210,149.49300
2357,BUGALDIE,NSW,-31.15380,149.15267
2357,COONABARABRAN,NSW,-31.27473,149.28042
2357,DANDRY,NSW,-31.14569,149.42450
2357,GOWANG,NSW,-31.42389,149.07512
2357,PURLEWAUGH,NSW,-31.28577,149.66181
2357,ROCKY GLEN,NSW,-31.10769,149.60963
2357,TANNABAR,NSW,-31.36318,149.25854
2357,ULAMAMBRI,NSW,-31.35982,149.32423
2357,WATTLE SPRINGS,NSW,-31.38010,149.31600
2357,YEARINAN,NSW,-31.08290,149.14800
2358,ARDING,NSW,-30.57253,151.53962
2358,BAKERS CREEK,NSW,-30.30253,151.00025
2358,BALALA,NSW,-30.60862,151.28967
2358,GOSTWYCK,NSW,-30.69989,151.60614
2358,KINGSTOWN,NSW,-30.51702,151.12102
2358,MIHI,NSW,-30.70982,151.71043
2358,ROCKY RIVER,NSW,-30.60861,151.48806
2358,SALISBURY PLAINS,NSW,-30.76439,151.58880
2358,TORRYBURN,NSW,-30.43315,151.21862
2358,URALLA,NSW,-30.64148,151.49156
2358,YARROWYCK,NSW,-30.46310,151.32029
2359,BAKERS CREEK,NSW,-30.30250,151.00000
2359,BUNDARRA,NSW,-30.06678,150.91779
2359,CAMERONS CREEK,NSW,-30.28003,151.10792
2360,AUBURN VALE,NSW,-29.80786,151.06028
2360,BRODIES PLAINS,NSW,-29.79421,151.19869
2360,BUKKULLA,NSW,-29.59881,151.15416
2360,CHERRY TREE HILL,NSW,-29.53568,150.99438
2360,COPETON,NSW,-29.83195,150.85766
2360,ELSMORE,NSW,-29.81337,151.26052
2360,GILGAI,NSW,-29.85000,151.12000
2360,GRAMAN,NSW,-29.42332,150.95037
2360,GUM FLAT,NSW,-29.77277,150.98965
2360,HOWELL,NSW,-29.93818,151.06242
2360,INVERELL,NSW,-29.76275,151.11028
2360,KINGS PLAINS,NSW,-29.64035,151.45340
2360,LITTLE PLAIN,NSW,-29.73926,150.95571
2360,LONG PLAIN,NSW,-29.76258,151.22631
2360,MOUNT RUSSELL,NSW,-29.67778,150.93056
2360,NEWSTEAD,NSW,-29.84924,151.35985
2360,NULLAMANNA,NSW,-29.64778,151.22117
2360,OAKWOOD,NSW,-29.66040,151.04600
2360,PARADISE,NSW,-29.87919,151.41181
2360,ROB ROY,NSW,-29.69933,151.01275
2360,SAPPHIRE,NSW,-29.69384,151.33086
2360,SPRING MOUNTAIN,NSW,-29.82814,151.49615
2360,STANBOROUGH,NSW,-29.98244,151.09666
2360,SWANBROOK,NSW,-29.70711,151.21537
2360,WALLANGRA,NSW,-29.28930,150.99205
2360,WANDERA,NSW,-29.67112,151.14906
2360,WOODSTOCK,NSW,-29.75439,151.32066
2361,ASHFORD,NSW,-29.32306,151.09250
2361,ATHOLWOOD,NSW,-29.13813,151.00457
2361,BONSHAW,NSW,-29.21218,151.37022
2361,LIMESTONE,NSW,-29.18528,151.05872
2361,PINDAROI,NSW,-29.51406,151.23791
2365,BACKWATER,NSW,-30.04039,151.86656
2365,BALD BLAIR,NSW,-30.17734,151.79915
2365,BALDERSLEIGH,NSW,-30.25641,151.39458
2365,BASSENDEAN,NSW,-30.06158,151.18618
2365,BEN LOMOND,NSW,-30.02101,151.65922
2365,BLACK MOUNTAIN,NSW,-30.31535,151.67207
2365,BRIARBROOK,NSW,-30.18424,151.34513
2365,BROCKLEY,NSW,-30.25060,151.82959
2365,BRUSHY CREEK,NSW,-30.16555,151.52455
2365,FALCONER,NSW,-30.17841,151.73309
2365,GEORGES CREEK,NSW,-30.17370,151.21207
2365,GLEN NEVIS,NSW,-29.91621,152.22889
2365,GLENCOE,NSW,-29.91586,151.72724
2365,GREEN HILLS,NSW,-30.24967,151.77756
2365,GUYRA,NSW,-30.21684,151.66764
2365,LLANGOTHLIN,NSW,-30.07198,151.70714
2365,MAYBOLE,NSW,-29.91020,151.55375
2365,MOUNT MITCHELL,NSW,-30.00076,151.89182
2365,NEW VALLEY,NSW,-30.12284,151.34253
2365,OBAN,NSW,-30.11885,151.84932
2365,SOUTH GUYRA,NSW,-30.23448,151.67426
2365,TENTERDEN,NSW,-30.10371,151.41947
2365,THE BASIN,NSW,-30.14658,151.30243
2365,THE GULF,NSW,-30.05480,152.25700
2365,TUBBAMURRA,NSW,-30.08890,151.76451
2365,WANDSWORTH,NSW,-30.07212,151.51981
2369,OLD MILL,NSW,-29.89922,151.19567
2369,STANNIFER,NSW,-29.87650,151.21279
2369,TINGHA,NSW,-29.93897,151.24886
2370,BALD NOB,NSW,-29.65633,151.95976
2370,DIEHARD,NSW,-29.68639,152.09692
2370,DUNDEE,NSW,-29.62624,151.90456
2370,FURRACABAD,NSW,-29.77598,151.67791
2370,GIBRALTAR RANGE,NSW,-29.54457,152.28897
2370,GLEN ELGIN,NSW,-29.59816,152.10458
2370,GLEN INNES,NSW,-29.75184,151.73619
2370,KINGSGATE,NSW,-29.80059,152.08927
2370,KINGSLAND,NSW,-29.68760,151.48300
2370,KOOKABOOKRA,NSW,-30.03052,152.01380
2370,LAMBS VALLEY,NSW,-29.79949,151.80802
2370,MATHESON,NSW,-29.73610,151.57296
2370,MOGGS SWAMP,NSW,-29.95016,152.06380
2370,MOOGEM,NSW,-29.45273,152.24791
2370,MORVEN,NSW,-29.41042,152.16376
2370,NEWTON BOYD,NSW,-29.81104,152.26669
2370,PINKETT,NSW,-29.87856,151.97663
2370,RANGERS VALLEY,NSW,-29.54220,151.76198
2370,RED RANGE,NSW,-29.80784,151.96843
2370,REDDESTONE,NSW,-29.55638,151.67061
2370,SHANNON VALE,NSW,-29.72723,151.79509
2370,SPRING MOUNTAIN,NSW,-29.65633,151.95976
2370,STONEHENGE,NSW,-29.81200,151.73900
2370,SWAN VALE,NSW,-29.77125,151.46288
2370,WELLINGROVE,NSW,-29.52613,151.40342
2370,YARROWFORD,NSW,-29.67451,151.71006
2371,CAPOOMPETA,NSW,-29.38907,152.05284
2371,DEEPWATER,NSW,-29.44555,151.84682
2371,EMMAVILLE,NSW,-29.37178,151.61144
2371,ROCKY CREEK,NSW,-29.24271,151.31612
2371,STANNUM,NSW,-29.32432,151.78572
2371,TENT HILL,NSW,-29.43003,151.65559
2371,THE GULF,NSW,-29.32438,151.57603
2371,TORRINGTON,NSW,-29.32796,151.67974
2371,TUNGSTEN,NSW,-29.38810,151.60700
2371,WELLINGTON VALE,NSW,-29.41728,151.73037
2371,YELLOW DAM,NSW,-29.39274,151.39263
2372,BACK CREEK,NSW,-29.03036,151.79764
2372,BILLYRIMBA,NSW,-29.11118,152.15467
2372,BLACK SWAMP,NSW,-28.98128,152.10178
2372,BLUFF ROCK,NSW,-29.16810,152.00509
2372,BOLIVIA,NSW,-29.28720,151.96785
2372,BOOKOOKOORARA,NSW,-28.79150,152.08800
2372,BOONOO BOONOO,NSW,-28.93457,152.10102
2372,BOOROOK,NSW,-28.87036,152.33760
2372,BRYANS GAP,NSW,-29.01469,152.08124
2372,BUNGULLA,NSW,-29.12517,151.99718
2372,CARROLLS CREEK,NSW,-28.83901,152.10549
2372,CULLENDORE,NSW,-28.50443,152.16373
2372,DUMARESQ VALLEY,NSW,-29.13080,151.45400
2372,FOREST LAND,NSW,-29.26060,152.13500
2372,LISTON,NSW,-28.65204,152.10366
2372,MINGOOLA,NSW,-29.00491,151.53468
2372,MOLE RIVER,NSW,-29.10075,151.74504
2372,PYES CREEK,NSW,-29.22720,151.84023
2372,RIVERTREE,NSW,-28.62350,152.24544
2372,ROCKY RIVER,NSW,-29.02656,152.37468
2372,SANDY FLAT,NSW,-29.21365,151.93714
2372,SANDY HILL,NSW,-28.93938,152.23261
2372,SILENT GROVE,NSW,-29.15786,151.66971
2372,STEINBROOK,NSW,-29.09256,152.09811
2372,SUNNYSIDE,NSW,-29.05757,152.01899
2372,TARBAN,NSW,-28.98352,151.89761
2372,TENTERFIELD,NSW,-29.05757,152.01899
2372,THE SCRUB,NSW,-29.13000,152.08000
2372,TIMBARRA,NSW,-29.01455,152.17508
2372,WILLSONS DOWNFALL,NSW,-28.70415,152.11648
2372,WOODSIDE,NSW,-29.10290,151.85600
2372,WYLIE CREEK,NSW,-28.55133,152.15570
2379,GOOLHI,NSW,-31.11466,149.81957
2379,MULLALEY,NSW,-31.12840,149.93889
2379,NAPIER LANE,NSW,-31.29869,149.43719
2379,NOMBI,NSW,-31.09957,149.89565
2380,BASIN PLAIN,NSW,-31.09940,150.00800
2380,BLUE VALE,NSW,-30.80956,150.15283
2380,BURBURGATE,NSW,-30.93620,150.16500
2380,COOCOOBOONAH,NSW,-30.97210,150.11800
2380,EMERALD HILL,NSW,-30.91219,150.04691
2380,GHOOLENDAADI,NSW,-30.94682,149.89527
2380,GUNNEDAH,NSW,-30.99230,150.23689
2380,GUNNEMBENE,NSW,-30.99230,150.23700
2380,KELVIN,NSW,-30.81186,150.34486
2380,MARYS MOUNT,NSW,-30.93723,150.04687
2380,MEERMAUL,NSW,-31.04080,150.21400
2380,MILROY,NSW,-31.04188,150.06975
2380,NOGGABRI,NSW,-30.93620,150.16500
2380,ORANGE GROVE,NSW,-30.96202,150.37218
2380,RANGARI,NSW,-30.73253,150.41348
2381,BREEZA,NSW,-31.24954,150.46385
2381,CURLEWIS,NSW,-31.11667,150.26667
2381,NEA,NSW,-31.17270,150.33000
2381,PREMER,NSW,-31.44915,149.85940
2381,PULLAMING,NSW,-31.11870,150.26500
2381,TAMBAR SPRINGS,NSW,-31.35000,149.83333
2382,BOGGABRI,NSW,-30.70000,150.03333
2382,MAULES CREEK,NSW,-30.54195,150.20456
2382,WEAN,NSW,-30.70728,150.27273
2382,WILLALA,NSW,-30.78950,149.94628
2386,BURREN JUNCTION,NSW,-30.10046,148.96470
2386,DRILDOOL,NSW,-30.26905,148.99265
2386,NOWLEY,NSW,-30.08729,149.07153
2387,BULYEROI,NSW,-29.78864,149.08708
2387,ROWENA,NSW,-29.68600,148.81046
2388,BOOLCARROLL,NSW,-30.08000,149.44007
2388,CUTTABRI,NSW,-30.34354,149.13414
2388,JEWS LAGOON,NSW,-29.81611,149.50996
2388,MERAH NORTH,NSW,-30.13661,149.30489
2388,PILLIGA,NSW,-30.35000,148.90000
2388,SPRING PLAINS,NSW,-30.02755,149.35434
2388,THE PILLIGA,NSW,-30.69759,149.53602
2388,WEE WAA,NSW,-30.22657,149.44547
2388,YARRIE LAKE,NSW,-30.37525,149.53886
2390,BAAN BAA,NSW,-30.59559,149.95587
2390,BACK CREEK,NSW,-30.11226,150.27559
2390,BERRIGAL,NSW,-30.02961,150.09281
2390,BOHENA CREEK,NSW,-30.37010,149.68636
2390,BULLAWA CREEK,NSW,-30.28878,150.00865
2390,COURADDA,NSW,-30.02195,149.95984
2390,EDGEROI,NSW,-30.10865,149.79164
2390,EULAH CREEK,NSW,-30.33823,149.93534
2390,HARPARARY,NSW,-30.54186,150.00442
2390,JACKS CREEK,NSW,-30.39812,149.79086
2390,KAPUTAR,NSW,-30.28450,150.16693
2390,NARRABRI,NSW,-30.33241,149.78124
2390,NARRABRI WEST,NSW,-30.34053,149.75659
2390,ROCKY CREEK,NSW,-30.12935,150.08816
2390,TARRIARO,NSW,-30.46023,149.97718
2390,TURRAWAN,NSW,-30.42057,149.91054
2395,BINNAWAY,NSW,-31.55000,149.38333
2395,ROPERS ROAD,NSW,-31.55200,149.50575
2395,WEETALIBA,NSW,-31.65501,149.59053
2396,BARADINE,NSW,-30.95000,149.06667
2396,BARWON,NSW,-30.97718,148.87588
2396,GOORIANAWA,NSW,-31.14668,148.99343
2396,KENEBRI,NSW,-30.78545,149.02617
2397,BELLATA,NSW,-29.90191,149.78840
2397,JEWS LAGOON,NSW,-29.81610,149.51000
2397,MILLIE,NSW,-29.77963,149.64119
2397,THALABA,NSW,-29.89422,149.43931
2398,GURLEY,NSW,-29.67076,149.79489
2399,BINIGUY,NSW,-29.48837,150.11523
2399,MILGUY,NSW,-33.73780,150.98800
2399,PALLAMALLAWA,NSW,-29.47216,150.14193
2400,ASHLEY,NSW,-29.31366,149.80589
2400,BULLARAH,NSW,-29.50216,149.10898
2400,CROOBLE,NSW,-29.25984,150.25767
2400,MALLOWA,NSW,-29.66221,149.32632
2400,MOREE,NSW,-29.46583,149.83389
2400,MOREE EAST,NSW,-29.46583,149.83389
2400,TERRY HIE HIE,NSW,-29.78504,150.16059
2400,TIKITERE,NSW,-29.44910,149.74900
2400,TULLOONA,NSW,-28.91919,150.02848
2400,YARRAMAN,NSW,-29.42619,149.87174
2401,GRAVESEND,NSW,-29.55552,150.35008
2402,COOLATAI,NSW,-29.25000,150.75000
2402,WARIALDA,NSW,-29.51863,150.55377
2402,WARIALDA RAIL,NSW,-29.63944,150.53492
2403,BALFOURS PEAK,NSW,-29.46370,150.78400
2403,DELUNGRA,NSW,-29.61966,150.81951
2403,GRAGIN,NSW,-29.55005,150.80527
2403,KOLOONA,NSW,-29.62480,150.72100
2403,MYALL CREEK,NSW,-29.77897,150.74291
2404,BANGHEET,NSW,-29.91226,150.35163
2404,BINGARA,NSW,-29.87041,150.56505
2404,DINOGA,NSW,-29.98309,150.60471
2404,ELCOMBE,NSW,-29.86557,150.33296
2404,GINEROI,NSW,-29.73754,150.54108
2404,KEERA,NSW,-29.93308,150.68973
2404,PALLAL,NSW,-29.95248,150.49794
2404,UPPER BINGARA,NSW,-30.06984,150.66476
2404,WHITLOW,NSW,-29.86210,150.68700
2405,BOOMI,NSW,-28.72364,149.57357
2405,GARAH,NSW,-29.06052,149.62582
2406,MUNGINDI,NSW,-28.90416,149.04085
2406,WEEMELAH,NSW,-28.90416,149.04085
2408,BLUE NOBBY,NSW,-28.98750,150.61400
2408,MUNGLE,NSW,-28.93060,150.28500
2408,NORTH STAR,NSW,-28.93053,150.39304
2408,YALLAROI,NSW,-29.03770,150.48300
2409,BOGGABILLA,NSW,-28.60538,150.36039
2409,BOONAL,NSW,-28.73625,150.62495
2410,TWIN RIVERS,NSW,-28.65806,150.78790
2410,YETMAN,NSW,-29.03750,150.86784
2411,CROPPA CREEK,NSW,-29.10636,150.32691
2415,MONKERAI,NSW,-32.30780,151.83726
2415,NOOROO,NSW,-32.39523,151.90054
2415,STROUD ROAD,NSW,-32.34581,151.94397
2415,UPPER KARUAH RIVER,NSW,-32.20558,151.80604
2415,WEISMANTELS,NSW,-32.26149,151.91182
2420,ALISON,NSW,-32.42529,151.77658
2420,BANDON GROVE,NSW,-32.25683,151.71299
2420,BENDOLBA,NSW,-32.33534,151.73053
2420,BROOKFIELD,NSW,-32.50948,151.75903
2420,BROWNMORE,NSW,-32.32970,151.74700
2420,CAMBRA,NSW,-32.44206,151.87530
2420,CHICHESTER,NSW,-32.21337,151.64139
2420,DINGADEE,NSW,-32.32970,151.74700
2420,DUNGOG,NSW,-32.40466,151.75241
2420,DUSODIE,NSW,-32.26420,151.69600
2420,FLAT TOPS,NSW,-32.46449,151.81202
2420,FOSTERTON,NSW,-32.34954,151.76488
2420,HANLEYS CREEK,NSW,-32.42480,151.67368
2420,HILLDALE,NSW,-32.50696,151.65015
2420,MAIN CREEK,NSW,-32.29767,151.78462
2420,MARSHDALE,NSW,-32.43499,151.79778
2420,MARTINS CREEK,NSW,-32.55000,151.61667
2420,MUNNI,NSW,-32.33342,151.66915
2420,SALISBURY,NSW,-32.21888,151.56251
2420,STROUD HILL,NSW,-32.38440,151.78645
2420,SUGARLOAF,NSW,-32.38977,151.71883
2420,TABBIL CREEK,NSW,-32.41474,151.73960
2420,TILLEGRA,NSW,-32.32970,151.74700
2420,UNDERBANK,NSW,-32.28171,151.60523
2420,UPPER CHICHESTER,NSW,-32.21340,151.64100
2420,WALLARINGA,NSW,-32.44798,151.67609
2420,WALLAROBBA,NSW,-32.48838,151.70214
2420,WIRRAGULLA,NSW,-32.47718,151.75174
2421,FISHERS HILL,NSW,-32.51160,151.52897
2421,PATERSON,NSW,-32.58333,151.60000
2421,SUMMER HILL,NSW,-32.45630,151.50700
2421,TOCAL,NSW,-32.61764,151.55850
2421,TORRYBURN,NSW,-32.47247,151.56254
2421,TREVALLYN,NSW,-30.27700,150.41800
2421,VACY,NSW,-32.53139,151.56889
2421,WEBBERS CREEK,NSW,-32.60128,151.47912
2422,BACK CREEK,NSW,-31.95385,152.02158
2422,BAKERS CREEK,NSW,-31.98244,152.09845
2422,BARRINGTON,NSW,-31.97128,151.90962
2422,BARRINGTON TOPS,NSW,-31.93660,151.56988
2422,BAXTERS RIDGE,NSW,-31.70736,151.90427
2422,BELBORA,NSW,-31.99488,152.15054
2422,BERRICO,NSW,-32.05907,151.79047
2422,BINDERA,NSW,-32.04352,151.83434
2422,BOWMAN,NSW,-31.93189,151.82118
2422,BOWMAN FARM,NSW,-31.93351,151.92468
2422,BRETTI,NSW,-31.78501,151.90858
2422,BULLIAC,NSW,-31.90915,152.06668
2422,BUNDOOK,NSW,-31.89531,152.11924
2422,CALLAGHANS CREEK,NSW,-31.84193,152.04087
2422,CALLAGHANS CREEKS,NSW,-31.84190,152.04100
2422,COBARK,NSW,-31.89728,151.70605
2422,CONEAC,NSW,-31.83169,151.80838
2422,COPELAND,NSW,-31.99509,151.84348
2422,CORROBOREE FLAT,NSW,-31.96520,151.79400
2422,CRAVEN,NSW,-32.14200,151.93968
2422,CRAVEN PLATEAU,NSW,-31.89166,151.76453
2422,CURRICABARK,NSW,-31.75182,151.62349
2422,DEWITT,NSW,-31.80388,151.79440
2422,DOON AYRE,NSW,-31.89610,152.09100
2422,FAULKLAND,NSW,-32.07649,151.88993
2422,FORBESDALE,NSW,-32.07697,151.95724
2422,GANGAT,NSW,-32.01547,152.06924
2422,GIRO,NSW,-31.63933,151.75428
2422,GLEN WARD,NSW,-31.79367,151.66951
2422,GLOUCESTER,NSW,-32.02333,151.95875
2422,GLOUCESTER TOPS,NSW,-32.06618,151.61962
2422,INVERGORDON,NSW,-32.06151,151.72358
2422,KIA ORA,NSW,-31.95613,151.98377
2422,MARES RUN,NSW,-31.64114,151.80006
2422,MAUDVILLE,NSW,-31.96520,151.79400
2422,MERNOT,NSW,-31.68851,151.57208
2422,MOGRANI,NSW,-32.01848,152.02769
2422,MOGRANI CREEK,NSW,-32.00930,152.02800
2422,MOPPY,NSW,-31.99182,151.58865
2422,MOUNT PEERLESS,NSW,-31.90720,151.80200
2422,PITLOCHRY,NSW,-31.95870,152.03800
2422,RAWDON VALE,NSW,-31.96627,151.69177
2422,ROOKHURST,NSW,-31.91150,151.83836
2422,STRATFORD,NSW,-32.11567,151.92407
2422,TERREEL,NSW,-32.24559,151.98505
2422,TIBBUC,NSW,-31.81997,151.91097
2422,TITAATEE CREEK,NSW,-32.04848,152.11078
2422,TUGRABAKH,NSW,-31.97251,151.99804
2422,UPPER BOWMAN,NSW,-31.92405,151.78338
2422,WALLANBAH,NSW,-32.09643,152.10387
2422,WAPRA,NSW,-31.96520,151.79400
2422,WARDS RIVER,NSW,-32.20789,151.93675
2422,WAUKIVORY,NSW,-32.13429,152.07254
2422,WIRRADGURIE,NSW,-31.96520,151.79400
2422,WOKO,NSW,-31.81034,151.84445
2423,BOMBAH POINT,NSW,-32.48705,152.27036
2423,BOOLAMBAYTE,NSW,-32.39658,152.26999
2423,BULAHDELAH,NSW,-32.40424,152.20932
2423,BUNGWAHL,NSW,-32.37482,152.41520
2423,COOLONGOLOOK,NSW,-32.21227,152.31927
2423,CRAWFORD RIVER,NSW,-32.44826,152.14732
2423,MARKWELL,NSW,-32.32258,152.18131
2423,MAYERS FLAT,NSW,-32.38053,152.34334
2423,MUNGO BRUSH,NSW,-32.50358,152.33880
2423,MYALL LAKE,NSW,-32.42538,152.38585
2423,NERONG,NSW,-32.50956,152.21393
2423,SEAL ROCKS,NSW,-32.43534,152.52571
2423,TOPI TOPI,NSW,-32.36200,152.33891
2423,UPPER MYALL,NSW,-32.25317,152.16959
2423,VIOLET HILL,NSW,-32.45109,152.32089
2423,WALLINGAT,NSW,-32.30320,152.45665
2423,WANG WAUK,NSW,-32.13887,152.28026
2423,WARRANULLA,NSW,-32.21818,152.14968
2423,WILLINA,NSW,-32.17796,152.26853
2423,WOOTTON,NSW,-32.31855,152.29345
2423,YAGON,NSW,-32.44999,152.44558
2424,CAFFREYS FLAT,NSW,-31.80667,152.07155
2424,CELLS RIVER,NSW,-31.57921,152.08572
2424,CHARITY CREEK,NSW,-31.86840,152.22000
2424,COOPLACURRIPA,NSW,-31.67175,152.02046
2424,CUNDLE FLAT,NSW,-31.81655,151.99277
2424,KNORRIT FLAT,NSW,-31.83523,152.10439
2424,KNORRIT FOREST,NSW,-31.78900,152.13200
2424,MOUNT GEORGE,NSW,-31.86407,152.20403
2424,NUMBER ONE,NSW,-31.74024,152.07513
2424,ROCKS CROSSING,NSW,-31.76890,152.07500
2424,TIRI,NSW,-31.84526,152.09366
2424,WOODSIDE,NSW,-29.10290,151.85600
2425,ALLWORTH,NSW,-32.55000,151.95000
2425,BOORAL,NSW,-32.46497,151.96758
2425,GIRVAN,NSW,-32.47894,152.06338
2425,STROUD,NSW,-32.40339,151.96626
2425,THE BRANCH,NSW,-32.54526,151.99530
2425,WASHPOOL,NSW,-32.36551,151.91700
2426,COOPERNOOK,NSW,-31.82361,152.60000
2426,LANGLEY VALE,NSW,-31.78846,152.56492
2426,MOTO,NSW,-31.82059,152.55611
2427,CROWDY HEAD,NSW,-31.84432,152.72651
2427,HARRINGTON,NSW,-31.87442,152.64349
2428,BLUEYS BEACH,NSW,-32.34687,152.52968
2428,BOOMERANG BEACH,NSW,-32.34014,152.54221
2428,BOOTI BOOTI,NSW,-32.31271,152.51793
2428,CHARLOTTE BAY,NSW,-32.35127,152.51500
2428,COOMBA BAY,NSW,-32.25865,152.43281
2428,COOMBA PARK,NSW,-32.23993,152.45335
2428,DARAWANK,NSW,-32.08849,152.47581
2428,ELIZABETH BEACH,NSW,-32.33159,152.53702
2428,FORSTER,NSW,-32.18056,152.51167
2428,FORSTER SHOPPING VILLAGE,NSW,-32.19940,152.51944
2428,GREEN POINT,NSW,-32.25153,152.51940
2428,PACIFIC PALMS,NSW,-32.33344,152.52937
2428,SANDBAR,NSW,-32.37856,152.52376
2428,SHALLOW BAY,NSW,-32.22448,152.42107
2428,SMITHS LAKE,NSW,-32.38055,152.50271
2428,TARBUCK BAY,NSW,-32.36391,152.47977
2428,TIONA,NSW,-32.29949,152.52014
2428,TUNCURRY,NSW,-32.17500,152.49889
2428,WALLINGAT,NSW,-32.30320,152.45700
2428,WALLIS LAKE,NSW,-32.26585,152.48564
2428,WHOOTA,NSW,-32.31489,152.48270
2429,BOBIN,NSW,-31.69165,152.27439
2429,BOORGANNA,NSW,-31.63250,152.37962
2429,BUCCA WAUKA,NSW,-32.10443,152.15713
2429,BULBY BRUSH,NSW,-32.11970,152.22200
2429,BULGA FOREST,NSW,-31.51775,152.21851
2429,BUNYAH,NSW,-32.14041,152.22601
2429,BURRELL CREEK,NSW,-31.94916,152.29785
2429,CAPARRA,NSW,-31.71877,152.23334
2429,CEDAR PARTY,NSW,-31.81875,152.36825
2429,COMBOYNE,NSW,-31.60587,152.46835
2429,DINGO FOREST,NSW,-31.69827,152.14226
2429,DOLLYS FLAT,NSW,-31.86704,152.32095
2429,DYERS CROSSING,NSW,-32.08049,152.32132
2429,ELANDS,NSW,-31.62736,152.30496
2429,FIREFLY,NSW,-32.07925,152.22748
2429,INNES VIEW,NSW,-31.58627,152.38585
2429,KARAAK FLAT,NSW,-31.91437,152.29492
2429,KHATAMBUHL,NSW,-31.81720,152.01300
2429,KILLABAKH,NSW,-31.74018,152.39172
2429,KILLAWARRA,NSW,-31.89283,152.30372
2429,KIMBRIKI,NSW,-31.92676,152.24948
2429,KINGS CREEK,NSW,-32.04220,152.28900
2429,KIPPAXS,NSW,-31.66394,152.31032
2429,KRAMBACH,NSW,-32.05000,152.26667
2429,KUNDIBAKH,NSW,-31.98189,152.25607
2429,MARLEE,NSW,-31.79550,152.31960
2429,MOORAL CREEK,NSW,-31.71534,152.35578
2429,STRATHCEDAR,NSW,-31.77010,152.36238
2429,THE BIGHT,NSW,-31.88065,152.38585
2429,TIPPERARY,NSW,-32.06844,152.16812
2429,WARRIWILLAH,NSW,-31.79450,152.31000
2429,WHERROL FLAT,NSW,-31.78151,152.22382
2429,WINGHAM,NSW,-31.85813,152.35578
2429,YARRATT FOREST,NSW,-31.77871,152.43425
2430,BLACK HEAD,NSW,-32.07054,152.53555
2430,BOHNOCK,NSW,-31.94615,152.56492
2430,BOOTAWA,NSW,-31.92376,152.36825
2430,BRIMBIN,NSW,-31.86407,152.48050
2430,CABBAGE TREE ISLAND,NSW,-31.94640,152.58800
2430,CHATHAM,NSW,-31.90082,152.48155
2430,CROKI,NSW,-31.87416,152.59429
2430,CUNDLETOWN,NSW,-31.88209,152.52674
2430,DIAMOND BEACH,NSW,-32.02856,152.53555
2430,DUMARESQ ISLAND,NSW,-31.90813,152.50325
2430,FAILFORD,NSW,-32.08472,152.44417
2430,GHINNI GHINNI,NSW,-31.87705,152.55023
2430,GLENTHORNE,NSW,-31.92559,152.47683
2430,HALLIDAYS POINT,NSW,-32.06835,152.51500
2430,HAPPY VALLEY,NSW,-35.08300,138.56700
2430,HILLVILLE,NSW,-31.98505,152.33891
2430,JONES ISLAND,NSW,-31.85839,152.59429
2430,KIWARRAK,NSW,-32.00325,152.43868
2430,KOLODONG,NSW,-31.88580,152.42300
2430,KOORAINGHAT,NSW,-31.98164,152.50325
2430,KUNDLE KUNDLE,NSW,-31.85056,152.52674
2430,LANSDOWNE,NSW,-31.78306,152.53444
2430,LANSDOWNE FOREST,NSW,-31.79286,152.60439
2430,MANNING POINT,NSW,-31.89443,152.65892
2430,MELINGA,NSW,-31.79865,152.50986
2430,MITCHELLS ISLAND,NSW,-31.90000,152.61667
2430,MONDROOK,NSW,-31.90715,152.40933
2430,OLD BAR,NSW,-31.96667,152.58333
2430,OXLEY ISLAND,NSW,-31.91406,152.57373
2430,PAMPOOLAH,NSW,-31.93576,152.50913
2430,POSSUM BRUSH,NSW,-32.05969,152.44081
2430,PURFLEET,NSW,-31.94287,152.46656
2430,RAINBOW FLAT,NSW,-32.03525,152.48564
2430,RED HEAD,NSW,-32.05617,152.54142
2430,SALTWATER,NSW,-32.00894,152.54142
2430,TALLWOODS VILLAGE,NSW,-32.05455,152.51206
2430,TAREE,NSW,-31.88949,152.44445
2430,TAREE DC,NSW,-31.88950,152.44400
2430,TAREE SOUTH,NSW,-31.93915,152.45629
2430,TAREE WEST,NSW,-31.91630,152.43500
2430,TINONEE,NSW,-31.93333,152.41667
2430,UPPER LANSDOWNE,NSW,-31.71457,152.46216
2430,WALLABI POINT,NSW,-31.99205,152.55904
2431,ARAKOON,NSW,-30.90569,153.06446
2431,JERSEYVILLE,NSW,-30.93333,153.03333
2431,SOUTH WEST ROCKS,NSW,-30.88417,153.04028
2439,BATAR CREEK,NSW,-31.67278,152.66773
2439,BLACK CREEK,NSW,-31.60154,152.66335
2439,BOBS CREEK,NSW,-31.58631,152.75003
2439,HERONS CREEK,NSW,-31.63420,152.61500
2439,KENDALL,NSW,-31.63333,152.70000
2439,KEREWONG,NSW,-31.65056,152.56218
2439,KEW,NSW,-31.63333,152.71667
2439,LOGANS CROSSING,NSW,-31.60909,152.70006
2439,LORNE,NSW,-31.66310,152.60310
2439,ROSSGLEN,NSW,-31.66857,152.72945
2439,SWANS CROSSING,NSW,-31.59307,152.58485
2439,UPSALLS CREEK,NSW,-31.62520,152.64423
2440,ALDAVILLA,NSW,-31.08167,152.76778
2440,AUSTRAL EDEN,NSW,-31.02350,152.92648
2440,BELLBROOK,NSW,-30.80619,152.50986
2440,BELLIMBOPINNI,NSW,-31.00758,152.90294
2440,BELMORE RIVER,NSW,-31.09197,152.97429
2440,BURNT BRIDGE,NSW,-31.11015,152.80588
2440,CARRAI,NSW,-30.82767,152.22382
2440,CLYBUCCA,NSW,-30.94830,152.95919
2440,COLLOMBATTI,NSW,-31.00189,152.83676
2440,COMARA,NSW,-30.69505,152.39062
2440,CORANGULA,NSW,-30.99926,152.67949
2440,CRESCENT HEAD,NSW,-31.18615,152.91324
2440,DEEP CREEK,NSW,-30.98432,152.69362
2440,DONDINGALONG,NSW,-31.14639,152.74415
2440,EAST KEMPSEY,NSW,-31.08374,152.85294
2440,EUROKA,NSW,-31.07108,152.80883
2440,FREDERICKTON,NSW,-31.03333,152.86667
2440,GEORGES CREEK,NSW,-30.58770,152.27900
2440,GLADSTONE,NSW,-31.01754,152.95884
2440,GREENHILL,NSW,-31.04989,152.80883
2440,GREENHILLS,NSW,-31.04990,152.80900
2440,HAMPDEN HALL,NSW,-31.06917,152.85882
2440,HAT HEAD,NSW,-31.05872,153.05192
2440,HICKEYS CREEK,NSW,-30.87452,152.59723
2440,KEMPSEY,NSW,-31.06048,152.84820
2440,KINCHELA,NSW,-30.99361,152.99167
2440,LOWER CREEK,NSW,-30.71968,152.25460
2440,MILLBANK,NSW,-30.83707,152.66259
2440,MOONEBA,NSW,-31.04432,152.69124
2440,MOPARRABAH,NSW,-30.98212,152.55352
2440,MUNGAY CREEK,NSW,-30.92371,152.66786
2440,OLD STATION,NSW,-31.06748,152.93042
2440,POLA CREEK,NSW,-31.05529,152.87941
2440,RAINBOW REACH,NSW,-30.93591,153.00887
2440,SEVEN OAKS,NSW,-30.99632,152.93530
2440,SHERWOOD,NSW,-31.06027,152.71475
2440,SKILLION FLAT,NSW,-31.01265,152.73827
2440,SMITHTOWN,NSW,-31.01323,152.94560
2440,SOUTH KEMPSEY,NSW,-31.06048,152.84820
2440,SUMMER ISLAND,NSW,-30.98902,152.96178
2440,TEMAGOG,NSW,-31.00039,152.61485
2440,TOOROOKA,NSW,-30.91399,152.49277
2440,TURNERS FLAT,NSW,-31.03895,152.66773
2440,VERGES CREEK,NSW,-31.08975,152.89117
2440,WEST KEMPSEY,NSW,-31.05721,152.82941
2440,WILLAWARRIN,NSW,-30.93556,152.63248
2440,WILLI WILLI,NSW,-30.93075,152.47128
2440,WITTITRIN,NSW,-31.09334,152.61166
2440,YARRAVEL,NSW,-31.03920,152.76178
2440,YESSABAH,NSW,-31.08022,152.68904
2441,ALLGOMERA,NSW,-30.81342,152.83745
2441,ALLGOMERA CREEK,NSW,-30.82140,152.82700
2441,BALLENGARRA,NSW,-31.29922,152.70263
2441,BARRAGANYATTI,NSW,-30.86975,152.93604
2441,BONVILLE,NSW,-30.36266,153.04022
2441,BRIL BRIL,NSW,-31.27862,152.55769
2441,BRINERVILLE,NSW,-30.47035,152.53665
2441,BROWNS CROSSING,NSW,-30.80510,152.88500
2441,COOPERABUNG,NSW,-31.29681,152.80416
2441,CROSSMAGLEN,NSW,-30.36710,152.99000
2441,EUNGAI CREEK,NSW,-30.83244,152.87941
2441,EUNGAI RAIL,NSW,-30.85633,152.89117
2441,FISHERMANS REACH,NSW,-30.86007,152.99342
2441,GEARYS FLAT,NSW,-31.17830,152.56900
2441,GRASSY HEAD,NSW,-30.78187,152.98533
2441,GUM SCRUB,NSW,-31.27860,152.71533
2441,HACKS FERRY,NSW,-31.33136,152.81140
2441,KIPPARA,NSW,-31.23432,152.52165
2441,KUNDABUNG,NSW,-31.20000,152.85000
2441,MARLO MERRICAN,NSW,-31.22900,152.67200
2441,ROLLANDS PLAINS,NSW,-31.29411,152.65010
2441,STUARTS POINT,NSW,-30.81074,152.98061
2441,TAMBAN,NSW,-30.86511,152.84106
2441,TELEGRAPH POINT,NSW,-31.33333,152.80000
2441,UPPER ROLLANDS PLAINS,NSW,-31.24673,152.65378
2441,YARRAHAPINNI,NSW,-30.81646,152.95001
2442,KEMPSEY MSC,NSW,-31.06050,152.84800
2442,MID NORTH COAST MC,NSW,-31.06050,152.84800
2442,MID NORTH COAST MSC,NSW,-31.43520,152.91700
2443,BOBS CREEK,NSW,-31.58631,152.75003
2443,CAMDEN HEAD,NSW,-31.64409,152.82941
2443,CORALVILLE,NSW,-31.79016,152.69712
2443,CROWDY BAY,NSW,-31.58631,152.75003
2443,DEAUVILLE,NSW,-31.67058,152.78971
2443,DIAMOND HEAD,NSW,-31.70111,152.77027
2443,DICKS HILL,NSW,-31.65350,152.82100
2443,DUNBOGAN,NSW,-31.66310,152.80883
2443,HANNAM VALE,NSW,-31.71667,152.60000
2443,HERONS CREEK,NSW,-31.58333,152.73333
2443,JOHNS RIVER,NSW,-31.72698,152.69712
2443,LAKEWOOD,NSW,-31.63452,152.76472
2443,LAURIETON,NSW,-31.64654,152.79412
2443,MIDDLE BROTHER,NSW,-31.70545,152.71375
2443,MOORLAND,NSW,-31.80034,152.65010
2443,NORTH BROTHER,NSW,-31.65736,152.77318
2443,NORTH HAVEN,NSW,-31.63940,152.81760
2443,STEWARTS RIVER,NSW,-31.71084,152.62370
2443,WAITUI,NSW,-31.68497,152.53849
2443,WEST HAVEN,NSW,-31.63495,152.78383
2444,BLACKMANS POINT,NSW,-31.39396,152.83235
2444,FERNBANK CREEK,NSW,-31.42027,152.84632
2444,FLYNNS BEACH,NSW,-31.44289,152.92638
2444,LIGHTHOUSE BEACH,NSW,-31.47892,152.92980
2444,LIMEBURNERS CREEK,NSW,-31.30999,152.85110
2444,NORTH SHORE,NSW,-31.40186,152.90037
2444,PORT MACQUARIE,NSW,-31.43333,152.90000
2444,PORT MACQUARIE BC,NSW,-31.44600,152.89500
2444,RIVERSIDE,NSW,-31.40459,152.87463
2444,SETTLEMENT CITY,NSW,-31.42714,152.89557
2444,THE HATCH,NSW,-31.36571,152.84153
2444,THRUMSTER,NSW,-31.45737,152.83235
2445,BONNY HILLS,NSW,-31.58167,152.83472
2445,GRANTS BEACH,NSW,-31.62018,152.83511
2445,JOLLY NOSE,NSW,-31.59057,152.78454
2445,LAKE CATHIE,NSW,-31.54653,152.83557
2446,BAGNOO,NSW,-31.46575,152.53739
2446,BAGO,NSW,-31.49250,152.64466
2446,BANDA BANDA,NSW,-31.19476,152.45288
2446,BEECHWOOD,NSW,-31.44272,152.66480
2446,BELLANGRY,NSW,-31.33631,152.60677
2446,BIRDWOOD,NSW,-31.34336,152.33525
2446,BROMBIN,NSW,-31.45706,152.63541
2446,BYABARRA,NSW,-31.53070,152.55655
2446,CAIRNCROSS,NSW,-31.34440,152.68151
2446,CROSSLANDS,NSW,-31.43904,152.71769
2446,DEBENHAM,NSW,-31.51507,152.21265
2446,DOYLES RIVER,NSW,-31.45152,152.12255
2446,ELLENBOROUGH,NSW,-31.43333,152.46667
2446,FORBES RIVER,NSW,-31.29415,152.31215
2446,FRAZERS CREEK,NSW,-31.43287,152.64050
2446,GEARYS FLAT,NSW,-31.17140,152.57611
2446,HARTYS PLAINS,NSW,-31.47154,152.62954
2446,HOLLISDALE,NSW,-31.39508,152.53784
2446,HUNTINGDON,NSW,-31.46640,152.65304
2446,HYNDMANS CREEK,NSW,-31.47727,152.59723
2446,KINDEE,NSW,-31.40155,152.44381
2446,KING CREEK,NSW,-31.49133,152.75003
2446,LAKE INNES,NSW,-31.49014,152.81994
2446,LONG FLAT,NSW,-31.43333,152.48333
2446,LOWER PAPPINBARRA,NSW,-31.42180,152.58548
2446,MARLO MERRICAN,NSW,-31.22898,152.67156
2446,MORTONS CREEK,NSW,-31.37863,152.65010
2446,MOUNT SEAVIEW,NSW,-31.39688,152.24287
2446,PAPPINBARRA,NSW,-31.37258,152.49518
2446,PEMBROOKE,NSW,-31.39342,152.75162
2446,PIPECLAY,NSW,-31.44372,152.53655
2446,RAWDON ISLAND,NSW,-31.41492,152.78530
2446,REDBANK,NSW,-31.42527,152.73827
2446,ROSEWOOD,NSW,-31.45672,152.69124
2446,SANCROX,NSW,-31.44930,152.79706
2446,TOMS CREEK,NSW,-31.53757,152.37595
2446,UPPER PAPPINBARRA,NSW,-31.31664,152.45940
2446,WAUCHOPE,NSW,-31.47214,152.73251
2446,WERRIKIMBE,NSW,-31.25014,152.21145
2446,YARRAS,NSW,-31.43539,152.34643
2446,YIPPIN CREEK,NSW,-31.45353,152.71181
2447,BAKERS CREEK,NSW,-30.81069,152.69969
2447,BURRAPINE,NSW,-30.71189,152.63387
2447,CONGARINNI,NSW,-30.77004,152.86176
2447,CONGARINNI NORTH,NSW,-30.69030,152.88529
2447,DONNELLYVILLE,NSW,-30.75439,152.91618
2447,GUMMA,NSW,-30.72742,152.95590
2447,MACKSVILLE,NSW,-30.71667,152.91667
2447,NEWEE CREEK,NSW,-30.63306,152.93361
2447,NORTH MACKSVILLE,NSW,-30.68888,152.95001
2447,SCOTTS HEAD,NSW,-30.74929,152.99416
2447,TALARM,NSW,-30.70098,152.83823
2447,TAYLORS ARM,NSW,-30.76336,152.71475
2447,THUMB CREEK,NSW,-30.68821,152.62071
2447,UPPER TAYLORS ARM,NSW,-30.79597,152.66847
2447,UTUNGUN,NSW,-30.74747,152.83235
2447,WARRELL CREEK,NSW,-30.77399,152.90294
2447,WAY WAY,NSW,-30.75747,152.96841
2447,WIRRIMBI,NSW,-30.66964,152.92353
2447,YARRANBELLA,NSW,-30.72755,152.76766
2448,HYLAND PARK,NSW,-30.61262,152.99563
2448,NAMBUCCA HEADS,NSW,-30.64197,152.99788
2448,VALLA,NSW,-30.60000,152.98333
2448,VALLA BEACH,NSW,-30.58925,153.00775
2448,VIEWMONT,NSW,-30.61650,152.87600
2449,ARGENTS HILL,NSW,-30.61586,152.80057
2449,BOWRAVILLE,NSW,-30.63333,152.85000
2449,BUCKRA BENDINNI,NSW,-30.63439,152.80515
2449,GIRRALONG,NSW,-30.57648,152.66481
2449,KENNAICLE CREEK,NSW,-30.52952,152.80883
2449,KILLIEKRANKIE,NSW,-30.56800,152.56100
2449,MISSABOTTI,NSW,-30.58212,152.82191
2449,SOUTH ARM,NSW,-30.67287,152.78864
2449,TEWINGA,NSW,-30.64641,152.90294
2450,BOAMBEE,NSW,-30.33333,153.08333
2450,BONVILLE,NSW,-30.38330,153.05000
2450,BROOKLANA,NSW,-30.26829,152.82275
2450,BUCCA,NSW,-30.12718,153.08541
2450,COFFS HARBOUR,NSW,-30.29861,153.10939
2450,COFFS HARBOUR DC,NSW,-30.29860,153.10900
2450,COFFS HARBOUR JETTY,NSW,-30.29620,153.14328
2450,COFFS HARBOUR PLAZA,NSW,-30.28268,153.13137
2450,CORAMBA,NSW,-30.21667,153.01667
2450,DAIRYVILLE,NSW,-30.26240,153.01200
2450,GLENREAGH,NSW,-30.05000,152.98333
2450,KARANGI,NSW,-30.26667,153.05000
2450,KORORA,NSW,-30.24587,153.11486
2450,LOWANNA,NSW,-30.20222,152.89976
2450,LOWER BUCCA,NSW,-30.12720,153.08500
2450,MOONEE BEACH,NSW,-30.18955,153.15019
2450,NANA GLEN,NSW,-30.13333,153.00000
2450,NORTH BOAMBEE VALLEY,NSW,-30.31020,153.06774
2450,SAPPHIRE BEACH,NSW,-30.22638,153.13547
2450,SHERWOOD,NSW,-30.03434,153.05523
2450,ULONG,NSW,-30.23333,152.90000
2450,UPPER ORARA,NSW,-30.27723,152.99121
2452,BAYLDON,NSW,-30.37090,153.09500
2452,BOAMBEE EAST,NSW,-30.35087,153.07069
2452,SAWTELL,NSW,-30.37209,153.09424
2452,TOORMINA,NSW,-30.35000,153.08333
2453,BIELSDOWN HILLS,NSW,-30.36720,152.68200
2453,BILLYS CREEK,NSW,-30.15256,152.56158
2453,BOSTOBRICK,NSW,-30.27400,152.62850
2453,BRIGGSVALE,NSW,-30.25000,152.78000
2453,CASCADE,NSW,-30.23366,152.77803
2453,CLOUDS CREEK,NSW,-30.08690,152.63121
2453,DEER VALE,NSW,-30.36040,152.52863
2453,DORRIGO,NSW,-30.33333,152.71667
2453,DORRIGO MOUNTAIN,NSW,-30.39045,152.72577
2453,DORRIGO NORTH,NSW,-30.28430,152.67400
2453,DUNDURRABIN,NSW,-30.18767,152.55244
2453,EBOR,NSW,-30.40000,152.35000
2453,FERNBROOK,NSW,-30.34166,152.62146
2453,GANGARA,NSW,-30.25170,152.59100
2453,GLEN FERNAIGH,NSW,-28.76900,153.49200
2453,HERNANI,NSW,-30.31974,152.41190
2453,LEIGH,NSW,-30.25170,152.59100
2453,MARENGO,NSW,-30.16448,152.36935
2453,MAYNARDS PLAINS,NSW,-30.38710,152.70200
2453,MEGAN,NSW,-30.31312,152.78457
2453,MOONPAR,NSW,-30.36720,152.68200
2453,MULDIVA,NSW,-30.29440,152.59000
2453,NEVER NEVER,NSW,-30.35583,152.81940
2453,NORTH DORRIGO,NSW,-30.26623,152.67949
2453,TALLOWWOOD RIDGE,NSW,-30.22008,152.70623
2453,TYRINGHAM,NSW,-30.24623,152.50492
2453,WILD CATTLE CREEK,NSW,-30.14637,152.74687
2454,BELLINGEN,NSW,-30.45224,152.89796
2454,BRIERFIELD,NSW,-30.52535,152.90882
2454,BRINERVILLE,NSW,-30.47030,152.53700
2454,BUNDAGEN,NSW,-30.40122,153.06295
2454,DARKWOOD,NSW,-30.43357,152.67214
2454,FERNMOUNT,NSW,-30.47598,152.95001
2454,GLENIFFER,NSW,-30.37095,152.88529
2454,GORDONVILLE,NSW,-30.40120,152.85800
2454,HYDES CREEK,NSW,-30.41480,152.91700
2454,KALANG,NSW,-30.48998,152.79265
2454,KOOROOWI,NSW,-30.47797,152.78012
2454,MYLESTOM,NSW,-30.46166,153.04125
2454,ORAMA,NSW,-30.45770,152.67200
2454,RALEIGH,NSW,-30.47386,152.99466
2454,REPTON,NSW,-30.43903,153.03536
2454,SCOTCHMAN,NSW,-30.45474,152.88930
2454,SPICKETTS CREEK,NSW,-30.52710,152.86700
2454,SUNNY CORNER,NSW,-30.48950,152.86400
2454,THORA,NSW,-30.41944,152.79853
2454,UPPER THORA,NSW,-30.41940,152.79900
2454,VALERY,NSW,-30.40536,152.97639
2455,TARKEETH,NSW,-30.49400,152.92400
2455,URUNGA,NSW,-30.51983,152.97944
2456,ARRAWARRA,NSW,-30.05293,153.19117
2456,ARRAWARRA HEADLAND,NSW,-30.06861,153.19528
2456,CORINDI BEACH,NSW,-30.03092,153.19867
2456,DIRTY CREEK,NSW,-29.98630,153.15000
2456,EMERALD BEACH,NSW,-30.15748,153.15019
2456,MULLAWAY,NSW,-30.08061,153.19585
2456,RED ROCK,NSW,-29.99720,153.21205
2456,SAFETY BEACH,NSW,-30.09499,153.19438
2456,SANDY BEACH,NSW,-30.14127,153.17376
2456,UPPER CORINDI,NSW,-30.01715,153.11599
2456,WOOLGOOLGA,NSW,-30.11304,153.18379
2460,ALUMY CREEK,NSW,-29.64183,152.95884
2460,BANYABBA,NSW,-29.41360,152.99400
2460,BARCOONGERE,NSW,-29.90039,153.20234
2460,BARRETTS CREEK,NSW,-29.32331,152.75975
2460,BARYULGIL,NSW,-29.21962,152.60347
2460,BLAXLANDS CREEK,NSW,-29.86385,152.79192
2460,BLAXLANDS FLAT,NSW,-29.90710,152.78300
2460,BOM BOM,NSW,-29.76173,152.93713
2460,BOOKRAM,NSW,-29.72191,153.22991
2460,BRAUNSTONE,NSW,-29.80000,152.96667
2460,BRUSHGROVE,NSW,-29.56528,153.08472
2460,BUCCARUMBI,NSW,-29.83738,152.68941
2460,CALAMIA,NSW,-29.85459,153.09590
2460,CANGAI,NSW,-29.50068,152.45592
2460,CARNHAM,NSW,-29.34186,152.63818
2460,CARRS CREEK,NSW,-29.65883,152.92648
2460,CARRS ISLAND,NSW,-29.67065,152.91324
2460,CARRS PENINSULA,NSW,-29.64183,152.95884
2460,CARRS PENINSULAR,NSW,-29.65264,152.90441
2460,CHAELUNDI,NSW,-29.97432,152.42859
2460,CHAMBIGNE,NSW,-29.76208,152.76693
2460,CLARENZA,NSW,-29.71313,153.00298
2460,CLIFDEN,NSW,-29.53616,152.98064
2460,COALDALE,NSW,-29.45251,152.82573
2460,COLLUM COLLUM,NSW,-29.25395,152.47771
2460,COOMBADJHA,NSW,-29.36303,152.50436
2460,COPMANHURST,NSW,-29.57678,152.79706
2460,COUTTS CROSSING,NSW,-29.81667,152.88333
2460,COWPER,NSW,-29.57698,153.09130
2460,CROWTHER ISLAND,NSW,-29.62766,152.92022
2460,DALMORTON,NSW,-29.86337,152.48436
2460,DEEP CREEK,NSW,-29.15980,152.63900
2460,DILKOON,NSW,-29.48941,152.97576
2460,DIRTY CREEK,NSW,-29.98633,153.15019
2460,DUMBUDGERY,NSW,-29.30000,152.52334
2460,EATONSVILLE,NSW,-29.64881,152.83235
2460,EIGHTEEN MILE,NSW,-29.24328,152.61859
2460,ELLAND,NSW,-29.77289,152.88529
2460,FINE FLOWER,NSW,-29.35747,152.64758
2460,FORTIS CREEK,NSW,-29.53113,152.87867
2460,GLENUGIE,NSW,-29.81954,153.02139
2460,GRAFTON,NSW,-29.68169,152.93365
2460,GRAFTON WEST,NSW,-29.68169,152.93365
2460,GREAT MARLOW,NSW,-29.65513,152.97061
2460,GURRANANG,NSW,-29.44385,153.00666
2460,HALFWAY CREEK,NSW,-29.93356,153.09866
2460,HEIFER STATION,NSW,-29.47741,152.63833
2460,JACKADGERY,NSW,-29.61004,152.63615
2460,JUNCTION HILL,NSW,-29.63741,152.92648
2460,KANGAROO CREEK,NSW,-29.93097,152.85955
2460,KEYBARBIN,NSW,-29.12020,152.60188
2460,KOOLKHAN,NSW,-29.61667,152.93333
2460,KREMNOS,NSW,-29.92843,152.94699
2460,KUNGALA,NSW,-29.95000,153.01667
2460,KYARRAN,NSW,-29.59415,152.97356
2460,LANITZA,NSW,-29.88333,153.00000
2460,LAWRENCE,NSW,-29.50000,153.10000
2460,LEVENSTRATH,NSW,-29.82203,152.93824
2460,LILYDALE,NSW,-29.53064,152.67765
2460,LIONSVILLE,NSW,-29.19597,152.49947
2460,LOWER COLDSTREAM,NSW,-29.59580,153.10600
2460,LOWER SOUTHGATE,NSW,-29.52320,153.08762
2460,MALABUGILMAH,NSW,-29.17913,152.62807
2460,MCPHERSONS CROSSING,NSW,-29.81070,152.91700
2460,MOLEVILLE CREEK,NSW,-29.56795,152.90294
2460,MOUNTAIN VIEW,NSW,-29.58641,152.93824
2460,MYLNEFORD,NSW,-29.61928,152.84411
2460,NEWBOLD,NSW,-29.51904,152.69599
2460,NYMBOIDA,NSW,-29.90113,152.70356
2460,PULGANBAR,NSW,-29.45031,152.68059
2460,PUNCHBOWL,NSW,-29.46771,152.78095
2460,RAMORNIE,NSW,-29.62212,152.74488
2460,RUSHFORTH,NSW,-29.74110,152.83823
2460,SANDY CROSSING,NSW,-29.76692,153.09572
2460,SEELANDS,NSW,-29.62706,152.87941
2460,SHANNONDALE,NSW,-29.79948,152.82117
2460,SMITHS CREEK,NSW,-29.48057,152.74719
2460,SOUTH ARM,NSW,-29.51977,153.17376
2460,SOUTH GRAFTON,NSW,-29.72568,152.93824
2460,SOUTHAMPTON,NSW,-29.70720,152.90294
2460,SOUTHGATE,NSW,-29.60595,153.00298
2460,STOCKYARD CREEK,NSW,-29.49240,152.82428
2460,THE PINNACLES,NSW,-29.54095,152.92648
2460,THE WHITEMAN,NSW,-29.60304,152.86764
2460,TOWALLUM,NSW,-30.08319,152.83177
2460,TRENAYR,NSW,-29.61690,152.94297
2460,TYNDALE,NSW,-29.57095,153.14062
2460,UPPER COPMANHURST,NSW,-29.57044,152.74415
2460,UPPER FINE FLOWER,NSW,-29.32383,152.65062
2460,WARRAGAI CREEK,NSW,-29.57235,152.97212
2460,WASHPOOL,NSW,-29.29582,152.38128
2460,WATERVIEW,NSW,-29.68579,152.90294
2460,WATERVIEW HEIGHTS,NSW,-29.69829,152.83823
2460,WELLS CROSSING,NSW,-29.88962,153.02653
2460,WHITEMAN CREEK,NSW,-29.57721,152.85132
2460,WINEGROVE,NSW,-29.54268,152.69124
2460,WOMBAT CREEK,NSW,-29.52710,152.75848
2462,CALLIOPE,NSW,-29.61732,153.07952
2462,COLDSTREAM,NSW,-29.59896,153.10602
2462,DIGGERS CAMP,NSW,-29.81476,153.28808
2462,GILLETTS RIDGE,NSW,-29.63575,153.11486
2462,LAKE HIAWATHA,NSW,-29.80389,153.25919
2462,LAVADIA,NSW,-29.70301,153.06857
2462,MINNIE WATER,NSW,-29.77651,153.29820
2462,PILLAR VALLEY,NSW,-29.77799,153.14946
2462,SWAN CREEK,NSW,-29.66694,153.00004
2462,TUCABIA,NSW,-29.65825,153.14430
2462,ULMARRA,NSW,-29.63333,153.03333
2462,WOOLI,NSW,-29.85296,153.26239
2463,ASHBY,NSW,-29.44714,153.18554
2463,ASHBY HEIGHTS,NSW,-29.39833,153.17611
2463,ASHBY ISLAND,NSW,-29.42205,153.20616
2463,BROOMS HEAD,NSW,-29.64300,153.30745
2463,GULMARRAD,NSW,-29.50058,153.22472
2463,ILARWILL,NSW,-29.47144,153.18149
2463,JACKY BULBIN FLAT,NSW,-29.30665,153.14053
2463,JAMES CREEK,NSW,-29.44913,153.24446
2463,MACLEAN,NSW,-29.44863,153.21475
2463,PALMERS CHANNEL,NSW,-29.46496,153.26804
2463,PALMERS ISLAND,NSW,-29.41629,153.29161
2463,SANDON,NSW,-29.70068,153.28443
2463,SHARK CREEK,NSW,-29.56259,153.23650
2463,TALOUMBI,NSW,-29.53968,153.25183
2463,THE SANDON,NSW,-29.66522,153.29481
2463,TOWNSEND,NSW,-29.46758,153.21795
2463,TULLYMORGAN,NSW,-29.40139,153.08909
2463,WOODFORD,NSW,-29.51528,153.13472
2463,WOODFORD ISLAND,NSW,-29.51530,153.13500
2464,ANGOURIE,NSW,-29.47917,153.35944
2464,FREEBURN ISLAND,NSW,-29.40272,153.33309
2464,MICALO ISLAND,NSW,-29.45030,153.31224
2464,WOOLOWEYAH,NSW,-29.47887,153.34446
2464,YAMBA,NSW,-29.43322,153.34062
2464,YURAYGIR,NSW,-29.53085,153.33176
2465,HARWOOD,NSW,-29.41688,153.24446
2466,ILUKA,NSW,-29.40171,153.35120
2466,THE FRESHWATER,NSW,-29.35926,153.32559
2466,WOODY HEAD,NSW,-29.36705,153.36699
2469,ALICE,NSW,-29.05300,152.60100
2469,BANYABBA,NSW,-29.41356,152.99441
2469,BEAN CREEK,NSW,-28.57662,152.58960
2469,BINGEEBEEBRA,NSW,-28.83980,152.79600
2469,BINGEEBEEBRA CREEK,NSW,-28.83978,152.79648
2469,BONALBO,NSW,-28.73900,152.62392
2469,BOOMOODEERIE,NSW,-28.91523,152.54436
2469,BOTTLE CREEK,NSW,-28.80212,152.63945
2469,BULLDOG,NSW,-29.04185,152.53298
2469,BUNGAWALBIN,NSW,-29.11636,153.18346
2469,BUSBYS FLAT,NSW,-29.04790,152.83456
2469,CAMBRIDGE PLATEAU,NSW,-28.80395,152.73173
2469,CAMIRA,NSW,-29.19542,152.98165
2469,CAMIRA CREEK,NSW,-29.25450,152.96500
2469,CAPEEN,NSW,-28.67060,152.58800
2469,CAPEEN CREEK,NSW,-28.54697,152.64788
2469,CHATSWORTH,NSW,-29.38463,153.24446
2469,CLEARFIELD,NSW,-29.15000,152.93333
2469,CLOVER PARK,NSW,-28.91520,152.54400
2469,COONGBAR,NSW,-29.11290,152.71879
2469,CULMARAN CREEK,NSW,-28.87586,152.70238
2469,DEEP CREEK,NSW,-28.98608,152.72971
2469,DRAKE,NSW,-28.92696,152.37265
2469,DRAKE VILLAGE,NSW,-28.92696,152.37265
2469,DUCK CREEK,NSW,-28.63750,152.63458
2469,EWINGAR,NSW,-29.08985,152.51971
2469,GIBBERAGEE,NSW,-29.18710,153.15290
2469,GOODWOOD ISLAND,NSW,-29.37406,153.28277
2469,GORGE CREEK,NSW,-28.73096,152.68312
2469,HAYSTACK,NSW,-28.65168,152.55647
2469,HOGARTH RANGE,NSW,-28.92140,152.82159
2469,JACKSONS FLAT,NSW,-28.85017,152.56749
2469,JOES BOX,NSW,-28.66853,152.58740
2469,KEYBARBIN,NSW,-29.12020,152.60200
2469,KIPPENDUFF,NSW,-29.14225,152.86691
2469,LOUISA CREEK,NSW,-29.00873,152.60494
2469,LOWER BOTTLE CREEK,NSW,-28.82331,152.60283
2469,LOWER DUCK CREEK,NSW,-28.74664,152.53693
2469,LOWER PEACOCK,NSW,-28.77669,152.57911
2469,MALLANGANEE,NSW,-28.90768,152.72183
2469,MOOKIMA WYBRA,NSW,-29.03075,152.54803
2469,MORORO,NSW,-29.34180,153.21721
2469,MOUNT MARSH,NSW,-29.30687,152.89081
2469,MUMMULGUM,NSW,-28.85474,152.79927
2469,MYRTLE CREEK,NSW,-29.14510,153.02216
2469,OLD BONALBO,NSW,-28.65000,152.60000
2469,PADDYS FLAT,NSW,-28.69521,152.42906
2469,PAGANS FLAT,NSW,-28.94676,152.56768
2469,PEACOCK CREEK,NSW,-28.70898,152.69216
2469,PIKAPENE,NSW,-29.06148,152.65218
2469,PRETTY GULLY,NSW,-28.78264,152.44761
2469,RAPPVILLE,NSW,-29.05807,152.92095
2469,SANDILANDS,NSW,-28.89838,152.65324
2469,SIMPKINS CREEK,NSW,-28.84190,152.78044
2469,SIX MILE SWAMP,NSW,-29.18885,152.85832
2469,TABULAM,NSW,-28.91819,152.55170
2469,THERESA CREEK,NSW,-28.79608,152.80625
2469,TUNGLEBUNG,NSW,-28.84084,152.68371
2469,UPPER DUCK CREEK,NSW,-28.56538,152.69306
2469,WARREGAH ISLAND,NSW,-29.38825,153.22384
2469,WHIPORIE,NSW,-29.28912,153.01108
2469,WOOMBAH,NSW,-29.35611,153.27694
2469,WYAN,NSW,-29.08514,152.86985
2469,YABBRA,NSW,-28.61565,152.53959
2470,ALICE,NSW,-29.05300,152.60100
2470,BABYL CREEK,NSW,-28.70197,152.81504
2470,BACKMEDE,NSW,-28.78599,153.02531
2470,BARAIMAL,NSW,-28.71239,153.00719
2470,CASINO,NSW,-28.86667,153.05000
2470,COOLANESS,NSW,-28.87840,152.96800
2470,COOMBELL,NSW,-28.99116,153.02632
2470,DOBIES BIGHT,NSW,-28.81575,152.96105
2470,DOUBTFUL CREEK,NSW,-28.68203,152.86544
2470,DYRAABA,NSW,-28.75595,152.88835
2470,DYRAABA CENTRAL,NSW,-28.75600,152.88800
2470,DYRAABA CREEK,NSW,-28.78530,152.86300
2470,ELLANGOWAN,NSW,-29.03581,153.07317
2470,FAIRY HILL,NSW,-28.79041,152.99342
2470,IRVINGTON,NSW,-28.86934,153.10381
2470,LEEVILLE,NSW,-28.94947,152.97576
2470,LOWER DYRAABA,NSW,-28.80267,152.88891
2470,MONGOGARIE,NSW,-28.98596,152.88435
2470,NAUGHTONS GAP,NSW,-28.80519,153.10308
2470,NORTH CASINO,NSW,-28.79761,153.06774
2470,PIORA,NSW,-28.85688,152.90220
2470,SEXTONVILLE,NSW,-28.68657,152.80699
2470,SHANNON BROOK,NSW,-28.90304,152.96326
2470,SPRING GROVE,NSW,-28.83406,153.10241
2470,STRATHEDEN,NSW,-28.74518,152.95222
2470,TOMKI,NSW,-28.86670,153.13300
2470,UPPER MONGOGARIE,NSW,-28.97018,152.85257
2470,WOODVIEW,NSW,-28.85606,152.96693
2470,WOOLNERS ARM,NSW,-28.66331,152.84462
2470,WOOROOWOOLGAN,NSW,-28.87163,153.03878
2470,YORKLEA,NSW,-28.95359,153.06038
2471,BORA RIDGE,NSW,-29.05606,153.17533
2471,CODRINGTON,NSW,-28.95400,153.24446
2471,CORAKI,NSW,-28.99339,153.28170
2471,EAST CORAKI,NSW,-29.02713,153.30929
2471,GREEN FOREST,NSW,-28.96907,153.36535
2471,GREENRIDGE,NSW,-28.91774,153.10970
2471,NORTH WOODBURN,NSW,-29.06368,153.34172
2471,SWAN BAY,NSW,-29.08675,153.28572
2471,TATHAM,NSW,-28.93059,153.16315
2471,WEST BUNGAWALBIN,NSW,-29.11260,153.10800
2471,WEST CORAKI,NSW,-29.02290,153.20000
2472,BROADWATER,NSW,-28.99650,153.40993
2472,BUCKENDOON,NSW,-29.03053,153.35056
2472,ESK,NSW,-29.24528,153.33487
2472,KILGIN,NSW,-29.04633,153.37414
2472,MOONEM,NSW,-29.14820,153.32100
2472,NEW ITALY,NSW,-29.15000,153.28333
2472,RILEYS HILL,NSW,-29.02521,153.38889
2472,TABBIMOBLE,NSW,-29.19932,153.27153
2472,THE GAP,NSW,-29.13770,153.37500
2472,TRUSTUMS HILL,NSW,-29.09340,153.33700
2472,WOODBURN,NSW,-29.07803,153.36162
2473,BUNDJALUNG,NSW,-29.12420,153.43100
2473,DOONBAH,NSW,-29.08451,153.38889
2473,EVANS HEAD,NSW,-29.10862,153.42171
2473,IRON GATES,NSW,-29.12141,153.42219
2473,SOUTH EVANS HEAD,NSW,-29.10862,153.42171
2474,AFTERLEE,NSW,-28.58167,152.81778
2474,BARKERS VALE,NSW,-28.53799,153.11486
2474,BORDER RANGES,NSW,-28.39527,153.07008
2474,CAWONGLA,NSW,-28.60000,153.10000
2474,CEDAR POINT,NSW,-28.69111,153.00303
2474,COLLINS CREEK,NSW,-28.47849,153.03053
2474,COUGAL,NSW,-28.36310,153.00666
2474,DAIRY FLAT,NSW,-28.37850,152.69400
2474,EDEN CREEK,NSW,-28.58789,152.90368
2474,EDENVILLE,NSW,-28.68831,152.96386
2474,ETTRICK,NSW,-28.66054,152.90296
2474,FAWCETTS PLAIN,NSW,-28.56934,153.00887
2474,FINDON CREEK,NSW,-28.40382,152.88934
2474,GENEVA,NSW,-28.61903,152.97650
2474,GHINNI GHI,NSW,-28.61514,152.81287
2474,GRADYS CREEK,NSW,-28.43444,152.95516
2474,GREEN PIGEON,NSW,-28.50338,153.06001
2474,GREVILLIA,NSW,-28.43716,152.81691
2474,HOMELEIGH,NSW,-28.56861,153.05597
2474,HORSE STATION CREEK,NSW,-28.62902,152.96080
2474,HORSESHOE CREEK,NSW,-28.53796,153.03720
2474,IRON POT CREEK,NSW,-28.64015,152.87294
2474,KILGRA,NSW,-28.54665,152.96455
2474,KYOGLE,NSW,-28.62539,153.00258
2474,LITTLE BACK CREEK,NSW,-28.60394,153.03352
2474,LOADSTONE,NSW,-28.38853,152.99931
2474,LYNCHS CREEK,NSW,-28.43989,153.00334
2474,NEW PARK,NSW,-28.60124,152.99416
2474,OLD GREVILLIA,NSW,-28.44199,152.86764
2474,ROSEBERRY,NSW,-28.49271,152.90294
2474,ROSEBERRY CREEK,NSW,-28.46972,152.80647
2474,RUKENVALE,NSW,-28.46655,152.89412
2474,SAWPIT CREEK,NSW,-28.38562,152.85287
2474,SHERWOOD,NSW,-28.43033,152.77070
2474,SMITHS CREEK,NSW,-28.55807,152.85588
2474,TERRACE CREEK,NSW,-28.42143,152.86139
2474,THE RISK,NSW,-28.46568,152.91839
2474,TOONUMBAR,NSW,-28.56274,152.79199
2474,UNUMGAR,NSW,-28.41501,152.74201
2474,UPPER EDEN CREEK,NSW,-28.53773,152.87720
2474,UPPER HORSESHOE CREEK,NSW,-28.53691,153.08762
2474,WADEVILLE,NSW,-28.55379,153.13841
2474,WARRAZAMBIL CREEK,NSW,-28.44163,153.02837
2474,WEST WIANGAREE,NSW,-28.55406,152.95958
2474,WIANGAREE,NSW,-28.52821,152.96951
2474,WYNEDEN,NSW,-28.54404,152.93641
2475,BEAURY CREEK,NSW,-28.45220,152.51500
2475,TOOLOOM,NSW,-28.63275,152.41763
2475,UPPER TOOLOOM,NSW,-28.52929,152.43978
2475,URBENVILLE,NSW,-28.46106,152.51830
2475,WALLABY CREEK,NSW,-28.45841,152.44366
2476,ACACIA CREEK,NSW,-28.37602,152.31545
2476,ACACIA PLATEAU,NSW,-28.34932,152.39972
2476,BOOMI CREEK,NSW,-28.50036,152.56570
2476,BRUMBY PLAINS,NSW,-28.46321,152.65538
2476,KOREELAH,NSW,-28.38996,152.42363
2476,LEGUME,NSW,-28.41063,152.30628
2476,LINDESAY CREEK,NSW,-28.34998,152.62128
2476,LOWER ACACIA CREEK,NSW,-28.43526,152.24131
2476,MULI MULI,NSW,-28.41824,152.58338
2476,OLD KOREELAH,NSW,-28.40315,152.42731
2476,THE GLEN,NSW,-28.40716,152.65598
2476,WOODENBONG,NSW,-28.39408,152.61853
2477,ALSTONVALE,NSW,-28.80611,153.44528
2477,ALSTONVILLE,NSW,-28.84087,153.44958
2477,BAGOTVILLE,NSW,-28.97500,153.40639
2477,CABBAGE TREE ISLAND,NSW,-28.98076,153.45672
2477,DALWOOD,NSW,-28.89202,153.40953
2477,EAST WARDELL,NSW,-28.96097,153.48030
2477,GOAT ISLAND,NSW,-28.98918,153.45745
2477,LYNWOOD,NSW,-28.86712,153.44491
2477,MEERSCHAUM VALE,NSW,-28.91083,153.43611
2477,PEARCES CREEK,NSW,-28.77240,153.45671
2477,ROUS,NSW,-28.86833,153.40306
2477,ROUS MILL,NSW,-28.87623,153.38594
2477,TUCKOMBIL,NSW,-28.81810,153.46851
2477,URALBA,NSW,-28.87294,153.47145
2477,WARDELL,NSW,-28.95000,153.46667
2477,WOLLONGBAR,NSW,-28.81667,153.40000
2478,BALLINA,NSW,-28.83797,153.56291
2478,BALLINA DC,NSW,-28.83800,153.56300
2478,COOLGARDIE,NSW,-28.91612,153.45966
2478,CUMBALUM,NSW,-28.82722,153.52694
2478,EAST BALLINA,NSW,-28.85373,153.58651
2478,EMPIRE VALE,NSW,-28.91667,153.52306
2478,KEITH HALL,NSW,-28.88703,153.53930
2478,KINVARA,NSW,-28.77760,153.52900
2478,LENNOX HEAD,NSW,-28.80000,153.58333
2478,PATCHS BEACH,NSW,-28.94768,153.50685
2478,PIMLICO,NSW,-28.90992,153.47840
2478,PIMLICO ISLAND,NSW,-28.91742,153.49439
2478,SKENNARS HEAD,NSW,-28.82639,153.60528
2478,SOUTH BALLINA,NSW,-28.88119,153.56291
2478,TEVEN,NSW,-28.81667,153.50000
2478,TINTENBAR,NSW,-28.80000,153.51667
2478,WEST BALLINA,NSW,-28.86462,153.53326
2479,BANGALOW,NSW,-28.68643,153.52247
2479,BINNA BURRA,NSW,-28.70419,153.49210
2479,BROOKLET,NSW,-28.73139,153.51500
2479,COOPERS SHOOT,NSW,-28.69741,153.56291
2479,COORABELL,NSW,-28.63931,153.49210
2479,FERNLEIGH,NSW,-28.76904,153.49210
2479,KNOCKROW,NSW,-28.75734,153.53930
2479,MCLEODS SHOOT,NSW,-28.65500,153.55406
2479,NASHUA,NSW,-28.72715,153.46695
2479,NEWRYBAR,NSW,-28.72056,153.52944
2479,POSSUM CREEK,NSW,-28.68256,153.49210
2479,ST HELENA,NSW,-28.66100,153.56300
2480,BACK CREEK,NSW,-28.71260,153.07851
2480,BENTLEY,NSW,-28.75102,153.08615
2480,BEXHILL,NSW,-28.75000,153.35000
2480,BLAKEBROOK,NSW,-28.76563,153.22089
2480,BLUE KNOB,NSW,-28.54886,153.19143
2480,BOAT HARBOUR,NSW,-28.77324,153.37120
2480,BOOERIE CREEK,NSW,-28.78144,153.24446
2480,BOORABEE PARK,NSW,-28.69141,153.05008
2480,BOOYONG,NSW,-28.74622,153.44786
2480,BUNGABBEE,NSW,-28.76962,153.13841
2480,CANIABA,NSW,-28.82785,153.20911
2480,CHILCOTTS GRASS,NSW,-28.83178,153.34172
2480,CLOVASS,NSW,-28.86632,153.16676
2480,CLUNES,NSW,-28.73333,153.40000
2480,COFFEE CAMP,NSW,-28.64690,153.22089
2480,CORNDALE,NSW,-28.70927,153.36235
2480,DORROUGHBY,NSW,-28.65733,153.35940
2480,DUNGARUBBA,NSW,-28.99241,153.37414
2480,DUNOON,NSW,-28.68333,153.31667
2480,EAST LISMORE,NSW,-28.82591,153.28866
2480,ELTHAM,NSW,-28.76244,153.40953
2480,EUREKA,NSW,-28.69178,153.43312
2480,FEDERAL,NSW,-28.65350,153.45700
2480,FERNSIDE,NSW,-28.78811,153.17084
2480,GEORGICA,NSW,-28.64517,153.16198
2480,GIRARDS HILL,NSW,-28.81697,153.27835
2480,GOOLMANGAR,NSW,-28.73080,153.24741
2480,GOONELLABAH,NSW,-28.81667,153.31667
2480,GUNDURIMBA,NSW,-28.87360,153.25800
2480,HOWARDS GRASS,NSW,-28.79189,153.30635
2480,JIGGI,NSW,-28.70415,153.18554
2480,KEERRONG,NSW,-28.71089,153.26804
2480,KOONORIGAN,NSW,-28.70088,153.22089
2480,LAGOON GRASS,NSW,-28.79439,153.31814
2480,LARNOOK,NSW,-28.66337,153.12074
2480,LEYCESTER,NSW,-28.77968,153.18554
2480,LILLIAN ROCK,NSW,-28.53720,153.16198
2480,LINDENDALE,NSW,-28.83055,153.37414
2480,LISMORE,NSW,-28.80932,153.28829
2480,LISMORE DC,NSW,-28.80870,153.27000
2480,LISMORE HEIGHTS,NSW,-28.80143,153.30045
2480,LOFTVILLE,NSW,-28.83582,153.25919
2480,MAROM CREEK,NSW,-28.92933,153.35646
2480,MCKEES HILL,NSW,-28.87260,153.19143
2480,MCLEANS RIDGES,NSW,-28.78986,153.38594
2480,MISSINGHAM,NSW,-28.67170,153.34100
2480,MODANVILLE,NSW,-28.71528,153.30111
2480,MONALTRIE,NSW,-28.84956,153.28572
2480,MOUNTAIN TOP,NSW,-28.61479,153.17967
2480,NIGHTCAP,NSW,-28.54527,153.28788
2480,NIMBIN,NSW,-28.59583,153.22306
2480,NORTH LISMORE,NSW,-28.78896,153.27982
2480,NUMULGI,NSW,-28.72339,153.32698
2480,REPENTANCE CREEK,NSW,-28.63485,153.40658
2480,RICHMOND HILL,NSW,-28.78860,153.34172
2480,ROCK VALLEY,NSW,-28.73815,153.16787
2480,ROSEBANK,NSW,-28.67352,153.39773
2480,RUTHVEN,NSW,-28.92669,153.26804
2480,SOUTH GUNDURIMBA,NSW,-28.88266,153.23857
2480,SOUTH LISMORE,NSW,-28.81632,153.25625
2480,STEVE KINGS PLAINS,NSW,-33.49970,149.31900
2480,STONY CHUTE,NSW,-28.58705,153.16787
2480,TERANIA CREEK,NSW,-28.61653,153.29684
2480,THE CHANNON,NSW,-28.66667,153.28333
2480,TREGEAGLE,NSW,-28.85794,153.35056
2480,TUCKI TUCKI,NSW,-28.92595,153.31519
2480,TUCKURIMBA,NSW,-28.95003,153.32698
2480,TULLERA,NSW,-28.74828,153.29161
2480,TUNCESTER,NSW,-28.80051,153.23268
2480,TUNTABLE CREEK,NSW,-28.62865,153.26214
2480,TUNTABLE FALLS,NSW,-28.59410,153.24500
2480,UPPER COOPERS CREEK,NSW,-28.60120,153.40100
2480,WHIAN WHIAN,NSW,-28.64708,153.31432
2480,WOODLAWN,NSW,-28.76616,153.31224
2480,WYRALLAH,NSW,-28.90000,153.30000
2481,BROKEN HEAD,NSW,-28.72646,153.59832
2481,BYRON BAY,NSW,-28.64737,153.60198
2481,EWINGSDALE,NSW,-28.63004,153.55110
2481,HAYTERS HILL,NSW,-28.67740,153.58400
2481,MYOCUM,NSW,-28.59852,153.50390
2481,SKINNERS SHOOT,NSW,-28.66528,153.58472
2481,SUFFOLK PARK,NSW,-28.68777,153.60739
2481,TALOFA,NSW,-28.67246,153.55996
2481,TYAGARAH,NSW,-28.60660,153.55278
2482,GOONENGERRY,NSW,-28.60529,153.43312
2482,HUONBROOK,NSW,-28.54965,153.36456
2482,KOONYUM RANGE,NSW,-28.53877,153.41247
2482,MAIN ARM,NSW,-28.51876,153.43312
2482,MONTECOLLUM,NSW,-28.59194,153.45966
2482,MULLUMBIMBY,NSW,-28.54694,153.49698
2482,MULLUMBIMBY CREEK,NSW,-28.55369,153.44491
2482,PALMWOODS,NSW,-28.51590,153.40658
2482,UPPER COOPERS CREEK,NSW,-28.60117,153.40068
2482,UPPER MAIN ARM,NSW,-28.49440,153.38163
2482,UPPER WILSONS CREEK,NSW,-28.51967,153.38594
2482,WANGANUI,NSW,-28.56606,153.38152
2482,WILSONS CREEK,NSW,-28.56520,153.43460
2483,BILLINUDGEL,NSW,-28.50359,153.51570
2483,BRUNSWICK HEADS,NSW,-28.55579,153.54364
2483,BURRINGBAR,NSW,-28.41795,153.46851
2483,CRABBES CREEK,NSW,-28.45536,153.49210
2483,MIDDLE POCKET,NSW,-28.48498,153.46556
2483,MOOBALL,NSW,-28.43370,153.49210
2483,NEW BRIGHTON,NSW,-28.51667,153.55000
2483,OCEAN SHORES,NSW,-28.50991,153.53408
2483,SLEEPY HOLLOW,NSW,-28.41697,153.51570
2483,SOUTH GOLDEN BEACH,NSW,-28.49812,153.54709
2483,THE POCKET,NSW,-28.49917,153.48389
2483,UPPER BURRINGBAR,NSW,-28.45137,153.42132
2483,WOOYUNG,NSW,-28.45626,153.53857
2483,YELGUN,NSW,-28.48000,153.49833
2484,BACK CREEK,NSW,-28.40672,153.17081
2484,BOAT HARBOUR,NSW,-32.79150,152.10900
2484,BRAY PARK,NSW,-28.34032,153.37562
2484,BRAYS CREEK,NSW,-28.41503,153.19732
2484,BYANGUM,NSW,-28.35000,153.36667
2484,BYRRILL CREEK,NSW,-28.43695,153.24667
2484,CEDAR CREEK,NSW,-28.41999,153.25919
2484,CHILLINGHAM,NSW,-28.31593,153.29161
2484,CHOWAN CREEK,NSW,-28.45229,153.37414
2484,CLOTHIERS CREEK,NSW,-28.33333,153.50000
2484,COMMISSIONERS CREEK,NSW,-28.49645,153.32698
2484,CONDONG,NSW,-28.31667,153.43333
2484,CRYSTAL CREEK,NSW,-28.32089,153.31519
2484,CUDGERA CREEK,NSW,-28.38333,153.51667
2484,DOON DOON,NSW,-28.49350,153.29805
2484,DULGUIGAN,NSW,-28.27567,153.40953
2484,DUM DUM,NSW,-28.39045,153.34017
2484,DUNBIBLE,NSW,-28.37902,153.38594
2484,DUNGAY,NSW,-28.28333,153.36667
2484,EUNGELLA,NSW,-28.35100,153.30500
2484,EVIRON,NSW,-28.30373,153.49210
2484,FARRANTS HILL,NSW,-28.32084,153.48325
2484,FERNVALE,NSW,-28.36500,153.42611
2484,HOPKINS CREEK,NSW,-28.29520,153.24446
2484,KIELVALE,NSW,-28.33340,153.43340
2484,KUNGHUR,NSW,-28.47183,153.26479
2484,KUNGHUR CREEK,NSW,-28.48945,153.24976
2484,KYNNUMBOON,NSW,-28.31159,153.37414
2484,LIMPINWOOD,NSW,-28.32379,153.22530
2484,MEBBIN,NSW,-28.44989,153.16241
2484,MIDGINBIL,NSW,-28.49483,153.26804
2484,MOUNT BURRELL,NSW,-28.50000,153.21667
2484,MOUNT WARNING,NSW,-28.38722,153.31876
2484,MURWILLUMBAH,NSW,-28.33226,153.38276
2484,MURWILLUMBAH DC,NSW,-28.33230,153.38300
2484,MURWILLUMBAH SOUTH,NSW,-28.34065,153.40953
2484,NOBBYS CREEK,NSW,-28.30000,153.33333
2484,NORTH ARM,NSW,-28.32916,153.34172
2484,NUMINBAH,NSW,-28.28112,153.26435
2484,NUNDERI,NSW,-28.32257,153.46556
2484,PALMVALE,NSW,-28.36873,153.49210
2484,PUMPENBIL,NSW,-28.38122,153.16287
2484,RESERVE CREEK,NSW,-28.34952,153.50390
2484,ROUND MOUNTAIN,NSW,-28.35000,153.55000
2484,ROWLANDS CREEK,NSW,-28.45223,153.35130
2484,SMITHS CREEK,NSW,-28.41983,153.37414
2484,SOUTH MURWILLUMBAH,NSW,-28.34065,153.40953
2484,STOKERS SIDING,NSW,-28.40000,153.40000
2484,TERRAGON,NSW,-28.43493,153.29161
2484,TOMEWIN,NSW,-28.25745,153.37414
2484,TYALGUM,NSW,-28.36667,153.21667
2484,TYALGUM CREEK,NSW,-28.35391,153.18628
2484,TYGALGAH,NSW,-28.29980,153.42132
2484,UKI,NSW,-28.41667,153.33333
2484,UPPER CRYSTAL CREEK,NSW,-28.27512,153.30340
2484,URLIUP,NSW,-28.25401,153.40953
2484,WARDROP VALLEY,NSW,-28.36343,153.45376
2484,ZARA,NSW,-28.31930,153.25600
2485,TWEED HEADS,NSW,-28.17856,153.51570
2485,TWEED HEADS WEST,NSW,-28.18695,153.50390
2486,BANORA POINT,NSW,-28.22333,153.53806
2486,BILAMBIL,NSW,-28.23333,153.46667
2486,BILAMBIL HEIGHTS,NSW,-28.21558,153.48430
2486,BUNGALORA,NSW,-28.24918,153.47735
2486,CAROOL,NSW,-28.23333,153.41667
2486,COBAKI,NSW,-28.20634,153.45376
2486,COBAKI LAKES,NSW,-28.17121,153.48030
2486,DUROBY,NSW,-28.24174,153.46113
2486,GLENGARRIE,NSW,-28.22779,153.40068
2486,PIGGABEEN,NSW,-28.19724,153.43607
2486,TERRANORA,NSW,-28.24116,153.50390
2486,TWEED HEADS SOUTH,NSW,-28.19429,153.53930
2486,TWEED HEADS SOUTH DC,NSW,-28.20000,153.54500
2486,UPPER DUROBY,NSW,-28.25142,153.43607
2487,CASUARINA,NSW,-28.28870,153.57390
2487,CHINDERAH,NSW,-28.23780,153.56130
2487,CUDGEN,NSW,-28.28333,153.55000
2487,DURANBAH,NSW,-28.31667,153.53333
2487,FINGAL HEAD,NSW,-28.20000,153.56670
2487,KINGS FOREST,NSW,-28.28890,153.54931
2487,KINGSCLIFF,NSW,-28.26459,153.57766
2487,STOTTS CREEK,NSW,-28.28241,153.50685
2488,BOGANGAR,NSW,-28.33333,153.55833
2488,CABARITA BEACH,NSW,-28.34362,153.57323
2488,TANGLEWOOD,NSW,-28.33700,153.53600
2489,HASTINGS POINT,NSW,-28.36093,153.57176
2489,POTTSVILLE,NSW,-28.38775,153.55809
2489,POTTSVILLE BEACH,NSW,-28.40350,153.56600
2490,NORTH TUMBULGUM,NSW,-28.26421,153.47146
2490,TUMBULGUM,NSW,-28.28333,153.48333
2500,CONISTON,NSW,-34.43834,150.88274
2500,GWYNNEVILLE,NSW,-34.41611,150.88389
2500,KEIRAVILLE,NSW,-34.40727,150.87547
2500,MANGERTON,NSW,-34.43278,150.87111
2500,MOUNT KEIRA,NSW,-34.40000,150.85000
2500,MOUNT SAINT THOMAS,NSW,-34.44121,150.87184
2500,NORTH WOLLONGONG,NSW,-34.40823,150.89874
2500,SPRING HILL,NSW,-34.45143,150.86966
2500,WEST WOLLONGONG,NSW,-34.42441,150.86820
2500,WOLLONGONG,NSW,-34.42781,150.89306
2500,WOLLONGONG DC,NSW,-34.43550,150.88700
2500,WOLLONGONG NORTH,NSW,-34.40820,150.89900
2500,WOLLONGONG WEST,NSW,-34.42441,150.86820
2502,CRINGILA,NSW,-34.47111,150.87194
2502,LAKE HEIGHTS,NSW,-34.48540,150.86600
2502,PRIMBEE,NSW,-34.50083,150.88167
2502,WARRAWONG,NSW,-34.48444,150.88750
2505,KEMBLAWARRA,NSW,-34.49221,150.88974
2505,PORT KEMBLA,NSW,-34.47448,150.89001
2506,BERKELEY,NSW,-34.47937,150.84058
2508,COALCLIFF,NSW,-34.24573,150.97292
2508,DARKES FOREST,NSW,-34.22997,150.90840
2508,HELENSBURGH,NSW,-34.18333,151.00000
2508,LILYVALE,NSW,-34.17828,151.02330
2508,MADDENS PLAINS,NSW,-34.24853,150.94142
2508,OTFORD,NSW,-34.21667,151.00000
2508,STANWELL PARK,NSW,-34.22862,150.98151
2508,STANWELL TOPS,NSW,-34.21990,150.99181
2508,WORONORA DAM,NSW,-34.14551,150.98492
2515,AUSTINMER,NSW,-34.30631,150.93451
2515,CLIFTON,NSW,-34.25944,150.96917
2515,COLEDALE,NSW,-34.28333,150.95000
2515,SCARBOROUGH,NSW,-34.27056,150.96028
2515,THIRROUL,NSW,-34.31473,150.91037
2515,WOMBARRA,NSW,-34.27500,150.95333
2516,BULLI,NSW,-34.32847,150.90456
2516,BULLI TOPS,NSW,-34.31540,150.89600
2517,RUSSELL VALE,NSW,-34.35800,150.90100
2517,WOONONA,NSW,-34.34167,150.90611
2517,WOONONA EAST,NSW,-34.34167,150.90611
2518,BELLAMBI,NSW,-34.36667,150.91667
2518,CORRIMAL,NSW,-34.36667,150.89167
2518,CORRIMAL EAST,NSW,-34.37639,150.91083
2518,EAST CORRIMAL,NSW,-34.37639,150.91083
2518,TARRAWANNA,NSW,-34.37833,150.88833
2518,TOWRADGI,NSW,-34.38333,150.90000
2519,BALGOWNIE,NSW,-34.38881,150.87760
2519,FAIRY MEADOW,NSW,-34.40057,150.89174
2519,FERNHILL,NSW,-34.38356,150.88929
2519,MOUNT OUSLEY,NSW,-34.40034,150.88056
2519,MOUNT PLEASANT,NSW,-34.39649,150.86820
2519,REIDTOWN,NSW,-34.38889,150.89389
2520,WOLLONGONG,NSW,-34.42781,150.89306
2522,UNIVERSITY OF WOLLONGONG,NSW,-34.40540,150.87843
2525,FIGTREE,NSW,-34.43194,150.84349
2526,CORDEAUX,NSW,-34.43967,150.83433
2526,CORDEAUX HEIGHTS,NSW,-34.43967,150.83433
2526,FARMBOROUGH HEIGHTS,NSW,-34.45556,150.81944
2526,KEMBLA GRANGE,NSW,-34.47055,150.79698
2526,KEMBLA HEIGHTS,NSW,-34.43056,150.80694
2526,MOUNT KEMBLA,NSW,-34.44200,150.80900
2526,STREAM HILL,NSW,-34.47300,150.78510
2526,UNANDERRA,NSW,-34.45361,150.84472
2526,UNANDERRA DC,NSW,-34.45360,150.84500
2527,ALBION PARK,NSW,-34.57595,150.77373
2527,ALBION PARK RAIL,NSW,-34.56667,150.79167
2527,CALDERWOOD,NSW,-34.55543,150.72434
2527,CROOM,NSW,-34.58506,150.80861
2527,NORTH MACQUARIE,NSW,-34.56658,150.74758
2527,TONGARRA,NSW,-34.58502,150.69239
2527,TULLIMBAR,NSW,-34.57872,150.73596
2527,YELLOW ROCK,NSW,-34.60732,150.73887
2527,YELLOW ROCK RIDGE,NSW,-34.57595,150.77373
2528,BARRACK HEIGHTS,NSW,-34.56500,150.85694
2528,BARRACK POINT,NSW,-34.56254,150.87039
2528,LAKE ILLAWARRA,NSW,-34.54167,150.85833
2528,MOUNT WARRIGAL,NSW,-34.54667,150.84333
2528,WARILLA,NSW,-34.55278,150.86167
2528,WINDANG,NSW,-34.52737,150.87402
2529,BALARANG,NSW,-34.55680,150.83400
2529,BLACKBUTT,NSW,-34.57167,150.83833
2529,DUNMORE,NSW,-34.61848,150.82023
2529,FLINDERS,NSW,-34.58000,150.84600
2529,OAK FLATS,NSW,-34.56194,150.81889
2529,OAK FLATS DC,NSW,-34.56510,150.81900
2529,SHELL COVE,NSW,-34.59000,150.86167
2529,SHELLHARBOUR,NSW,-34.59719,150.85512
2529,SHELLHARBOUR CITY CENTRE,NSW,-34.56333,150.83833
2529,SHELLHARBOUR SQUARE,NSW,-34.56440,150.83900
2530,AVONDALE,NSW,-34.52631,150.73887
2530,BROWNSVILLE,NSW,-34.48283,150.81006
2530,CLEVELAND,NSW,-34.50174,150.77083
2530,DAPTO,NSW,-34.49167,150.79167
2530,DOMBARTON,NSW,-34.45840,150.77200
2530,HAYWARDS BAY,NSW,-34.54239,150.79553
2530,HORSLEY,NSW,-34.49160,150.77083
2530,HUNTLEY,NSW,-34.49714,150.74132
2530,KANAHOOKA,NSW,-34.49167,150.80833
2530,KOONAWARRA,NSW,-34.50167,150.80833
2530,MARSHALL MOUNT,NSW,-34.54500,150.73667
2530,WONGAWILLI,NSW,-34.47500,150.75833
2530,YALLAH,NSW,-34.53333,150.80000
2533,BOMBO,NSW,-34.65467,150.85221
2533,CURRAMORE,NSW,-34.62353,150.76211
2533,JAMBEROO,NSW,-34.65000,150.78333
2533,JERRARA,NSW,-34.67921,150.82023
2533,KIAMA,NSW,-34.67382,150.84437
2533,KIAMA DOWNS,NSW,-34.64167,150.85000
2533,KIAMA HEIGHTS,NSW,-34.70223,150.84058
2533,MINNAMURRA,NSW,-34.62500,150.85194
2533,SADDLEBACK MOUNTAIN,NSW,-34.70000,150.80000
2534,BROUGHTON VILLAGE,NSW,-34.74190,150.75000
2534,FOXGROUND,NSW,-34.71735,150.77065
2534,GERRINGONG,NSW,-34.73914,150.82499
2534,GERROA,NSW,-34.76990,150.81313
2534,ROSE VALLEY,NSW,-34.71664,150.80861
2534,TOOLIJOOA,NSW,-34.76528,150.78472
2534,WERRI BEACH,NSW,-34.73277,150.83404
2534,WILLOW VALE,NSW,-34.73333,150.80000
2535,BACK FOREST,NSW,-34.84145,150.67787
2535,BELLAWONGARAH,NSW,-34.76229,150.61690
2535,BERRY,NSW,-34.77528,150.69389
2535,BERRY MOUNTAIN,NSW,-34.76489,150.64593
2535,BROGERS CREEK,NSW,-34.69629,150.69239
2535,BROUGHTON,NSW,-34.75597,150.72725
2535,BROUGHTON VALE,NSW,-34.73271,150.71563
2535,BUDDEROO,NSW,-34.67343,150.66478
2535,BUNDEWALLAH,NSW,-34.75257,150.66625
2535,COOLANGATTA,NSW,-34.85479,150.71417
2535,FAR MEADOW,NSW,-34.83066,150.70401
2535,JASPERS BRUSH,NSW,-34.79824,150.65754
2535,SHOALHAVEN HEADS,NSW,-34.85023,150.74155
2535,WATTAMOLLA,NSW,-34.72449,150.64593
2535,WOODHILL,NSW,-34.73060,150.66916
2536,BATEHAVEN,NSW,-35.73333,150.20000
2536,BATEMANS BAY,NSW,-35.71439,150.17947
2536,BENANDARAH,NSW,-35.63153,150.16549
2536,BIMBIMBIE,NSW,-35.84737,150.12427
2536,BUCKENBOWRA,NSW,-35.70864,150.02703
2536,CATALINA,NSW,-35.73210,150.18503
2536,CURROWAN,NSW,-35.57003,150.05865
2536,DENHAMS BEACH,NSW,-35.74828,150.21252
2536,DEPOT BEACH,NSW,-35.63019,150.32401
2536,DURRAS NORTH,NSW,-35.63653,150.30309
2536,EAST LYNNE,NSW,-35.56576,150.24943
2536,GUERILLA BAY,NSW,-35.82947,150.21831
2536,JEREMADRA,NSW,-35.81076,150.13584
2536,LILLI PILLI,NSW,-35.77638,150.21976
2536,LONG BEACH,NSW,-35.68661,150.22844
2536,MALONEYS BEACH,NSW,-35.70114,150.25450
2536,MALUA BAY,NSW,-35.79301,150.21686
2536,MERRICUMBENE,NSW,-35.72730,149.87400
2536,MOGO,NSW,-35.78333,150.13333
2536,MURRENGENBURG,NSW,-35.54800,150.00400
2536,NELLIGEN,NSW,-35.64530,150.09234
2536,NORTH BATEMANS BAY,NSW,-35.68387,150.19081
2536,PEBBLY BEACH,NSW,-35.59943,150.33287
2536,ROSEDALE,NSW,-35.81667,150.21667
2536,RUNNYFORD,NSW,-35.71887,150.10441
2536,SOUTH DURRAS,NSW,-35.66222,150.29222
2536,SUNSHINE BAY,NSW,-35.74422,150.20673
2536,SURF BEACH,NSW,-35.76001,150.20529
2536,SURFSIDE,NSW,-35.69541,150.19660
2536,WOODLANDS,NSW,-35.80347,150.18213
2537,BERGALIA,NSW,-35.99618,150.12292
2537,BINGIE,NSW,-36.01257,150.14741
2537,BROULEE,NSW,-35.84543,150.16942
2537,COILA,NSW,-36.00984,150.10112
2537,CONGO,NSW,-35.95979,150.13584
2537,DEUA,NSW,-35.91603,149.79604
2537,DEUA RIVER VALLEY,NSW,-35.83022,149.97754
2537,KIORA,NSW,-35.89533,149.99885
2537,MERINGO,NSW,-35.97964,150.13584
2537,MOGENDOURA,NSW,-35.86838,150.03751
2537,MORUYA,NSW,-35.90731,150.09281
2537,MORUYA HEADS,NSW,-35.91679,150.13403
2537,MOSSY POINT,NSW,-35.83004,150.17924
2537,TOMAKIN,NSW,-35.82324,150.19081
2537,TURLINJAH,NSW,-36.03326,150.07799
2537,TUROSS HEAD,NSW,-36.05160,150.12986
2537,WAMBAN,NSW,-35.94908,150.02802
2538,BROOMAN,NSW,-35.50528,150.23460
2538,LITTLE FOREST,NSW,-35.29787,150.36167
2538,MILTON,NSW,-35.31938,150.43906
2538,MOGOOD,NSW,-35.51453,150.20420
2538,MORTON,NSW,-35.41679,150.34610
2538,PORTERS CREEK,NSW,-35.25819,150.32515
2538,WOODBURN,NSW,-35.38067,150.37399
2538,WOODSTOCK,NSW,-35.35038,150.40804
2539,BAWLEY POINT,NSW,-35.51563,150.39373
2539,BENDALONG,NSW,-35.21915,150.48638
2539,BERRINGER LAKE,NSW,-35.24980,150.50500
2539,BURRILL LAKE,NSW,-35.38333,150.45000
2539,COCKWHY,NSW,-35.54160,150.29012
2539,CONJOLA,NSW,-35.26962,150.48102
2539,CONJOLA PARK,NSW,-35.26621,150.43993
2539,CROOBYAR,NSW,-35.32067,150.39065
2539,CUNJURONG POINT,NSW,-35.26309,150.50808
2539,DOLPHIN POINT,NSW,-35.40139,150.44428
2539,FISHERMANS PARADISE,NSW,-35.23101,150.44428
2539,KINGS POINT,NSW,-35.37299,150.44573
2539,KIOLOA,NSW,-35.56111,150.37417
2539,LAKE CONJOLA,NSW,-35.26962,150.48102
2539,LAKE TABOURIE,NSW,-35.43720,150.40515
2539,MANYANA,NSW,-35.25000,150.51667
2539,MOLLYMOOK,NSW,-35.34076,150.47038
2539,MOLLYMOOK BEACH,NSW,-35.32910,150.46893
2539,MOUNT KINGIMAN,NSW,-35.32470,150.35900
2539,NARRAWALLEE,NSW,-35.31251,150.46313
2539,POINTER MOUNTAIN,NSW,-35.26493,150.38015
2539,PRETTY BEACH,NSW,-35.57775,150.35233
2539,TERMEIL,NSW,-35.48685,150.33655
2539,ULLADULLA,NSW,-35.35724,150.46132
2539,YADBORO,NSW,-35.38286,150.23405
2539,YATTE YATTAH,NSW,-35.26670,150.41400
2540,BADAGARANG,NSW,-34.82820,150.57890
2540,BAMARANG,NSW,-34.89565,150.51932
2540,BARRINGELLA,NSW,-34.89717,150.49021
2540,BASIN VIEW,NSW,-35.09167,150.56667
2540,BEECROFT PENINSULA,NSW,-35.04299,150.80728
2540,BERRARA,NSW,-35.20693,150.55160
2540,BEWONG,NSW,-35.08007,150.53274
2540,BOLONG,NSW,-34.83555,150.64593
2540,BOOLIJAH,NSW,-35.05751,150.32897
2540,BREAM BEACH,NSW,-35.10861,150.66167
2540,BROWNS MOUNTAIN,NSW,-34.79479,150.52984
2540,BRUNDEE,NSW,-34.88905,150.65754
2540,BUANGLA,NSW,-34.84215,150.42347
2540,BURRIER,NSW,-34.87958,150.45407
2540,CALLALA BAY,NSW,-34.99077,150.71964
2540,CALLALA BEACH,NSW,-35.00233,150.69529
2540,CAMBEWARRA,NSW,-34.80400,150.56466
2540,CAMBEWARRA VILLAGE,NSW,-34.82258,150.55896
2540,COMBERTON,NSW,-34.94797,150.60462
2540,COMERONG ISLAND,NSW,-34.88476,150.72160
2540,CUDMIRRAH,NSW,-35.19843,150.55740
2540,CULBURRA BEACH,NSW,-34.93333,150.76667
2540,CURRARONG,NSW,-35.01667,150.81667
2540,EROWAL BAY,NSW,-35.09833,150.66167
2540,ETTREMA,NSW,-34.89010,150.29509
2540,FALLS CREEK,NSW,-34.99813,150.59368
2540,GREENWELL POINT,NSW,-34.91074,150.73038
2540,HMAS ALBATROSS,NSW,-34.93820,150.55626
2540,HMAS CRESWELL,ACT,-35.13247,150.70127
2540,HUSKISSON,NSW,-35.04184,150.67133
2540,HYAMS BEACH,NSW,-35.10332,150.69189
2540,ILLAROO,NSW,-34.84595,150.48625
2540,JERRAWANGALA,NSW,-35.11320,150.47744
2540,JERVIS BAY,ACT,-35.13105,150.70487
2540,KINGHORNE,NSW,-34.97971,150.77005
2540,LONGREACH,NSW,-34.87545,150.52984
2540,MAYFIELD,NSW,-34.91908,150.66625
2540,MEROO MEADOW,NSW,-34.81627,150.61109
2540,MONDAYONG,NSW,-35.16105,150.49989
2540,MOOLLATTOO,NSW,-34.78330,150.40662
2540,MUNDAMIA,NSW,-34.87772,150.56574
2540,MYOLA,NSW,-35.02379,150.67642
2540,NOWRA HILL,NSW,-34.93156,150.57046
2540,NOWRA NAVAL PO,NSW,-34.94140,150.55200
2540,NUMBAA,NSW,-34.88158,150.68658
2540,OLD EROWAL BAY,NSW,-35.08735,150.65028
2540,ORIENT POINT,NSW,-34.91080,150.74970
2540,PARMA,NSW,-34.96919,150.54144
2540,PYREE,NSW,-34.90806,150.68556
2540,SANCTUARY POINT,NSW,-35.10361,150.62667
2540,ST GEORGES BASIN,NSW,-35.08439,150.59175
2540,SUSSEX INLET,NSW,-35.15000,150.56667
2540,SWANHAVEN,NSW,-35.18635,150.57336
2540,TALLOWAL,NSW,-34.84200,150.22800
2540,TAPITALLEE,NSW,-34.83205,150.51823
2540,TERARA,NSW,-34.86977,150.62270
2540,TOMERONG,NSW,-35.06667,150.58333
2540,TULLARWALLA,NSW,-35.10987,150.51171
2540,TWELVE MILE PEG,NSW,-35.15354,150.39745
2540,VINCENTIA,NSW,-35.07667,150.67361
2540,WANDANDIAN,NSW,-35.08333,150.50000
2540,WATERSLEIGH,NSW,-34.85200,150.52694
2540,WOLLUMBOOLA,NSW,-34.93787,150.71141
2540,WOOLLAMIA,NSW,-35.01392,150.63432
2540,WORRIGEE,NSW,-34.91317,150.63432
2540,WORROWING HEIGHTS,NSW,-35.08227,150.64669
2540,WRECK BAY,ACT,-34.89565,150.51932
2540,WRIGHTS BEACH,NSW,-35.11667,150.66667
2540,YALWAL,NSW,-34.94138,150.41421
2540,YERRIYONG,NSW,-34.97839,150.52512
2541,BANGALEE,NSW,-34.84435,150.56466
2541,BOMADERRY,NSW,-34.85000,150.61667
2541,NORTH NOWRA,NSW,-34.85925,150.57336
2541,NOWRA,NSW,-34.88333,150.60000
2541,NOWRA DC,NSW,-34.88330,150.60000
2541,NOWRA EAST,NSW,-34.88325,150.60777
2541,NOWRA NORTH,NSW,-34.85925,150.57336
2541,SOUTH NOWRA,NSW,-34.90397,150.59948
2541,WEST NOWRA,NSW,-34.88249,150.58497
2545,BELOWRA,NSW,-36.18896,149.68708
2545,BODALLA,NSW,-36.10000,150.05000
2545,CADGEE,NSW,-36.14619,149.93600
2545,EUROBODALLA,NSW,-36.12849,149.79489
2545,NERRIGUNDAH,NSW,-36.11667,149.90000
2545,POTATO POINT,NSW,-36.10230,150.12318
2545,STONY CREEK,NSW,-36.62810,149.80000
2546,AKOLELE,NSW,-36.34661,150.07510
2546,BARRAGGA BAY,NSW,-36.50301,150.05197
2546,BEAUTY POINT,NSW,-36.37810,150.06800
2546,BERMAGUI,NSW,-36.44337,150.06136
2546,BERMAGUI SOUTH,NSW,-36.44340,150.06100
2546,CENTRAL TILBA,NSW,-36.29078,150.06064
2546,CORUNNA,NSW,-36.28019,150.10609
2546,CUTTAGEE,NSW,-36.47845,150.04329
2546,DALMENY,NSW,-36.16667,150.13333
2546,DIGNAMS CREEK,NSW,-36.32328,149.97465
2546,GREENDALE,NSW,-36.57670,149.83600
2546,KIANGA,NSW,-36.18903,150.09751
2546,MURRAH,NSW,-36.54020,150.02400
2546,MYSTERY BAY,NSW,-36.30361,150.13028
2546,NAROOMA,NSW,-36.24195,150.10819
2546,NORTH NAROOMA,NSW,-36.20796,150.10112
2546,TILBA TILBA,NSW,-36.29078,150.06064
2546,TINPOT,NSW,-36.21472,149.85604
2546,WADBILLIGA,NSW,-36.25387,149.60986
2546,WALLAGA LAKE,NSW,-36.38597,150.06678
2546,WALLAGA LAKE HEIGHTS,NSW,-36.39100,150.06400
2548,BERRAMBOOL,NSW,-36.87978,149.90892
2548,BOURNDA,NSW,-36.83140,149.90000
2548,MERIMBULA,NSW,-36.88755,149.90587
2548,MIRADOR,NSW,-36.87890,149.91900
2548,TURA BEACH,NSW,-36.85000,149.92500
2548,YELLOW PINCH,NSW,-36.86069,149.83710
2549,BALD HILLS,NSW,-36.91512,149.84684
2549,BROADWATER,NSW,-36.97368,149.89015
2549,GREIGS FLAT,NSW,-36.97032,149.86804
2549,LOCHIEL,NSW,-36.96226,149.81256
2549,MILLINGANDI,NSW,-36.88246,149.85262
2549,NETHERCOTE,NSW,-37.03420,149.82184
2549,PAMBULA,NSW,-36.91667,149.88333
2549,PAMBULA BEACH,NSW,-36.93333,149.90000
2549,SOUTH PAMBULA,NSW,-36.94612,149.84396
2550,ANGLEDALE,NSW,-36.63167,149.88444
2550,BEGA,NSW,-36.68891,149.84164
2550,BEMBOKA,NSW,-36.62447,149.56352
2550,BLACK RANGE,NSW,-36.73872,149.84684
2550,BOURNDA,NSW,-36.83143,149.90032
2550,BROGO,NSW,-36.51155,149.76748
2550,BUCKAJO,NSW,-36.69325,149.80171
2550,BUNGA,NSW,-36.68891,149.84164
2550,BURRAGATE,NSW,-37.00957,149.62664
2550,CANDELO,NSW,-36.76546,149.69033
2550,CHINNOCK,NSW,-36.70160,149.94178
2550,COBARGO,NSW,-36.38657,149.90180
2550,COOLAGOLITE,NSW,-36.40232,149.97772
2550,COOLANGUBRA,NSW,-36.99972,149.46034
2550,COOPERS GULLY,NSW,-36.64733,149.80066
2550,DEVILS HOLE,NSW,-36.87976,149.65068
2550,DOCTOR GEORGE MOUNTAIN,NSW,-36.66647,149.89593
2550,FROGS HOLLOW,NSW,-36.76500,149.82014
2550,GREENDALE,NSW,-36.57673,149.83602
2550,JELLAT JELLAT,NSW,-36.71967,149.88046
2550,KALARU,NSW,-36.73176,149.92770
2550,KAMERUKA,NSW,-36.71440,149.69609
2550,KANOONA,NSW,-36.75433,149.76961
2550,KINGSWOOD,NSW,-36.74210,149.82375
2550,MOGAREEKA,NSW,-36.69381,149.97681
2550,MOGILLA,NSW,-36.71637,149.54413
2550,MORANS CROSSING,NSW,-36.65527,149.65254
2550,MUMBULLA MOUNTAIN,NSW,-36.53556,149.89064
2550,MURRAH,NSW,-36.54018,150.02378
2550,MYRTLE MOUNTAIN,NSW,-36.84341,149.68456
2550,NELSON,NSW,-36.67836,149.97061
2550,NEW BUILDINGS,NSW,-36.96251,149.56496
2550,NUMBUGGA,NSW,-36.62180,149.74656
2550,PERICOE,NSW,-37.10398,149.59521
2550,QUAAMA,NSW,-36.46472,149.86889
2550,REEDY SWAMP,NSW,-36.69268,149.89304
2550,ROCKY HALL,NSW,-36.91062,149.47760
2550,SOUTH WOLUMLA,NSW,-36.83333,149.80833
2550,STONY CREEK,NSW,-36.62810,149.79994
2550,TANJA,NSW,-36.62014,149.96815
2550,TANTAWANGALO,NSW,-36.79771,149.58533
2550,TARRAGANDA,NSW,-36.67643,149.86994
2550,TATHRA,NSW,-36.73602,149.96742
2550,TOOTHDALE,NSW,-36.78975,149.75522
2550,TOWAMBA,NSW,-37.09807,149.70428
2550,VERONA,NSW,-36.45063,149.84149
2550,WALLAGOOT,NSW,-36.75786,149.93998
2550,WANDELLA,NSW,-36.31151,149.85623
2550,WAPENGO,NSW,-36.59626,149.99177
2550,WOG WOG,NSW,-37.07620,149.44200
2550,WOLUMLA,NSW,-36.83333,149.80833
2550,WYNDHAM,NSW,-36.93280,149.59800
2550,YAMBULLA,NSW,-37.23035,149.58808
2550,YANKEES CREEK,NSW,-36.48831,149.54740
2550,YOWRIE,NSW,-36.34510,149.75305
2551,BOYDTOWN,NSW,-37.10733,149.86994
2551,EDEN,NSW,-37.06667,149.90000
2551,EDROM,NSW,-37.13747,149.95570
2551,GREEN CAPE,NSW,-37.21108,149.99378
2551,KIAH,NSW,-37.14560,149.86924
2551,NADGEE,NSW,-37.39645,149.91037
2551,NARRABARBA,NSW,-37.24606,149.82173
2551,NULLICA,NSW,-37.08933,149.83605
2551,NUNGATTA,NSW,-37.20295,149.41819
2551,NUNGATTA SOUTH,NSW,-37.28030,149.45400
2551,TIMBILLICA,NSW,-37.37116,149.72115
2551,WONBOYN,NSW,-37.24993,149.91651
2551,WONBOYN LAKE,NSW,-37.24707,149.92481
2551,WONBOYN NORTH,NSW,-37.22009,149.92309
2555,BADGERYS CREEK,NSW,-33.87871,150.75049
2556,BRADFIELD,NSW,-33.91630,150.73400
2556,BRINGELLY,NSW,-33.94047,150.73306
2557,CATHERINE FIELD,NSW,-33.98330,150.76000
2557,GLEDSWOOD HILLS,NSW,-34.01170,150.78000
2557,GREGORY HILLS,NSW,-34.03080,150.77700
2557,ROSSMORE,NSW,-33.92240,150.76964
2558,EAGLE VALE,NSW,-34.03686,150.81144
2558,ESCHOL PARK,NSW,-34.03040,150.80942
2558,KEARNS,NSW,-34.02373,150.80628
2559,BLAIRMOUNT,NSW,-34.04881,150.78734
2559,CLAYMORE,NSW,-34.04440,150.80960
2560,AIRDS,NSW,-34.09160,150.82490
2560,AMBARVALE,NSW,-34.08333,150.80067
2560,APPIN,NSW,-34.20000,150.78333
2560,BLAIR ATHOL,NSW,-34.06300,150.80000
2560,BRADBURY,NSW,-34.08734,150.81626
2560,CAMPBELLTOWN,NSW,-34.06661,150.81956
2560,CAMPBELLTOWN NORTH,NSW,-34.06115,150.82630
2560,CATARACT,NSW,-34.29376,150.82480
2560,ENGLORIE PARK,NSW,-34.08066,150.79480
2560,GILEAD,NSW,-34.14101,150.79239
2560,GLEN ALPINE,NSW,-34.09000,150.78500
2560,KENTLYN,NSW,-34.05193,150.87797
2560,LEUMEAH,NSW,-34.05546,150.83328
2560,MACARTHUR SQUARE,NSW,-34.07485,150.79795
2560,ROSEMEADOW,NSW,-34.10700,150.79300
2560,RUSE,NSW,-34.07100,150.84230
2560,ST HELENS PARK,NSW,-34.11050,150.80790
2560,WEDDERBURN,NSW,-34.12612,150.81789
2560,WOODBINE,NSW,-34.04941,150.81967
2563,MENANGLE PARK,NSW,-34.10287,150.75049
2564,GLENQUARIE,NSW,-33.98570,150.89180
2564,LONG POINT,NSW,-34.01200,150.89700
2564,MACQUARIE FIELDS,NSW,-33.99434,150.88757
2565,BARDIA,NSW,-33.97820,150.85800
2565,DENHAM COURT,NSW,-33.98440,150.84444
2565,INGLEBURN,NSW,-34.00441,150.86302
2565,MACQUARIE LINKS,NSW,-33.98200,150.87400
2566,BOW BOWING,NSW,-34.01853,150.83816
2566,MINTO,NSW,-34.02646,150.85070
2566,MINTO DC,NSW,-34.02910,150.85000
2566,MINTO HEIGHTS,NSW,-34.03100,150.87430
2566,RABY,NSW,-34.02092,150.81733
2566,ST ANDREWS,NSW,-34.01980,150.83300
2566,VARROVILLE,NSW,-34.00758,150.81510
2567,CURRANS HILL,NSW,-34.04084,150.76853
2567,HARRINGTON PARK,NSW,-34.02769,150.73081
2567,MOUNT ANNAN,NSW,-34.06500,150.76000
2567,NARELLAN,NSW,-34.04511,150.73706
2567,NARELLAN DC,NSW,-34.04510,150.73700
2567,NARELLAN VALE,NSW,-34.05040,150.74830
2567,SMEATON GRANGE,NSW,-34.03500,150.75700
2568,MENANGLE,NSW,-34.13807,150.70982
2569,DOUGLAS PARK,NSW,-34.19248,150.70401
2570,BELIMBLA PARK,NSW,-34.08568,150.53854
2570,BICKLEY VALE,NSW,-34.08000,150.66500
2570,BROWNLOW HILL,NSW,-34.03480,150.65700
2570,BURRAGORANG VALLEY,NSW,-34.05860,150.38690
2570,CAMDEN,NSW,-34.05444,150.69583
2570,CAMDEN PARK,NSW,-34.09645,150.69990
2570,CAMDEN SOUTH,NSW,-34.08539,150.70744
2570,CAWDOR,NSW,-34.08333,150.68333
2570,COBBITTY,NSW,-34.01667,150.68333
2570,ELDERSLIE,NSW,-34.05462,150.71250
2570,ELLIS LANE,NSW,-34.03400,150.67500
2570,GLENMORE,NSW,-34.07367,150.59948
2570,GRASMERE,NSW,-34.05700,150.66700
2570,KIRKHAM,NSW,-34.03900,150.70900
2570,LEFEVRES CORNER,NSW,-34.02530,150.62900
2570,MOUNT HUNTER,NSW,-34.06667,150.63333
2570,NATTAI,NSW,-34.06393,150.46747
2570,OAKDALE,NSW,-34.08167,150.50111
2570,ORAN PARK,NSW,-34.00300,150.74300
2570,ORANGEVILLE,NSW,-34.02637,150.59368
2570,SPRING FARM,NSW,-34.07200,150.71800
2570,THE OAKS,NSW,-34.07680,150.57100
2570,THERESA PARK,NSW,-33.99118,150.63432
2570,WEROMBI,NSW,-33.98180,150.58459
2571,BALMORAL,NSW,-34.31528,150.51778
2571,BALMORAL VILLAGE,NSW,-34.31530,150.51800
2571,BUXTON,NSW,-34.25658,150.53348
2571,COURIDJAH,NSW,-34.23333,150.55000
2571,MALDON,NSW,-34.19861,150.63472
2571,MOWBRAY PARK,NSW,-34.15299,150.55305
2571,PICTON,NSW,-34.18333,150.60000
2571,RAZORBACK,NSW,-34.14629,150.66335
2571,WILTON,NSW,-34.23333,150.70000
2572,LAKESLAND,NSW,-34.16667,150.53333
2572,THIRLMERE,NSW,-34.20519,150.55351
2573,TAHMOOR,NSW,-34.23322,150.58787
2574,AVON,NSW,-34.42541,150.66857
2574,BARGO,NSW,-34.30000,150.58333
2574,PHEASANTS NEST,NSW,-34.25597,150.63560
2574,YANDERRA,NSW,-34.31667,150.56667
2575,ALPINE,NSW,-34.40583,150.50917
2575,AYLMERTON,NSW,-34.41843,150.49213
2575,BALACLAVA,NSW,-34.44130,150.47100
2575,BARRALLIER,NSW,-34.27180,150.05500
2575,BRAEMAR,NSW,-34.43100,150.48300
2575,BULLIO,NSW,-34.34500,150.16900
2575,COLO VALE,NSW,-34.40000,150.48333
2575,GOODMANS FORD,NSW,-34.29630,150.08400
2575,HIGH RANGE,NSW,-34.36667,150.30000
2575,HILL TOP,NSW,-34.35000,150.48333
2575,JOADJA,NSW,-34.42100,150.22000
2575,MANDEMAR,NSW,-34.43333,150.28333
2575,MITTAGONG,NSW,-34.45000,150.45000
2575,MOUNT LINDSEY,NSW,-34.45198,150.57021
2575,RENWICK,NSW,-34.44930,150.47500
2575,WATTLE RIDGE,NSW,-34.30237,150.42477
2575,WELBY,NSW,-34.43854,150.43413
2575,WILLOW VALE,NSW,-34.43167,150.46778
2575,WOODLANDS,NSW,-34.41667,150.38333
2575,YERRINBOOL,NSW,-34.36655,150.53771
2576,BONG BONG,NSW,-34.47877,150.41790
2576,BOWRAL,NSW,-34.47917,150.41806
2576,BURRADOO,NSW,-34.50849,150.40225
2576,EAST BOWRAL,NSW,-34.49459,150.45964
2576,EAST KANGALOON,NSW,-34.55305,150.58279
2576,GLENQUARRY,NSW,-34.53333,150.50000
2576,KANGALOON,NSW,-34.55000,150.53333
2577,AVOCA,NSW,-34.61528,150.48472
2577,BARREN GROUNDS,NSW,-34.67706,150.72430
2577,BARRENGARRY,NSW,-34.68333,150.51667
2577,BEAUMONT,NSW,-34.77680,150.57626
2577,BELANGLO,NSW,-34.53931,150.21759
2577,BENDEELA,NSW,-34.73510,150.47900
2577,BERRIMA,NSW,-34.48333,150.35000
2577,BUDGONG,NSW,-34.80250,150.47100
2577,BURRAWANG,NSW,-34.60000,150.51667
2577,CALWALLA,NSW,-34.56285,150.47494
2577,CANYONLEIGH,NSW,-34.53516,150.13294
2577,CARRINGTON FALLS,NSW,-34.64302,150.65868
2577,FITZROY FALLS,NSW,-34.63206,150.46095
2577,KANGAROO VALLEY,NSW,-34.73415,150.52586
2577,KNIGHTS HILL,NSW,-34.61538,150.69239
2577,MACQUARIE PASS,NSW,-34.56667,150.66667
2577,MANCHESTER SQUARE,NSW,-34.59945,150.40225
2577,MEDWAY,NSW,-34.48780,150.28635
2577,MERYLA,NSW,-34.66984,150.36204
2577,MOSS VALE,NSW,-34.55057,150.39643
2577,MOUNT MURRAY,NSW,-34.55282,150.63722
2577,MYRA VALE,NSW,-34.65077,150.51353
2577,NEW BERRIMA,NSW,-34.50290,150.33520
2577,PADDYS RIVER,NSW,-34.62546,150.10974
2577,PHEASANT GROUND,NSW,-34.61595,150.68347
2577,RED ROCKS,NSW,-34.76760,150.54100
2577,ROBERTSON,NSW,-34.58333,150.58333
2577,SUTTON FOREST,NSW,-34.56670,150.31670
2577,UPPER KANGAROO RIVER,NSW,-34.69557,150.59368
2577,UPPER KANGAROO VALLEY,NSW,-34.69557,150.59368
2577,WERAI,NSW,-34.58333,150.35000
2577,WILDES MEADOW,NSW,-34.62314,150.52984
2577,YARRUNGA,NSW,-34.58412,150.43434
2578,BUNDANOON,NSW,-34.65594,150.29215
2579,BIG HILL,NSW,-34.54850,150.00121
2579,BRAYTON,NSW,-34.64861,149.96778
2579,EXETER,NSW,-34.61667,150.31667
2579,MARULAN,NSW,-34.71667,150.00000
2579,MARULAN SOUTH,NSW,-34.71667,150.00000
2579,PENROSE,NSW,-34.67500,150.21250
2579,TALLONG,NSW,-34.71667,150.08333
2579,WINGELLO,NSW,-34.69008,150.15519
2580,BANNABY,NSW,-34.41291,149.90809
2580,BANNISTER,NSW,-34.60216,149.49296
2580,BAW BAW,NSW,-34.70920,149.63300
2580,BOXERS CREEK,NSW,-34.75270,149.83000
2580,BRISBANE GROVE,NSW,-34.79808,149.71988
2580,BUNGONIA,NSW,-34.85000,149.95000
2580,CARRICK,NSW,-34.71840,149.88100
2580,CHATSBURY,NSW,-34.50570,149.76800
2580,CURRAWANG,NSW,-34.94636,149.47224
2580,CURRAWEELA,NSW,-34.26250,149.79900
2580,GOLSPIE,NSW,-34.25428,149.67339
2580,GOULBURN,NSW,-34.74792,149.72774
2580,GOULBURN DC,NSW,-34.75530,149.71800
2580,GOULBURN NORTH,NSW,-34.74450,149.73393
2580,GREENWICH PARK,NSW,-34.59674,149.92192
2580,GUNDARY,NSW,-34.83184,149.80210
2580,JERRONG,NSW,-34.17279,149.86288
2580,KINGSDALE,NSW,-34.70052,149.70042
2580,KOMUNGLA,NSW,-34.85350,149.65100
2580,LAKE BATHURST,NSW,-35.05225,149.69681
2580,LEIGHWOOD,NSW,-34.26242,149.69067
2580,LOWER BORO,NSW,-35.14790,149.77200
2580,MAYFIELD,NSW,-35.18681,149.75204
2580,MCALISTER,NSW,-34.44928,149.75303
2580,MIDDLE ARM,NSW,-34.61881,149.73198
2580,MOUNT FAIRY,NSW,-35.19013,149.59881
2580,MOUNT RAE,NSW,-34.47391,149.70804
2580,MUMMEL,NSW,-34.66109,149.54246
2580,MYRTLEVILLE,NSW,-34.46760,149.81800
2580,PALING YARDS,NSW,-34.11970,149.81000
2580,PARKESBOURNE,NSW,-34.75721,149.55272
2580,POMEROY,NSW,-34.67290,149.51300
2580,QUIALIGO,NSW,-34.94114,149.76171
2580,RICHLANDS,NSW,-34.37220,149.81000
2580,ROSLYN,NSW,-34.49538,149.62114
2580,RUN-O-WATERS,NSW,-34.75534,149.67375
2580,SIX MILE FLAT,NSW,-34.72060,149.74900
2580,SPRING VALLEY,NSW,-34.94520,149.53000
2580,STONEQUARRY,NSW,-34.38160,149.77000
2580,TARAGO,NSW,-35.08768,149.66654
2580,TARALGA,NSW,-34.39613,149.81923
2580,TARLO,NSW,-34.61848,149.79345
2580,TIRRANNAVILLE,NSW,-34.82602,149.69825
2580,TOWRANG,NSW,-34.68728,149.85940
2580,WAYO,NSW,-34.61560,149.62186
2580,WIABOROUGH,NSW,-34.23950,149.88400
2580,WIARBOROUGH,NSW,-34.23954,149.88437
2580,WINDELLAMA,NSW,-35.02557,149.91037
2580,WOMBEYAN CAVES,NSW,-34.28916,149.97609
2580,WOODHOUSELEE,NSW,-34.59423,149.65978
2580,WOWAGIN,NSW,-34.41000,149.71000
2580,YALBRAITH,NSW,-34.26966,149.74620
2580,YARRA,NSW,-34.79716,149.60149
2581,BELLMOUNT FOREST,NSW,-34.92180,149.24276
2581,BEVENDALE,NSW,-34.48514,149.08588
2581,BIALA,NSW,-34.60869,149.19125
2581,BLAKNEY CREEK,NSW,-34.64569,149.03768
2581,BREADALBANE,NSW,-34.79512,149.49399
2581,BROADWAY,NSW,-34.70578,149.13503
2581,COLLECTOR,NSW,-34.91872,149.42820
2581,CULLERIN,NSW,-34.76641,149.35377
2581,DALTON,NSW,-34.74363,149.20000
2581,GUNNING,NSW,-34.78333,149.26667
2581,GURRUNDAH,NSW,-34.59883,149.37749
2581,LADE VALE,NSW,-34.85497,149.14050
2581,LAKE GEORGE,NSW,-35.08595,149.40302
2581,LERIDA,NSW,-34.85582,149.32214
2581,MERRILL,NSW,-34.67046,149.27881
2581,OOLONG,NSW,-34.77316,149.16697
2581,TALLAGANDA,NSW,-34.77960,149.38000
2581,WOLLOGORANG,NSW,-34.88884,149.47051
2582,BANGO,NSW,-34.77106,148.92278
2582,BERREMANGRA,NSW,-34.83022,148.51689
2582,BOAMBOLO,NSW,-34.96022,148.87658
2582,BOOKHAM,NSW,-34.80322,148.63226
2582,BOWNING,NSW,-34.76057,148.82395
2582,BURRINJUCK,NSW,-34.93942,148.54540
2582,CAVAN,NSW,-35.03785,148.86727
2582,DOG TRAP CROSSING,NSW,-34.97510,148.97600
2582,GOOD HOPE,NSW,-34.88545,148.85116
2582,GOONDAH,NSW,-34.73590,148.73300
2582,JEIR,NSW,-35.07854,148.96147
2582,JERRAWA,NSW,-34.79400,149.08301
2582,KANGIARA,NSW,-34.62627,148.78494
2582,LAVERSTOCK,NSW,-34.68495,148.86655
2582,MANTON,NSW,-34.87618,148.98584
2582,MARCHMONT,NSW,-34.88095,148.95006
2582,MULLION,NSW,-35.15407,148.90620
2582,MURRUMBATEMAN,NSW,-34.97294,149.02286
2582,NANANGROE,NSW,-34.90116,148.51285
2582,NANIMA,NSW,-35.00660,149.09900
2582,NARRANGULLEN,NSW,-35.05519,148.77105
2582,TANGMANGAROO,NSW,-34.63510,148.78500
2582,WEE JASPER,NSW,-35.16198,148.68623
2582,WOOLGARLO,NSW,-34.86987,148.71775
2582,YASS,NSW,-34.82611,148.91432
2582,YASS RIVER,NSW,-34.98162,149.19462
2583,BIGGA,NSW,-34.08077,149.22119
2583,BINDA,NSW,-34.32622,149.38073
2583,BLANKET FLAT,NSW,-34.13137,149.19858
2583,BROOKLANDS,NSW,-34.45633,149.46030
2583,COTTAWALLA,NSW,-34.48065,149.52603
2583,CROOKED CORNER,NSW,-34.22872,149.25998
2583,CROOKWELL,NSW,-34.46467,149.47438
2583,FULLERTON,NSW,-34.21195,149.53327
2583,GLENERIN,NSW,-34.50968,149.37712
2583,GRABBEN GULLEN,NSW,-34.53051,149.38792
2583,GREENMANTLE,NSW,-33.96671,149.10146
2583,HADLEY,NSW,-34.13425,149.59457
2583,JUNCTION POINT,NSW,-34.16953,149.34189
2583,KEMPTON,NSW,-34.19653,149.25416
2583,KIALLA,NSW,-34.54076,149.45809
2583,LAGGAN,NSW,-34.35462,149.53903
2583,LIMERICK,NSW,-34.21613,149.47605
2583,LOST RIVER,NSW,-34.46290,149.32000
2583,MULGOWRIE,NSW,-34.08493,149.15128
2583,NARRAWA,NSW,-34.36371,149.16662
2583,PEELWOOD,NSW,-34.12723,149.41230
2583,PEJAR,NSW,-34.51730,149.51500
2583,RUGBY,NSW,-34.38110,148.97724
2583,THALABA,NSW,-34.26000,149.51000
2583,THIRD CREEK,NSW,-34.52998,149.50474
2583,TUENA,NSW,-34.00423,149.31279
2583,WHEEO,NSW,-34.52109,149.28476
2584,BINALONG,NSW,-34.67967,148.66871
2584,ILLALONG CREEK,NSW,-34.72700,148.65900
2585,GALONG,NSW,-34.60060,148.53153
2586,BOOROWA,NSW,-34.43929,148.72258
2586,FROGMORE,NSW,-34.27847,148.84507
2586,GOBA CREEK,NSW,-34.30250,148.75207
2586,GODFREYS CREEK,NSW,-34.15209,148.64941
2586,KENYU,NSW,-34.26799,148.75304
2586,MURRINGO,NSW,-34.30348,148.51843
2586,REIDS FLAT,NSW,-34.20790,149.04464
2586,RYE PARK,NSW,-34.49658,148.87121
2586,TAYLORS FLAT,NSW,-34.22880,149.04750
2587,AURVILLE,NSW,-34.54934,148.36781
2587,BEGGAN BEGGAN,NSW,-34.63780,148.28300
2587,CUNNINGAR,NSW,-34.55656,148.43981
2587,DEMONDRILLE,NSW,-34.53699,148.32563
2587,GARANGULA,NSW,-34.55371,148.36518
2587,HARDEN,NSW,-34.55269,148.36670
2587,KINGSVALE,NSW,-34.41199,148.31323
2587,MCMAHONS REEF,NSW,-34.62373,148.41983
2587,MURRUMBURRAH,NSW,-34.56941,148.33390
2587,NUBBA,NSW,-34.50491,148.23558
2587,PRUNEVALE,NSW,-34.40235,148.32744
2587,WOMBAT,NSW,-34.42500,148.24200
2588,CULLINGA,NSW,-34.56770,148.17200
2588,WALLENDBEEN,NSW,-34.52213,148.12097
2590,BETHUNGRA,NSW,-34.76667,147.85000
2590,COOTAMUNDRA,NSW,-34.64167,148.02500
2590,ILLABO,NSW,-34.81667,147.75000
2594,ASHVILLE,NSW,-34.09040,148.05100
2594,BARWANG,NSW,-34.38080,148.41100
2594,BERTHONG,NSW,-34.39684,148.07864
2594,BRIBBAREE,NSW,-34.11785,147.86975
2594,BULLA CREEK,NSW,-34.13280,148.30574
2594,BURRANGONG,NSW,-34.28911,148.24626
2594,KIKIAMAH,NSW,-34.08835,148.09927
2594,MAIMURU,NSW,-34.23928,148.21635
2594,MEMAGONG,NSW,-34.31492,148.11314
2594,MILVALE,NSW,-34.33638,147.91377
2594,MONTEAGLE,NSW,-34.20499,148.33076
2594,THUDDUNGRA,NSW,-34.18587,148.23700
2594,TUBBUL,NSW,-34.18647,148.00684
2594,WEEDALLION,NSW,-34.19512,147.90154
2594,YANNAWAH,NSW,-34.36820,148.02500
2594,YOUNG,NSW,-34.30000,148.30000
2600,BARTON,ACT,-35.30778,149.13444
2600,CANBERRA,ACT,-35.30757,149.10992
2600,CAPITAL HILL,ACT,-35.30810,149.12400
2600,DEAKIN,ACT,-35.31600,149.10700
2600,DEAKIN WEST,ACT,-35.31763,149.09758
2600,DUNTROON,ACT,-35.30319,149.16169
2600,FAIRBAIRN RAAF,ACT,-35.30020,149.20400
2600,HARMAN,ACT,-35.34459,149.20001
2600,HMAS HARMAN,ACT,-35.34839,149.19751
2600,PARKES,ACT,-35.30000,149.13333
2600,PARLIAMENT HOUSE,ACT,-35.30822,149.12439
2600,RUSSELL,ACT,-35.29694,149.15028
2600,RUSSELL HILL,ACT,-35.29660,149.14900
2600,YARRALUMLA,ACT,-35.30509,149.09810
2601,ACTON,ACT,-35.27944,149.11944
2601,BLACK MOUNTAIN,ACT,-35.27484,149.11423
2601,CANBERRA,ACT,-35.28094,149.13001
2601,CITY,ACT,-35.28041,149.13255
2602,AINSLIE,ACT,-35.26278,149.14417
2602,DICKSON,ACT,-35.25250,149.13972
2602,DOWNER,ACT,-35.24417,149.14500
2602,HACKETT,ACT,-35.24806,149.16278
2602,LYNEHAM,ACT,-35.25000,149.12917
2602,O’CONNOR,ACT,-35.26278,149.14417
2602,O'CONNOR,ACT,-35.26278,149.14417
2602,WATSON,ACT,-35.23833,149.15333
2603,FORREST,ACT,-35.31806,149.12500
2603,GRIFFITH,ACT,-35.32472,149.13722
2603,MANUKA,ACT,-35.31826,149.13305
2603,RED HILL,ACT,-35.33397,149.12427
2604,CAUSEWAY,ACT,-35.31521,149.15078
2604,KINGSTON,ACT,-35.31556,149.14417
2604,NARRABUNDAH,ACT,-35.33250,149.15333
2605,CURTIN,ACT,-35.32500,149.07778
2605,GARRAN,ACT,-35.34200,149.10800
2605,HUGHES,ACT,-35.33300,149.09400
2606,CHIFLEY,ACT,-35.35111,149.07778
2606,LYONS,ACT,-35.34200,149.07600
2606,O’MALLEY,ACT,-35.35111,149.07778
2606,O'MALLEY,ACT,-35.35111,149.07778
2606,PHILLIP,ACT,-35.34944,149.09028
2606,PHILLIP DC,ACT,-35.34940,149.09000
2606,SWINGER HILL,ACT,-35.34944,149.09028
2606,WODEN,ACT,-35.34908,149.08983
2607,FARRER,ACT,-35.37722,149.10528
2607,ISAACS,ACT,-35.36750,149.11139
2607,MAWSON,ACT,-35.36500,149.09444
2607,PEARCE,ACT,-35.36200,149.08500
2607,TORRENS,ACT,-35.37278,149.08722
2608,CIVIC SQUARE,ACT,-35.28124,149.13083
2609,CANBERRA AIRPORT,ACT,-35.30520,149.19300
2609,CANBERRA INTERNATIONAL AIRPORT,ACT,-35.30523,149.19339
2609,FYSHWICK,ACT,-35.32900,149.17400
2609,MAJURA,ACT,-35.27367,149.21903
2609,PIALLIGO,ACT,-35.30639,149.18000
2609,SYMONSTON,ACT,-35.34639,149.17778
2610,CANBERRA BC,ACT,-35.28090,149.13000
2610,CANBERRA MC,ACT,-35.28090,149.13000
2611,BIMBERI,NSW,-35.57314,148.70898
2611,BRINDABELLA,NSW,-35.39356,148.74845
2611,CHAPMAN,ACT,-35.35700,149.04000
2611,COOLEMAN,NSW,-35.65314,148.70045
2611,COOMBS,ACT,-35.31890,149.04500
2611,COREE,ACT,-35.57314,148.70898
2611,DENMAN PROSPECT,ACT,-35.30310,149.02400
2611,DUFFY,ACT,-35.33700,149.03500
2611,FISHER,ACT,-35.36100,149.05700
2611,HOLDER,ACT,-35.33600,149.04500
2611,MOLONGLO,ACT,-35.29860,149.04150
2611,MOUNT STROMLO,ACT,-35.31616,149.01047
2611,PIERCES CREEK,ACT,-35.37057,148.89870
2611,RIVETT,ACT,-35.34800,149.03800
2611,STIRLING,ACT,-35.34900,149.05000
2611,STROMLO,ACT,-35.57314,148.70898
2611,URIARRA,NSW,-35.21200,148.92500
2611,URIARRA FOREST,ACT,-35.30538,148.89198
2611,URIARRA VILLAGE,ACT,-35.29700,148.92300
2611,WARAMANGA,ACT,-35.35300,149.06300
2611,WESTON,ACT,-35.33800,149.05900
2611,WESTON CREEK,ACT,-35.34102,149.05253
2611,WHITLAM,ACT,-35.57314,148.70898
2611,WRIGHT,ACT,-35.31700,149.03300
2612,BRADDON,ACT,-35.27194,149.13556
2612,CAMPBELL,ACT,-35.27920,149.14149
2612,REID,ACT,-35.28333,149.14167
2612,TURNER,ACT,-35.26861,149.12417
2614,ARANDA,ACT,-35.25833,149.08000
2614,COOK,ACT,-35.25972,149.06389
2614,HAWKER,ACT,-35.24400,149.03800
2614,JAMISON CENTRE,ACT,-35.25331,149.07077
2614,MACQUARIE,ACT,-35.25083,149.06472
2614,PAGE,ACT,-35.23833,149.04917
2614,SCULLIN,ACT,-35.23472,149.03833
2614,WEETANGERA,ACT,-35.25000,149.04900
2615,CHARNWOOD,ACT,-35.20000,149.03700
2615,DUNLOP,ACT,-35.19556,149.02000
2615,FLOREY,ACT,-35.22583,149.04944
2615,FLYNN,ACT,-35.20250,149.05028
2615,FRASER,ACT,-35.19250,149.05056
2615,HIGGINS,ACT,-35.23222,149.02722
2615,HOLT,ACT,-35.22417,149.01528
2615,KIPPAX,ACT,-35.22276,149.02066
2615,KIPPAX CENTRE,ACT,-35.22250,149.02000
2615,LATHAM,ACT,-35.21722,149.03139
2615,MACGREGOR,ACT,-35.21083,149.01528
2615,MACNAMARA,ACT,-35.21390,149.00600
2615,MELBA,ACT,-35.20833,149.05417
2615,SPENCE,ACT,-35.19889,149.06528
2615,STRATHNAIRN,ACT,-35.23240,148.99400
2616,BELCONNEN,ACT,-35.22190,149.03531
2617,BELCONNEN,ACT,-35.22816,149.09270
2617,BELCONNEN DC,ACT,-35.23700,149.06500
2617,BRUCE,ACT,-35.24200,149.07700
2617,EVATT,ACT,-35.21167,149.06778
2617,GIRALANG,ACT,-35.21194,149.09722
2617,KALEEN,ACT,-35.22100,149.10600
2617,LAWSON,ACT,-35.22500,149.08806
2617,MCKELLAR,ACT,-35.21750,149.07611
2617,UNIVERSITY OF CANBERRA,ACT,-35.23843,149.08426
2618,HALL,ACT,-35.16794,149.06167
2618,SPRINGRANGE,NSW,-35.05919,149.08700
2618,WALLAROO,NSW,-35.15303,149.00706
2619,JERRABOMBERRA,NSW,-35.38313,149.20180
2620,BEARD,ACT,-35.34130,149.21000
2620,BOOTH,ACT,-35.34130,149.21000
2620,BURBONG,NSW,-35.33810,149.31500
2620,BURRA,NSW,-35.55000,149.21667
2620,CARWOOLA,NSW,-35.36533,149.33714
2620,CLEAR RANGE,NSW,-35.63917,149.12635
2620,CRESTWOOD,NSW,-35.34832,149.21609
2620,DODSWORTH,NSW,-35.35874,149.24263
2620,ENVIRONA,NSW,-35.40000,149.18333
2620,GOOGONG,NSW,-35.43333,149.21667
2620,GREENLEIGH,NSW,-35.36111,149.25444
2620,GUNDAROO,NSW,-35.02916,149.26644
2620,HUME,ACT,-35.38700,149.17000
2620,KARABAR,NSW,-35.36667,149.23333
2620,KOWEN,ACT,-35.34130,149.21000
2620,KOWEN FOREST,ACT,-35.30274,149.25177
2620,LETCHWORTH,NSW,-35.36031,149.20739
2620,MICHELAGO,NSW,-35.74090,149.18313
2620,OAKS ESTATE,ACT,-35.34100,149.22900
2620,PADDYS RIVER,ACT,-35.34130,149.21000
2620,QUEANBEYAN,NSW,-35.35304,149.23090
2620,QUEANBEYAN DC,NSW,-35.34980,149.23200
2620,QUEANBEYAN EAST,NSW,-35.34528,149.24611
2620,QUEANBEYAN WEST,NSW,-35.35662,149.20467
2620,RIDGEWAY,NSW,-35.33800,149.26200
2620,ROYALLA,NSW,-35.50694,149.16806
2620,SUTTON,NSW,-35.16459,149.25391
2620,TENNENT,ACT,-35.34130,149.21000
2620,THARWA,ACT,-35.51667,149.06667
2620,THE ANGLE,NSW,-35.60224,149.10710
2620,THE RIDGEWAY,NSW,-35.33797,149.26213
2620,TINDERRY,NSW,-35.75432,149.28070
2620,TOP NAAS,ACT,-35.63329,149.06678
2620,TRALEE,NSW,-35.41237,149.16373
2620,URILA,NSW,-35.56446,149.29950
2620,WAMBOIN,NSW,-35.25833,149.30694
2620,WILLIAMSDALE,ACT,-35.34130,149.21000
2620,YARROW,NSW,-35.40136,149.30354
2621,ANEMBO,NSW,-35.74175,149.40806
2621,BUNGENDORE,NSW,-35.25000,149.45000
2621,BYWONG,NSW,-35.17996,149.31099
2621,FORBES CREEK,NSW,-35.42175,149.49296
2621,HOSKINSTOWN,NSW,-35.41101,149.44357
2621,PRIMROSE VALLEY,NSW,-35.47588,149.38103
2621,ROSSI,NSW,-35.45736,149.49584
2622,ARALUEN,NSW,-35.62184,149.81148
2622,ARALUEN NORTH,NSW,-35.62184,149.81148
2622,BACK CREEK,NSW,-35.33973,149.93961
2622,BALLALABA,NSW,-35.58951,149.66294
2622,BENDOURA,NSW,-35.55597,149.65939
2622,BERLANG,NSW,-35.73237,149.64778
2622,BOMBAY,NSW,-35.46482,149.69321
2622,BORO,NSW,-35.17634,149.70042
2622,BRAIDWOOD,NSW,-35.43483,149.80286
2622,BUDAWANG,NSW,-35.45716,149.96345
2622,BULEE,NSW,-35.00947,150.13095
2622,CHARLEYS FOREST,NSW,-35.39387,149.99389
2622,COOLUMBURRA,NSW,-35.06369,150.12156
2622,CORANG,NSW,-35.16583,150.07884
2622,DURRAN DURRA,NSW,-35.35453,149.87211
2622,ENDRICK,NSW,-35.24069,150.24814
2622,FARRINGDON,NSW,-35.51494,149.66185
2622,GUNDILLION,NSW,-35.52059,149.74873
2622,HAROLDS CROSS,NSW,-35.57071,149.55380
2622,HEREFORD HALL,NSW,-35.76792,149.56966
2622,JEMBAICUMBENE,NSW,-35.49441,149.77000
2622,JERRABATTCULLA,NSW,-35.69220,149.59300
2622,JERRABATTGULLA,NSW,-35.69218,149.59341
2622,JINDEN,NSW,-35.90395,149.57540
2622,JINGERA,NSW,-35.66724,149.43396
2622,KAIN,NSW,-35.76500,149.60400
2622,KINDERVALE,NSW,-35.61696,149.60853
2622,KRAWARREE,NSW,-35.71679,149.63843
2622,LARBERT,NSW,-35.31448,149.76027
2622,MAJORS CREEK,NSW,-35.57111,149.73889
2622,MANAR,NSW,-35.26561,149.69346
2622,MARLOWE,NSW,-35.29823,149.88718
2622,MERRICUMBENE,NSW,-35.72728,149.87386
2622,MONGA,NSW,-35.53985,149.92421
2622,MONGARLOWE,NSW,-35.40000,149.93900
2622,MULLOON,NSW,-35.27346,149.61826
2622,MURRENGENBURG,NSW,-35.54805,150.00360
2622,NERINGLA,NSW,-35.75440,149.82483
2622,NERRIGA,NSW,-35.13789,150.11280
2622,NORTHANGERA,NSW,-35.47056,149.92698
2622,OALLEN,NSW,-35.10269,149.91470
2622,ORANMEIR,NSW,-35.52060,149.74900
2622,PALERANG,NSW,-35.42900,149.56718
2622,QUIERA,NSW,-34.93240,150.19500
2622,REIDSDALE,NSW,-35.56624,149.84901
2622,SASSAFRAS,NSW,-35.08989,150.24183
2622,SNOWBALL,NSW,-35.90969,149.59218
2622,ST GEORGE,NSW,-35.07101,150.22899
2622,TIANJARA,NSW,-35.11541,150.26698
2622,TOLWONG,NSW,-34.83560,150.10200
2622,TOMBOYE,NSW,-35.26532,149.93964
2622,TOUGA,NSW,-34.92720,150.11009
2622,WARRI,NSW,-35.32762,149.69385
2622,WOG WOG,NSW,-35.29650,150.03353
2622,WYANBENE,NSW,-35.76801,149.66576
2623,CAPTAINS FLAT,NSW,-35.57659,149.44906
2624,BLUE COW,NSW,-36.38610,148.39300
2624,CHARLOTTE PASS,NSW,-36.38610,148.39300
2624,CHARLOTTES PASS,NSW,-36.43170,148.32900
2624,GUTHEGA,NSW,-36.38540,148.38100
2624,KOSCIUSKO,NSW,-36.41160,148.40000
2624,MUNYANG,NSW,-36.38610,148.39300
2624,PERISHER VALLEY,NSW,-36.40307,148.40022
2624,SMIGGIN HOLES,NSW,-36.39270,148.42700
2624,WILSONS VALLEY,NSW,-36.38610,148.39300
2625,THREDBO,NSW,-36.50130,148.31038
2625,THREDBO VILLAGE,NSW,-36.49957,148.29756
2626,BREDBO,NSW,-35.94204,149.20095
2626,BUMBALONG,NSW,-35.84857,149.12499
2626,COLINTON,NSW,-35.86985,149.16518
2627,BULLOCKS FLAT,NSW,-36.44280,148.44200
2627,BURRUNGUBUGGE,NSW,-36.44280,148.44200
2627,CRACKENBACK,NSW,-36.45168,148.50858
2627,CREEL BAY,NSW,-36.44280,148.44200
2627,EAST JINDABYNE,NSW,-36.39483,148.65058
2627,GROSSES PLAIN,NSW,-36.55513,148.50190
2627,GUNGARLIN,NSW,-36.20782,148.55096
2627,INGEBIRAH,NSW,-36.60494,148.48798
2627,INGEBYRA,NSW,-36.60490,148.48800
2627,INGEEGOODBEE,NSW,-36.44280,148.44200
2627,JACOBS RIVER,NSW,-36.44280,148.44200
2627,JINDABYNE,NSW,-36.41725,148.62483
2627,KALKITE,NSW,-36.33951,148.64792
2627,KOSCIUSKO,NSW,-36.45590,148.26400
2627,KOSCIUSKO NATIONAL PARK,NSW,-35.86660,148.49700
2627,KOSCIUSZKO,NSW,-36.45590,148.26400
2627,KOSCIUSZKO NATIONAL PARK,NSW,-35.86660,148.49700
2627,LOWER THREDBO,NSW,-36.50130,148.31000
2627,MOONBAH,NSW,-36.47584,148.60082
2627,NGARIGO,NSW,-36.44280,148.44200
2627,PILOT WILDERNESS,NSW,-36.67812,148.20832
2627,SAWPIT CREEK,NSW,-36.34640,148.55100
2628,AVONSIDE,NSW,-36.36376,148.72055
2628,BELOKA,NSW,-36.54094,148.72485
2628,BERRIDALE,NSW,-36.37942,148.84353
2628,BRAEMAR BAY,NSW,-36.10630,148.65100
2628,BYADBO WILDERNESS,NSW,-36.83035,148.58234
2628,COOTRALANTRA,NSW,-36.29073,148.81822
2628,DALGETY,NSW,-36.50000,148.83333
2628,EUCUMBENE,NSW,-36.13720,148.62868
2628,HILL TOP,NSW,-36.36376,148.72055
2628,JIMENBUEN,NSW,-36.36376,148.72055
2628,LOWER EUCEMBENE,NSW,-36.13720,148.62900
2628,NIMMO,NSW,-36.15200,148.52200
2628,NUMBLA VALE,NSW,-36.65384,148.83540
2628,PAUPONG,NSW,-36.59743,148.69052
2628,ROCKY PLAIN,NSW,-36.26726,148.73368
2628,SNOWY PLAIN,NSW,-36.15200,148.52200
2629,ADAMINABY,NSW,-35.99611,148.77389
2629,ANGLERS REACH,NSW,-36.01818,148.70762
2629,BOLARO,NSW,-35.99611,148.77389
2629,BROKEN DAM,NSW,-35.95510,148.50200
2629,CABRAMURRA,NSW,-35.93697,148.38463
2629,GOOANDRA,NSW,-35.99611,148.77389
2629,KIANDRA,NSW,-35.87270,148.48900
2629,LONG PLAIN,NSW,-35.66187,148.58054
2629,NUNGAR,NSW,-35.99611,148.77389
2629,OLD ADAMINABY,NSW,-36.02668,148.71412
2629,PROVIDENCE PORTAL,NSW,-35.94230,148.62712
2629,TANTANGARA,NSW,-35.71429,148.66537
2629,TOLBAR,NSW,-35.99611,148.77389
2629,YAOUK,NSW,-35.81936,148.80677
2630,ARABLE,NSW,-36.38698,148.99194
2630,BADJA,NSW,-36.07035,149.53801
2630,BILLILINGRA,NSW,-36.02355,149.14462
2630,BINJURA,NSW,-36.17746,149.10992
2630,BOBUNDARA,NSW,-36.47858,148.92210
2630,BUCKENDERRA,NSW,-36.18161,148.76560
2630,BUNGARBY,NSW,-36.69838,149.00680
2630,BUNYAN,NSW,-36.16234,149.13863
2630,CARLAMINDA,NSW,-36.26248,149.29447
2630,CHAKOLA,NSW,-36.05840,149.19964
2630,COOLRINGDON,NSW,-36.23721,149.01165
2630,COOMA,NSW,-36.22687,149.12979
2630,COOMA NORTH,NSW,-36.21755,149.12985
2630,COONERANG,NSW,-36.31500,149.19600
2630,COUNTEGANY,NSW,-36.15703,149.47551
2630,DAIRYMANS PLAINS,NSW,-36.22371,149.07434
2630,DANGELONG,NSW,-36.29472,149.23214
2630,DRY PLAIN,NSW,-36.12988,148.93173
2630,FRYING PAN,NSW,-36.15409,148.83674
2630,GLEN FERGUS,NSW,-36.19404,149.26215
2630,IRONMUNGY,NSW,-36.59228,148.94424
2630,JERANGLE,NSW,-35.93489,149.32634
2630,JIMENBUEN,NSW,-36.68809,148.80480
2630,LONG PLAIN,NSW,-35.66190,148.58100
2630,MAFFRA,NSW,-36.58228,148.95519
2630,MIDDLE FLAT,NSW,-36.25361,149.17990
2630,MIDDLINGBANK,NSW,-36.22937,148.85939
2630,MURRUMBUCCA,NSW,-36.09962,149.02886
2630,MYALLA,NSW,-36.44325,149.11766
2630,NIMMO,NSW,-36.16010,148.63500
2630,NUMERALLA,NSW,-36.17087,149.35341
2630,PEAK VIEW,NSW,-36.02193,149.40662
2630,PINE VALLEY,NSW,-36.24953,149.06113
2630,POLO FLAT,NSW,-36.23151,149.15298
2630,RHINE FALLS,NSW,-36.18223,148.90451
2630,ROCK FLAT,NSW,-36.31755,149.15267
2630,ROSE VALLEY,NSW,-36.13530,149.29148
2630,SHANNONS FLAT,NSW,-36.02008,148.98298
2630,SPRINGFIELD,NSW,-36.54009,149.12463
2630,THE BROTHERS,NSW,-36.31706,149.13324
2630,TUROSS,NSW,-36.30310,149.49250
2630,WAMBROOK,NSW,-36.15347,148.96685
2631,ANDO,NSW,-36.73340,149.29425
2631,BOCCI,NSW,-36.55040,149.33400
2631,BOCO,NSW,-36.60720,149.15584
2631,CREEWAH,NSW,-36.75332,149.37838
2631,GLEN ALLEN,NSW,-36.67920,149.34011
2631,GREENLANDS,NSW,-36.52218,149.40950
2631,HOLTS FLAT,NSW,-36.61284,149.27114
2631,JIMCUMBILLY,NSW,-36.55040,149.33400
2631,JINCUMBILLY,NSW,-36.70680,149.22900
2631,KYBEYAN,NSW,-36.40065,149.42568
2631,MOUNT COOPER,NSW,-36.65264,149.20350
2631,NIMMITABEL,NSW,-36.51230,149.28433
2631,STEEPLE FLAT,NSW,-36.60393,149.30776
2631,WINIFRED,NSW,-36.47480,149.37642
2632,BIBBENLUKE,NSW,-36.79891,149.35970
2632,BOMBALA,NSW,-36.91152,149.24232
2632,BONDI FOREST,NSW,-37.15301,149.21276
2632,BUKALONG,NSW,-36.80142,149.21114
2632,CAMBALONG,NSW,-36.92517,149.14214
2632,CATHCART,NSW,-36.84149,149.42082
2632,COOLUMBOOKA,NSW,-36.93979,149.29130
2632,CRAIGIE,NSW,-37.09251,149.05941
2632,GUNNINGRAH,NSW,-36.74036,149.15010
2632,LORDS HILL,NSW,-36.93100,149.21804
2632,MERRIANGAAH,NSW,-36.84420,149.02037
2632,MILA,NSW,-36.99195,149.08367
2632,MOUNT DARRAGH,NSW,-36.83740,149.51994
2632,NUNGATTA,NSW,-37.20290,149.41800
2632,PADDYS FLAT,NSW,-37.03756,149.33589
2632,PALARANG,NSW,-36.82852,149.11737
2632,QUIDONG,NSW,-36.95825,148.98248
2632,ROCKTON,NSW,-37.16320,149.31188
2632,ROSEMEATH,NSW,-36.94247,149.27470
2633,CORROWONG,NSW,-36.91217,148.75990
2633,DELEGATE,NSW,-37.04552,148.93675
2633,TOMBONG,NSW,-36.90261,148.93078
2640,ALBURY,NSW,-36.07373,146.91354
2640,BUNGOWANNAH,NSW,-35.99520,146.76157
2640,EAST ALBURY,NSW,-36.07500,146.93000
2640,ETTAMOGAH,NSW,-35.96817,146.99709
2640,GLENROY,NSW,-36.05400,146.91500
2640,LAVINGTON DC,NSW,-36.05000,146.93300
2640,MOORWATHA,NSW,-35.88835,146.76723
2640,NORTH ALBURY,NSW,-36.06000,146.93000
2640,OURNIE,NSW,-35.97402,147.82078
2640,SOUTH ALBURY,NSW,-36.09300,146.91500
2640,SPLITTERS CREEK,NSW,-36.06000,146.84000
2640,TABLE TOP,NSW,-35.96817,146.99709
2640,TALMALMO,NSW,-36.01707,147.34470
2640,THURGOONA,NSW,-36.05000,146.98333
2640,WEST ALBURY,NSW,-36.07300,146.89000
2640,WIRLINGA,NSW,-36.03215,147.03722
2640,WYMAH,NSW,-35.97744,147.24975
2641,HAMILTON VALLEY,NSW,-36.02574,146.89297
2641,LAVINGTON,NSW,-36.05000,146.93300
2641,LAVINGTON DC,NSW,-36.02574,146.89297
2641,SPRINGDALE HEIGHTS,NSW,-36.03300,146.95000
2642,BIDGEEMIA,NSW,-35.39201,146.51787
2642,BROCKLESBY,NSW,-35.77367,146.65314
2642,BURRUMBUTTOCK,NSW,-35.83768,146.80512
2642,GEEHI,NSW,-36.34569,148.24816
2642,GEROGERY,NSW,-35.85893,146.95457
2642,GLENELLEN,NSW,-35.90994,146.90772
2642,GREG GREG,NSW,-36.05868,148.07990
2642,INDI,NSW,-36.25266,148.04226
2642,JAGUMBA,NSW,-36.04251,148.23596
2642,JAGUNGAL WILDERNESS,NSW,-36.14925,148.34178
2642,JINDERA,NSW,-35.95411,146.87773
2642,JINGELLIC,NSW,-35.93807,147.65418
2642,KHANCOBAN,NSW,-36.22000,148.12694
2642,MURRAY GORGE,NSW,-36.44400,148.10803
2642,RAND,NSW,-35.60143,146.62298
2642,TOOMA,NSW,-35.97544,148.08433
2642,WALBUNDRIE,NSW,-35.69428,146.74156
2642,WELAREGANG,NSW,-36.01667,147.96667
2642,WRATHALL,NSW,-35.38450,146.92700
2642,YERONG CREEK,NSW,-35.39208,147.06081
2643,HOWLONG,NSW,-35.95801,146.62894
2644,BOWNA,NSW,-35.93595,147.13710
2644,COPPABELLA,NSW,-35.73305,147.72746
2644,HOLBROOK,NSW,-35.71935,147.32407
2644,LANKEYS CREEK,NSW,-35.81667,147.66667
2644,LITTLE BILLABONG,NSW,-35.63853,147.50870
2644,MOUNTAIN CREEK,NSW,-35.78668,147.15947
2644,MULLENGANDRA,NSW,-35.87694,147.18056
2644,WANTAGONG,NSW,-35.74825,147.57345
2644,WOOMARGAMA,NSW,-35.86599,147.31208
2644,YARARA,NSW,-35.72390,147.64400
2645,COONONG,NSW,-35.32570,146.27006
2645,CULLIVEL,NSW,-35.27360,146.41500
2645,URANA,NSW,-35.32176,146.27023
2645,YULUMA,NSW,-35.16295,146.50084
2646,BALLDALE,NSW,-35.84353,146.51786
2646,BULL PLAIN,NSW,-35.83905,146.11734
2646,BURAJA,NSW,-35.86131,146.36820
2646,COADS TANK,NSW,-35.69676,146.28691
2646,COLLENDINA,NSW,-36.02408,146.22064
2646,COREEN,NSW,-35.75077,146.34641
2646,COROWA,NSW,-35.98333,146.38333
2646,DAYSDALE,NSW,-35.60283,146.33103
2646,GOOMBARGANA,NSW,-35.76224,146.55639
2646,HOPEFIELD,NSW,-35.90944,146.43769
2646,LOWESDALE,NSW,-35.83091,146.35375
2646,MERTON VALE,NSW,-35.91050,146.18900
2646,NYORA,NSW,-35.99866,146.39107
2646,OAKLANDS,NSW,-35.55575,146.18783
2646,REDLANDS,NSW,-35.91907,146.31254
2646,RENNIE,NSW,-35.81413,146.13400
2646,RINGWOOD,NSW,-35.89507,146.27599
2646,SANGER,NSW,-35.66888,146.13934
2646,SAVERNAKE,NSW,-35.82594,145.97241
2647,MULWALA,NSW,-35.92866,146.04730
2648,ANABRANCH NORTH,NSW,-33.29630,141.80200
2648,ANABRANCH SOUTH,NSW,-33.75260,141.72500
2648,BOEILL CREEK,NSW,-34.14333,142.12000
2648,CAL LAL,NSW,-34.00929,141.11353
2648,CURLWAA,NSW,-34.10000,141.96667
2648,ELLERSLIE,NSW,-33.83290,142.02500
2648,MOORARA,NSW,-33.02890,142.65300
2648,MOURQUONG,NSW,-34.13861,142.16278
2648,PALINYEWAH,NSW,-34.02295,141.88926
2648,PAN BAN,NSW,-33.05604,143.20765
2648,PARA,NSW,-33.78200,142.16200
2648,PINE CAMP,NSW,-33.67040,141.22300
2648,POMONA,NSW,-34.02295,141.88926
2648,POONCARIE,NSW,-33.38333,142.56667
2648,RUFUS,NSW,-34.04930,141.09900
2648,RUFUS RIVER,NSW,-34.05627,141.25319
2648,SCOTIA,NSW,-32.98036,141.62330
2648,WENTWORTH,NSW,-33.95630,141.97631
2649,LAUREL HILL,NSW,-35.60028,148.09306
2649,NURENMERENMONG,NSW,-35.76948,148.27155
2650,ALFREDTOWN,NSW,-35.15251,147.53016
2650,ASHMONT,NSW,-35.12713,147.33208
2650,BELFRAYDEN,NSW,-35.11633,147.05342
2650,BERRY JERRY,NSW,-34.69700,147.21059
2650,BIG SPRINGS,NSW,-35.30658,147.35883
2650,BOMEN,NSW,-35.07500,147.41667
2650,BOOK BOOK,NSW,-35.24431,147.51991
2650,BOOROOMA,NSW,-35.07401,147.36542
2650,BORAMBOLA,NSW,-35.16914,147.65453
2650,BOURKELANDS,NSW,-35.15413,147.35108
2650,BRUCEDALE,NSW,-34.99538,147.44803
2650,BULGARY,NSW,-35.01240,146.97580
2650,BURRANDANA,NSW,-35.41389,147.34694
2650,CARABOST,NSW,-35.58432,147.68287
2650,CARTWRIGHTS HILL,NSW,-35.06975,147.38958
2650,COLLINGULLIE,NSW,-35.08861,147.12889
2650,COOKARDINIA,NSW,-35.57615,147.25434
2650,COURSING PARK,NSW,-34.92690,147.38200
2650,CURRAWANANNA,NSW,-35.02089,147.06740
2650,CURRAWARNA,NSW,-35.01667,147.06667
2650,DHULURA,NSW,-35.02330,147.34300
2650,DOWNSIDE,NSW,-35.02612,147.37437
2650,EAST WAGGA WAGGA,NSW,-35.12120,147.38547
2650,ESTELLA,NSW,-35.07548,147.35086
2650,EUBERTA,NSW,-35.05198,147.23176
2650,EUNANOREENYA,NSW,-35.06500,147.46800
2650,EUNONOREENYA,NSW,-35.06500,147.46800
2650,GALORE,NSW,-34.98620,146.81000
2650,GELSTON PARK,NSW,-35.22981,147.33835
2650,GLENFIELD PARK,NSW,-35.13613,147.33208
2650,GOBBAGOMBALIN,NSW,-35.07122,147.33844
2650,GREGADOO,NSW,-35.22917,147.38709
2650,HAREFIELD,NSW,-35.01609,147.48041
2650,HILLGROVE,NSW,-35.04315,147.35530
2650,KOORINGAL,NSW,-35.13500,147.37600
2650,KYEAMBA,NSW,-35.45100,147.58690
2650,LAKE ALBERT,NSW,-35.16600,147.38100
2650,LLOYD,NSW,-35.15099,147.32140
2650,MAXWELL,NSW,-35.25597,147.33244
2650,MOORONG,NSW,-35.11407,147.31527
2650,MOUNT AUSTIN,NSW,-35.13613,147.35208
2650,NORTH WAGGA WAGGA,NSW,-35.09569,147.37778
2650,OBERNE CREEK,NSW,-35.38504,147.84136
2650,OURA,NSW,-35.10166,147.54301
2650,PULLETOP,NSW,-35.46094,147.39132
2650,ROWAN,NSW,-35.19961,147.34612
2650,SAN ISIDORE,NSW,-35.12440,147.29033
2650,SPRINGVALE,NSW,-35.16862,147.33426
2650,TATTON,NSW,-35.15722,147.36222
2650,THE GAP,NSW,-34.95204,147.20530
2650,TOLLAND,NSW,-35.14513,147.35208
2650,TURVEY PARK,NSW,-35.12613,147.35708
2650,WAGGA WAGGA,NSW,-35.10817,147.35983
2650,WAGGA WAGGA BC,NSW,-35.10820,147.36000
2650,WAGGA WAGGA NORTH,NSW,-35.09570,147.37800
2650,WAGGA WAGGA SOUTH,NSW,-35.10817,147.35983
2650,WALLACETOWN,NSW,-34.97698,147.47121
2650,WANTABADGERY,NSW,-35.05180,147.72346
2650,WESTBY,NSW,-35.53060,147.43200
2650,WESTDALE,NSW,-35.55902,147.91171
2650,YARRAGUNDRY,NSW,-35.10387,147.22047
2650,YATHELLA,NSW,-34.90926,147.39133
2651,FOREST HILL,NSW,-35.15268,147.47404
2651,WAGGA WAGGA RAAF,NSW,-35.14940,147.46800
2652,BOORGA,NSW,-34.04280,146.03407
2652,BOREE CREEK,NSW,-35.09367,146.63981
2652,COWABBIE,NSW,-34.58480,146.95400
2652,GALORE,NSW,-34.98620,146.80968
2652,GOOLGOWI,NSW,-33.97699,145.70763
2652,GRONG GRONG,NSW,-34.73436,146.77842
2652,GUMLY GUMLY,NSW,-35.12670,147.42811
2652,HUMULA,NSW,-35.53689,147.72114
2652,LADYSMITH,NSW,-35.20327,147.52992
2652,LANDERVALE,NSW,-34.52050,146.68400
2652,MANGOPLAH,NSW,-35.41398,147.23599
2652,MARRAR,NSW,-34.83330,147.36670
2652,MATONG,NSW,-34.77224,146.91934
2652,MERRIWAGGA,NSW,-33.81616,145.62385
2652,MURRULEBALE,NSW,-34.68577,147.35167
2652,OBERNE,NSW,-35.41150,147.84200
2652,OLD JUNEE,NSW,-34.81965,147.52157
2652,ROSEWOOD,NSW,-35.67472,147.86389
2652,TABBITA,NSW,-34.11072,145.85050
2652,TARCUTTA,NSW,-35.28333,147.71667
2652,URANQUINTY,NSW,-35.18852,147.24447
2653,BURRA,NSW,-35.81882,148.04074
2653,COURABYRA,NSW,-35.70971,148.00932
2653,GLENROY,NSW,-35.74980,147.92229
2653,MANNUS,NSW,-35.80833,147.93579
2653,MARAGLE,NSW,-35.85854,148.16438
2653,MUNDEROO,NSW,-35.85156,147.83639
2653,PADDYS RIVER,NSW,-35.84343,148.16722
2653,TARADALE,NSW,-35.65892,147.95283
2653,TUMBARUMBA,NSW,-35.76949,148.00570
2653,WESTDALE,NSW,-35.55900,147.91200
2653,WILLIGOBUNG,NSW,-35.66279,148.02790
2655,BIRDLIP,NSW,-35.22510,147.04737
2655,FRENCH PARK,NSW,-35.26098,146.92796
2655,KUBURA,NSW,-35.27955,147.14642
2655,THE ROCK,NSW,-35.26898,147.12175
2655,TOOTOOL,NSW,-35.25509,147.00307
2656,BROOKDALE,NSW,-35.14835,146.94255
2656,BROOKONG,NSW,-35.30230,146.58500
2656,FARGUNYAH,NSW,-35.12356,146.74477
2656,LOCKHART,NSW,-35.22250,146.71734
2656,MILBRULONG,NSW,-35.22906,146.90162
2656,OSBORNE,NSW,-35.35425,146.72200
2656,URANGELINE,NSW,-35.43257,146.59209
2656,URANGELINE EAST,NSW,-35.46325,146.68226
2658,GRUBBEN,NSW,-35.46935,146.99932
2658,HENTY,NSW,-35.52000,147.03500
2658,MUNYABLA,NSW,-35.49701,146.95189
2658,PLEASANT HILLS,NSW,-35.48288,146.80406
2658,RYAN,NSW,-35.54475,146.87996
2659,ALMA PARK,NSW,-35.59795,146.80998
2659,WALLA WALLA,NSW,-35.75955,146.90211
2660,CARNSDALE,NSW,-35.66962,147.07877
2660,CULCAIRN,NSW,-35.67376,147.03863
2660,MORVEN,NSW,-35.65076,147.12897
2661,KAPOOKA,NSW,-35.15720,147.29316
2663,BUNDURE,NSW,-35.16644,145.81013
2663,COOBA,NSW,-34.95232,147.85884
2663,COWABBIE,NSW,-34.58478,146.95380
2663,ERIN VALE,NSW,-34.71572,147.53382
2663,EURONGILLY,NSW,-34.96126,147.80092
2663,JUNEE,NSW,-34.86518,147.58053
2663,LANDERVALE,NSW,-34.86518,147.58053
2663,MARINNA,NSW,-34.81234,147.62584
2663,WANTIOOL,NSW,-34.90196,147.69456
2665,ARDLETHAN,NSW,-34.35000,146.90000
2665,ARIAH PARK,NSW,-34.40259,147.26245
2665,BARELLAN,NSW,-34.28507,146.56971
2665,BECKOM,NSW,-34.30743,146.98495
2665,BECTRIC,NSW,-34.48846,147.24128
2665,BINYA,NSW,-34.09653,146.29127
2665,KAMARAH,NSW,-34.41519,146.74591
2665,MIRROOL,NSW,-34.31017,147.09551
2665,MOOMBOOLDOOL,NSW,-34.32726,146.71137
2665,MOUNT CRYSTAL,NSW,-34.50884,146.68848
2665,QUANDARY,NSW,-34.37141,147.32175
2665,TARA,NSW,-34.50135,147.16441
2665,WALLEROOBIE,NSW,-34.49246,147.04743
2666,COMBANING,NSW,-34.52279,147.68679
2666,DIRNASEER,NSW,-34.60788,147.76545
2666,GIDGINBUNG,NSW,-34.35391,147.48783
2666,GROGAN,NSW,-34.35237,147.71264
2666,JUNEE REEFS,NSW,-34.76012,147.68535
2666,MIMOSA,NSW,-34.44133,147.40512
2666,MORANGARELL,NSW,-34.19971,147.67472
2666,NARRABURRA,NSW,-34.38229,147.61759
2666,PUCAWAN,NSW,-34.36659,147.41677
2666,QUANDARY,NSW,-34.37140,147.32200
2666,REEFTON,NSW,-34.24364,147.43588
2666,SEBASTOPOL,NSW,-34.57240,147.50445
2666,SPRINGDALE,NSW,-34.46510,147.74351
2666,TEMORA,NSW,-34.44503,147.53610
2666,TRUNGLEY HALL,NSW,-34.29178,147.55560
2668,BARMEDMAN,NSW,-34.09665,147.41748
2669,BYGALORIE,NSW,-33.49597,146.80339
2669,ERIGOLIA,NSW,-33.84914,146.42063
2669,GIRRAL,NSW,-33.71760,147.17414
2669,GUBBATA,NSW,-33.63540,146.54500
2669,KIKOIRA,NSW,-33.64478,146.54870
2669,MELBERGEN,NSW,-33.74485,146.01033
2669,NARADHAN,NSW,-33.58272,146.33103
2669,NORTH YALGOGRIN,NSW,-33.83850,146.84300
2669,RANKINS SPRINGS,NSW,-33.84613,146.25347
2669,TALLIMBA,NSW,-34.00327,146.88699
2669,TULLIBIGEAL,NSW,-33.42137,146.72650
2669,UNGARIE,NSW,-33.64154,146.97473
2669,WEETHALLE,NSW,-33.86849,146.61667
2669,WEJA,NSW,-33.53875,146.82661
2669,YADDRA,NSW,-33.35740,146.68000
2671,ALLEENA,NSW,-34.02884,147.13691
2671,BACK CREEK,NSW,-33.78220,147.52335
2671,BURCHER,NSW,-33.51629,147.25319
2671,LAKE COWAL,NSW,-33.60451,147.44010
2671,NORTH YALGOGRIN,NSW,-33.83847,146.84271
2671,WEST WYALONG,NSW,-33.91677,147.20438
2671,WYALONG,NSW,-33.92686,147.23651
2672,BURGOONEY,NSW,-33.38527,146.58178
2672,CURLEW WATERS,NSW,-33.26225,146.43420
2672,LAKE CARGELLIGO,NSW,-33.29859,146.37248
2672,MURRIN BRIDGE,NSW,-33.20670,146.37112
2672,WARGAMBEGAL,NSW,-33.43528,146.47214
2675,HILLSTON,NSW,-33.48528,145.53278
2675,LAKE BREWSTER,NSW,-33.45852,145.99400
2675,MONIA GAP,NSW,-33.59810,145.95866
2675,ROTO,NSW,-33.03443,145.18464
2675,WALLANTHERY,NSW,-33.34738,145.83464
2675,WHITE TOP,NSW,-33.74970,145.91700
2678,CHARLES STURT UNIVERSITY,NSW,-35.06123,147.35813
2678,RIVERINA MC,NSW,-35.06123,147.35813
2678,RIVERINA MSC,NSW,-35.05840,147.35400
2680,BEELBANGERA,NSW,-34.24913,146.10483
2680,BENEREMBAH,NSW,-34.55937,145.87303
2680,BILBUL,NSW,-34.27500,146.15000
2680,GRIFFITH,NSW,-34.28009,146.04553
2680,GRIFFITH DC,NSW,-34.28320,146.05900
2680,GRIFFITH EAST,NSW,-34.29840,146.08689
2680,HANWOOD,NSW,-34.33333,146.03333
2680,KOOBA,NSW,-34.42540,146.11683
2680,LAKE WYANGAN,NSW,-34.21771,146.02221
2680,NERICON,NSW,-34.18641,146.04526
2680,THARBOGANG,NSW,-34.26311,145.98355
2680,WARBURN,NSW,-34.17754,145.93649
2680,WARRAWIDGEE,NSW,-34.29367,145.80160
2680,WIDGELLI,NSW,-34.33577,146.15834
2680,WILLBRIGGIE,NSW,-34.41701,145.98912
2680,YOOGALI,NSW,-34.30000,146.08333
2681,MYALL PARK,NSW,-34.16756,146.10376
2681,YENDA,NSW,-34.24515,146.20270
2700,BIRREGO,NSW,-34.94880,146.59936
2700,BUNDURE,NSW,-35.16640,145.81000
2700,COLINROOBIE,NSW,-34.44076,146.58039
2700,COROBIMILLA,NSW,-34.86728,146.41145
2700,CUDGEL,NSW,-34.67555,146.43957
2700,EUROLEY,NSW,-34.63669,146.28716
2700,FAITHFULL,NSW,-35.06667,146.70000
2700,GILLENBAH,NSW,-34.75481,146.50775
2700,KYWONG,NSW,-35.01240,146.73567
2700,MORUNDAH,NSW,-34.93656,146.30571
2700,NARRANDERA,NSW,-34.73798,146.55768
2700,PAYNTERS SIDING,NSW,-34.68342,146.52662
2700,SANDIGO,NSW,-34.90435,146.62368
2700,UROLY,NSW,-34.78740,146.36800
2700,WIDGIEWA,NSW,-35.04720,146.19863
2701,BERRY JERRY,NSW,-34.69700,147.21100
2701,COOLAMON,NSW,-34.81952,147.20054
2701,METHUL,NSW,-34.61113,147.04338
2701,RANNOCK,NSW,-34.64845,147.25540
2701,TOOYAL,NSW,-34.87594,147.22067
2702,GANMAIN,NSW,-34.79322,147.03370
2703,YANCO,NSW,-34.60349,146.40967
2705,BROBENAH,NSW,-34.37376,146.43507
2705,CALORAFIELD,NSW,-34.44055,146.22644
2705,CORBIE HILL,NSW,-34.56667,146.45000
2705,GOGELDRIE,NSW,-34.56776,146.30796
2705,LEETON,NSW,-34.56667,146.40000
2705,MERUNGLE HILL,NSW,-34.60000,146.43333
2705,MURRAMI,NSW,-34.38977,146.28385
2705,STANBRIDGE,NSW,-34.51750,146.23556
2705,WAMOON,NSW,-34.53185,146.33181
2705,WHITTON,NSW,-34.51808,146.18225
2706,DARLINGTON POINT,NSW,-34.62802,145.86906
2707,ARGOON,NSW,-34.91815,145.65719
2707,COLEAMBALLY,NSW,-34.80539,145.88276
2708,ALBURY MSC,NSW,-36.07370,146.91400
2708,MURRAY REGION MC,NSW,-35.38610,143.74400
2710,BARRATTA,NSW,-35.15506,144.38264
2710,BENARCA,NSW,-35.98046,144.73068
2710,BIRGANBIGIL,NSW,-35.50693,145.13670
2710,BOOROORBAN,NSW,-34.94508,144.75637
2710,BRASSI,NSW,-35.52646,144.66547
2710,BULLATALE,NSW,-35.73841,145.08061
2710,CALDWELL,NSW,-35.65070,144.43630
2710,CALIMO,NSW,-35.49083,144.64238
2710,CONARGO,NSW,-35.30602,145.17386
2710,COREE,NSW,-35.29478,145.47918
2710,CORNALLA,NSW,-35.66469,145.04330
2710,DENILIQUIN,NSW,-35.52824,144.95658
2710,DENILIQUIN NORTH,NSW,-35.52550,144.98100
2710,GULPA,NSW,-35.75760,144.89841
2710,HARTWOOD,NSW,-35.34317,145.34933
2710,HILL PLAIN,NSW,-35.64889,144.85592
2710,JIMARINGLE,NSW,-35.47110,144.39300
2710,LINDIFFERON,NSW,-35.44854,145.18485
2710,MATHOURA,NSW,-35.81667,144.90000
2710,MAYRUNG,NSW,-35.50007,145.35134
2710,MOIRA,NSW,-35.93684,144.89912
2710,MOONAHCULLAH,NSW,-35.24734,144.96118
2710,MOONBRIA,NSW,-35.12336,145.44534
2710,MORAGO,NSW,-35.39000,144.75425
2710,PRETTY PINE,NSW,-35.40884,144.87243
2710,STEAM PLAINS,NSW,-34.98316,145.28168
2710,STUD PARK,NSW,-35.40129,144.98076
2710,WAKOOL,NSW,-35.46897,144.38874
2710,WANDOOK,NSW,-35.41307,145.04968
2710,WANGANELLA,NSW,-35.29501,144.90579
2710,WARRAGOON,NSW,-35.60505,145.16828
2710,WILLURAH,NSW,-34.96961,145.10768
2710,YALLAKOOL,NSW,-35.52890,144.45865
2711,BOOLIGAL,NSW,-33.87867,144.87754
2711,CARRATHOOL,NSW,-34.44254,145.42674
2711,CLARE,NSW,-33.50493,143.96804
2711,CORRONG,NSW,-34.03040,144.45953
2711,GUNBAR,NSW,-33.66967,145.27066
2711,HAY,NSW,-34.50051,144.84512
2711,HAY SOUTH,NSW,-34.52062,144.84098
2711,KERI KERI,NSW,-34.77432,143.98365
2711,MAUDE,NSW,-34.47937,144.30072
2711,ONE TREE,NSW,-34.19723,145.18228
2711,OXLEY,NSW,-34.19668,144.10510
2711,WAUGORAH,NSW,-34.50929,143.81006
2711,YANGA,NSW,-34.73951,143.71653
2712,BERRIGAN,NSW,-35.66588,145.80646
2712,BOOMANOOMANA,NSW,-35.94362,145.92175
2713,BLIGHTY,NSW,-35.61796,145.33405
2713,FINLEY,NSW,-35.64200,145.57062
2713,LOGIE BRAE,NSW,-35.46331,145.57529
2713,MYRTLE PARK,NSW,-35.54737,145.44389
2713,RETREAT,NSW,-35.59670,145.38700
2714,ARATULA,NSW,-35.77425,145.28686
2714,PINE LODGE,NSW,-35.70666,145.40493
2714,TOCUMWAL,NSW,-35.81038,145.57279
2714,TUPPAL,NSW,-35.66048,145.22456
2715,ARUMPO,NSW,-33.52835,143.30428
2715,BALRANALD,NSW,-34.63944,143.56291
2715,HATFIELD,NSW,-33.74698,143.68465
2715,KYALITE,NSW,-34.93620,143.46700
2715,MUNGO,NSW,-33.76008,143.09694
2715,PENARIE,NSW,-34.40811,143.61262
2715,THE VALE,NSW,-33.73100,143.21800
2716,COREE SOUTH,NSW,-35.29478,145.47918
2716,FOUR CORNERS,NSW,-34.81956,145.43631
2716,GALA VALE,NSW,-34.94350,145.79100
2716,JERILDERIE,NSW,-35.35237,145.73770
2716,MABINS WELL,NSW,-34.90686,145.52565
2716,MAIRJIMMY,NSW,-35.47240,145.74700
2717,COOMEALLA,NSW,-34.09750,142.05200
2717,DARETON,NSW,-34.09437,142.04008
2720,ARGALONG,NSW,-35.32153,148.43678
2720,BLOWERING,NSW,-35.50315,148.25842
2720,BOGONG PEAKS WILDERNESS,NSW,-35.52305,148.38378
2720,BOMBOWLEE,NSW,-35.26289,148.24626
2720,BOMBOWLEE CREEK,NSW,-35.27522,148.32571
2720,BUDDONG,NSW,-35.65877,148.23388
2720,COURAGAGO,NSW,-35.10452,148.48711
2720,COURAJAGO,NSW,-35.42100,148.28000
2720,GADARA,NSW,-35.30936,148.12133
2720,GILMORE,NSW,-35.42099,148.17719
2720,GOCUP,NSW,-35.25469,148.18965
2720,GOOBARRAGANDRA,NSW,-35.38123,148.43200
2720,JONES BRIDGE,NSW,-35.37156,148.25481
2720,KILLIMICAT,NSW,-35.21693,148.23166
2720,LACMALAC,NSW,-35.30941,148.27374
2720,LITTLE RIVER,NSW,-35.32454,148.28509
2720,MIDWAY,NSW,-35.42100,148.28000
2720,MINJARY,NSW,-35.20827,148.15762
2720,MUNDONGO,NSW,-35.29634,148.28366
2720,PINBEYAN,NSW,-35.70556,148.39723
2720,RED HILL,NSW,-35.15849,148.37233
2720,TALBINGO,NSW,-35.58219,148.30357
2720,TUMORRAMA,NSW,-35.18028,148.47620
2720,TUMUT,NSW,-35.32075,148.23250
2720,TUMUT PLAINS,NSW,-35.33209,148.26336
2720,WEREBOLDERA,NSW,-35.39872,148.24156
2720,WERMATONG,NSW,-35.36794,148.28152
2720,WINDOWIE,NSW,-35.37434,148.13241
2720,WYANGLE,NSW,-35.23791,148.31110
2720,YARRANGOBILLY,NSW,-35.68049,148.49313
2721,BLAND,NSW,-34.01124,147.63468
2721,QUANDIALLA,NSW,-34.01154,147.74064
2722,BONGALONG,NSW,-34.81810,148.11284
2722,BONGONGALONG,NSW,-34.93000,148.06000
2722,BRUNGLE,NSW,-35.14439,148.22881
2722,BRUNGLE CREEK,NSW,-35.14285,148.29577
2722,BURRA,NSW,-34.92870,148.05900
2722,BURRA CREEK,NSW,-34.88930,148.09500
2722,DARBALARA,NSW,-35.06130,148.24733
2722,EDWARDSTOWN,NSW,-35.12211,148.08441
2722,GUNDAGAI,NSW,-35.05665,148.10206
2722,JACKALASS,NSW,-35.23909,148.24002
2722,JONES CREEK,NSW,-35.02286,148.03627
2722,MUTTAMA,NSW,-34.81909,148.13164
2722,NANGUS,NSW,-35.00699,147.88146
2722,RENO,NSW,-35.01147,148.02145
2722,SOUTH GUNDAGAI,NSW,-35.08749,148.13876
2722,TARRABANDRA,NSW,-35.06283,148.17701
2722,WAGRAGOBILLY,NSW,-35.09903,148.27585
2722,WILLIE PLOMA,NSW,-35.11509,148.05121
2725,STOCKINBINGAL,NSW,-34.48228,147.84810
2726,BUNDARBO,NSW,-34.84595,148.35097
2726,COONEYS CREEK,NSW,-34.73260,148.26400
2726,JUGIONG,NSW,-34.81324,148.33390
2727,ADJUNGBILLY,NSW,-35.05184,148.44017
2727,COOLAC,NSW,-35.05184,148.44017
2727,GOBARRALONG,NSW,-35.05184,148.44017
2727,MINGAY,NSW,-34.98892,148.15840
2729,ADELONG,NSW,-35.31111,148.06582
2729,BACK CREEK,NSW,-29.03040,151.79800
2729,BANGADANG,NSW,-35.25700,147.96846
2729,BLACK CREEK,NSW,-35.31813,148.03478
2729,CALIFAT,NSW,-35.24661,148.09927
2729,COOLEYS CREEK,NSW,-35.34129,148.09251
2729,DARLOW,NSW,-35.33664,147.99351
2729,ELLERSLIE,NSW,-35.28929,147.90720
2729,GRAHAMSTOWN,NSW,-35.25965,148.04238
2729,MOUNT ADRAH,NSW,-35.20454,147.88998
2729,MOUNT HOREB,NSW,-35.20801,148.03410
2729,MUNDARLO,NSW,-35.08859,147.82433
2729,SANDY GULLY,NSW,-35.27662,148.03353
2729,SHARPS CREEK,NSW,-35.38487,148.04220
2729,THE GROVE,NSW,-35.30860,148.06500
2729,TUMBLONG,NSW,-35.15000,148.00000
2729,WESTWOOD,NSW,-35.36624,147.97384
2729,WONDALGA,NSW,-35.38056,148.09927
2729,YAVEN CREEK,NSW,-35.50306,147.94289
2730,BAGO,NSW,-35.56139,147.95499
2730,BATLOW,NSW,-35.51667,148.15000
2730,GREEN HILLS,NSW,-35.54628,148.02925
2730,KUNAMA,NSW,-35.54817,148.09251
2730,LOWER BAGO,NSW,-35.56139,147.95499
2731,BUNNALOO,NSW,-35.80764,144.64069
2731,MOAMA,NSW,-36.10742,144.75543
2731,TANTONAN,NSW,-35.70695,144.62785
2731,THYRA,NSW,-35.80845,144.72037
2731,WOMBOOTA,NSW,-35.92280,144.63863
2732,BARHAM,NSW,-35.62497,144.13861
2732,BURRABOI,NSW,-35.34264,144.39561
2732,COBRAMUNGA,NSW,-35.48547,143.89402
2732,GONN,NSW,-35.51442,144.07628
2732,NOORONG,NSW,-35.36288,144.06737
2732,THULE,NSW,-35.63711,144.35212
2732,TULLAKOOL,NSW,-35.42645,144.20712
2733,DHURAGOON,NSW,-35.15659,144.18891
2733,MOULAMEIN,NSW,-35.08873,144.03419
2733,NIEMUR,NSW,-35.16982,144.23167
2733,PEREKERTEN,NSW,-34.92890,143.84000
2734,COOBOOL,NSW,-35.11780,143.78000
2734,CUNNINYEUK,NSW,-35.24612,143.90618
2734,DILPURRA,NSW,-35.20792,143.69489
2734,KYALITE,NSW,-34.93625,143.46717
2734,MALLAN,NSW,-35.12440,143.69200
2734,MELLOOL,NSW,-35.41985,143.79012
2734,MOOLPA,NSW,-35.00038,143.66957
2734,MURRAY DOWNS,NSW,-35.38500,143.64800
2734,NACURRIE,NSW,-35.26480,143.95300
2734,SPEEWA ISLAND,NSW,-35.20050,143.49000
2734,STONY CROSSING,NSW,-35.08404,143.54530
2734,TOORANIE,NSW,-35.01951,143.66029
2734,TUELOGA,NSW,-35.12130,143.63100
2734,WETUPPA,NSW,-35.35846,143.89809
2735,KORALEIGH,NSW,-35.15400,143.49900
2735,SPEEWA,NSW,-35.20224,143.52232
2736,GOODNIGHT,NSW,-34.95970,143.33747
2736,TOOLEYBUC,NSW,-35.02120,143.34541
2737,BENANEE,NSW,-34.51400,142.84876
2737,EUSTON,NSW,-34.56667,142.73333
2738,GOL GOL,NSW,-34.16667,142.21667
2738,MALLEE,NSW,-34.45070,142.52000
2738,MONAK,NSW,-34.29366,142.28358
2738,PARINGI,NSW,-34.32440,142.35200
2738,TRENTHAM CLIFFS,NSW,-34.21667,142.25000
2739,BOEILL CREEK,NSW,-34.14330,142.12000
2739,BURONGA,NSW,-34.16282,142.19654
2739,MOURQUONG,NSW,-34.13860,142.16300
2745,GLENMORE PARK,NSW,-33.79000,150.67600
2745,GREENDALE,NSW,-33.92000,150.67000
2745,LUDDENHAM,NSW,-33.88070,150.71460
2745,MULGOA,NSW,-33.84610,150.65250
2745,REGENTVILLE,NSW,-33.77116,150.66045
2745,WALLACIA,NSW,-33.86500,150.64000
2747,CADDENS,NSW,-33.77450,150.73700
2747,CAMBRIDGE GARDENS,NSW,-33.73800,150.72100
2747,CAMBRIDGE PARK,NSW,-33.74833,150.73444
2747,CLAREMONT MEADOWS,NSW,-33.77900,150.75300
2747,JORDAN SPRINGS,NSW,-33.72400,150.72800
2747,KINGSWOOD,NSW,-33.75900,150.72000
2747,LLANDILO,NSW,-33.70610,150.74530
2747,SHANE PARK,NSW,-33.77450,150.73700
2747,SHANES PARK,NSW,-33.71118,150.77224
2747,WERRINGTON,NSW,-33.75943,150.74708
2747,WERRINGTON COUNTY,NSW,-33.74780,150.74758
2747,WERRINGTON DOWNS,NSW,-33.73910,150.72730
2748,ORCHARD HILLS,NSW,-33.81807,150.73306
2749,CASTLEREAGH,NSW,-33.67190,150.67840
2749,CRANEBROOK,NSW,-33.72088,150.71302
2750,EMU HEIGHTS,NSW,-33.73521,150.65030
2750,EMU PLAINS,NSW,-33.75206,150.65967
2750,JAMISONTOWN,NSW,-33.76829,150.67238
2750,LEONAY,NSW,-33.76506,150.64568
2750,PENRITH,NSW,-33.75068,150.68767
2750,PENRITH PLAZA,NSW,-33.75134,150.69348
2750,PENRITH SOUTH,NSW,-33.77151,150.70110
2750,SOUTH PENRITH,NSW,-33.77151,150.70110
2751,PENRITH,NSW,-33.75068,150.68767
2752,BRERETON,NSW,-33.90570,150.61447
2752,SILVERDALE,NSW,-33.90570,150.61447
2752,WARRAGAMBA,NSW,-33.89167,150.60333
2753,AGNES BANKS,NSW,-33.61529,150.71616
2753,BOWEN MOUNTAIN,NSW,-33.57434,150.62778
2753,GROSE VALE,NSW,-33.58400,150.67400
2753,GROSE WOLD,NSW,-33.59861,150.68472
2753,HOBARTVILLE,NSW,-33.61529,150.71616
2753,LONDONDERRY,NSW,-33.64850,150.73550
2753,RICHMOND,NSW,-33.60000,150.75000
2753,RICHMOND LOWLANDS,NSW,-33.58243,150.75049
2753,YARRAMUNDI,NSW,-33.62220,150.67090
2754,NORTH RICHMOND,NSW,-33.58178,150.71510
2754,TENNYSON,NSW,-33.53694,150.73750
2754,THE SLOPES,NSW,-33.53280,150.70691
2756,BLIGH PARK,NSW,-33.63800,150.79900
2756,CATTAI,NSW,-33.55610,150.91205
2756,CENTRAL COLO,NSW,-33.41667,150.78333
2756,CLARENDON,NSW,-33.61170,150.78707
2756,COLO,NSW,-33.41667,150.80000
2756,COLO HEIGHTS,NSW,-33.36900,150.72200
2756,CORNWALLIS,NSW,-33.59200,150.81200
2756,CUMBERLAND REACH,NSW,-33.45600,150.89600
2756,EBENEZER,NSW,-33.53180,150.86790
2756,FREEMANS REACH,NSW,-33.56146,150.79787
2756,GLOSSODIA,NSW,-33.53432,150.78231
2756,LEETS VALE,NSW,-33.43200,150.95100
2756,LOWER PORTLAND,NSW,-33.44200,150.87900
2756,MAROOTA,NSW,-33.45405,150.98892
2756,MCGRATHS HILL,NSW,-33.61939,150.84304
2756,MELLONG,NSW,-33.16877,150.68202
2756,MULGRAVE,NSW,-33.61500,150.82800
2756,PITT TOWN,NSW,-33.58165,150.86675
2756,PITT TOWN BOTTOMS,NSW,-33.58410,150.84640
2756,SACKVILLE,NSW,-33.48764,150.86966
2756,SACKVILLE NORTH,NSW,-33.48167,150.88472
2756,SCHEYVILLE,NSW,-33.61120,150.88291
2756,SOUTH MAROOTA,NSW,-33.52410,150.94850
2756,SOUTH WINDSOR,NSW,-33.62535,150.80437
2756,UPPER COLO,NSW,-33.41667,150.73333
2756,WILBERFORCE,NSW,-33.55944,150.84055
2756,WINDSOR,NSW,-33.61500,150.81722
2756,WINDSOR DOWNS,NSW,-33.65700,150.81000
2756,WOMERAH,NSW,-33.26884,150.76725
2757,KURMOND,NSW,-33.55177,150.70110
2758,BERAMBING,NSW,-33.53340,150.44380
2758,BILPIN,NSW,-33.50000,150.53333
2758,BLAXLANDS RIDGE,NSW,-33.47153,150.79698
2758,EAST KURRAJONG,NSW,-33.51528,150.76778
2758,KURRAJONG,NSW,-33.55000,150.66670
2758,KURRAJONG HEIGHTS,NSW,-33.55000,150.66670
2758,KURRAJONG HILLS,NSW,-33.53333,150.65000
2758,MOUNT TOMAH,NSW,-33.55000,150.41667
2758,MOUNTAIN LAGOON,NSW,-33.44638,150.62756
2758,THE DEVILS WILDERNESS,NSW,-33.54511,150.54725
2758,WHEENY CREEK,NSW,-33.44536,150.79792
2759,ERSKINE PARK,NSW,-33.81323,150.80143
2759,ST CLAIR,NSW,-33.79870,150.78240
2760,COLYTON,NSW,-33.78310,150.79549
2760,NORTH ST MARYS,NSW,-33.74900,150.78200
2760,OXLEY PARK,NSW,-33.77090,150.79340
2760,ROPES CROSSING,NSW,-33.73300,150.79100
2760,ST MARYS,NSW,-33.76998,150.77346
2760,ST MARYS EAST,NSW,-33.76998,150.77346
2760,ST MARYS SOUTH,NSW,-33.76998,150.77346
2761,COLEBEE,NSW,-33.72100,150.85500
2761,DEAN PARK,NSW,-33.73330,150.85000
2761,GLENDENNING,NSW,-33.74613,150.85364
2761,GLENDENNING DC,NSW,-33.74920,150.85200
2761,HASSALL GROVE,NSW,-33.73094,150.84058
2761,OAKHURST,NSW,-33.73857,150.83597
2761,PLUMPTON,NSW,-33.75146,150.84125
2762,SCHOFIELDS,NSW,-33.70445,150.86675
2762,TALLAWONG,NSW,-33.70445,150.86675
2763,ACACIA GARDENS,NSW,-33.73220,150.91700
2763,NIRIMBA FIELDS,NSW,-33.73220,150.91700
2763,QUAKERS HILL,NSW,-33.72416,150.88898
2765,ANGUS,NSW,-33.68860,150.78165
2765,BERKSHIRE PARK,NSW,-33.68860,150.78165
2765,BOX HILL,NSW,-33.65000,150.88000
2765,GABLES,NSW,-33.68860,150.78165
2765,GRANTHAM FARM,NSW,-33.68860,150.78165
2765,MARAYLYA,NSW,-33.59775,150.91609
2765,MARSDEN PARK,NSW,-33.68908,150.80285
2765,MELONBA,NSW,-33.68860,150.78165
2765,NELSON,NSW,-33.64570,150.92200
2765,OAKVILLE,NSW,-33.62220,150.86690
2765,RICHARDS,NSW,-33.68860,150.78165
2765,RIVERSTONE,NSW,-33.68190,150.85940
2765,VINEYARD,NSW,-33.65020,150.85600
2766,EASTERN CREEK,NSW,-33.80720,150.85149
2766,ROOTY HILL,NSW,-33.77152,150.84384
2767,BUNGARRIBEE,NSW,-33.77780,150.86400
2767,DOONSIDE,NSW,-33.76398,150.86966
2767,WOODCROFT,NSW,-33.75900,150.87800
2768,GLENWOOD,NSW,-33.73986,150.93857
2768,PARKLEA,NSW,-33.72910,150.91900
2768,STANHOPE GARDENS,NSW,-33.72300,150.92600
2769,THE PONDS,NSW,-33.70319,150.90165
2770,BIDWILL,NSW,-33.73156,150.82314
2770,BLACKETT,NSW,-33.73934,150.81266
2770,DHARRUK,NSW,-33.74807,150.81590
2770,EMERTON,NSW,-33.75000,150.80270
2770,HEBERSHAM,NSW,-33.74598,150.82460
2770,LETHBRIDGE PARK,NSW,-33.73743,150.80134
2770,MINCHINBURY,NSW,-33.78962,150.83695
2770,MOUNT DRUITT,NSW,-33.77220,150.81940
2770,MOUNT DRUITT VILLAGE,NSW,-33.77220,150.81940
2770,SHALVEY,NSW,-33.72706,150.80570
2770,TREGEAR,NSW,-33.75000,150.79440
2770,WHALAN,NSW,-33.75830,150.80830
2770,WILLMOT,NSW,-33.72540,150.79238
2773,GLENBROOK,NSW,-33.76667,150.61944
2773,LAPSTONE,NSW,-33.77400,150.63700
2774,BLAXLAND,NSW,-33.75000,150.61667
2774,BLAXLAND EAST,NSW,-33.75000,150.61667
2774,MOUNT RIVERVIEW,NSW,-33.73333,150.63333
2774,WARRIMOO,NSW,-33.71667,150.60000
2775,CENTRAL MACDONALD,NSW,-33.33200,150.97500
2775,FERNANCES,NSW,-33.19100,151.01512
2775,GUNDERMAN,NSW,-33.43264,151.04968
2775,HIGHER MACDONALD,NSW,-33.21299,150.93110
2775,LAUGHTONDALE,NSW,-33.43000,151.02900
2775,LEETS VALE,NSW,-33.43200,150.95100
2775,LOWER HAWKESBURY,NSW,-33.44300,151.04300
2775,LOWER MACDONALD,NSW,-33.36528,150.95111
2775,MARLOW,NSW,-33.46800,151.16600
2775,MOGO CREEK,NSW,-33.18694,151.04095
2775,PERRYS CROSSING,NSW,-33.19861,150.96778
2775,SINGLETONS MILL,NSW,-33.47298,151.07334
2775,SPENCER,NSW,-33.45700,151.14300
2775,ST ALBANS,NSW,-33.29147,150.97098
2775,UPPER MACDONALD,NSW,-33.25800,150.94200
2775,WEBBS CREEK,NSW,-33.35000,150.93333
2775,WISEMANS FERRY,NSW,-33.38194,150.98500
2775,WRIGHTS CREEK,NSW,-33.30278,151.00583
2776,FAULCONBRIDGE,NSW,-33.68633,150.55015
2777,HAWKESBURY HEIGHTS,NSW,-33.66667,150.65000
2777,SPRINGWOOD,NSW,-33.70000,150.55000
2777,SUN VALLEY,NSW,-33.70712,150.59077
2777,VALLEY HEIGHTS,NSW,-33.70000,150.58333
2777,WINMALEE,NSW,-33.67250,150.61889
2777,YELLOW ROCK,NSW,-33.69500,150.62417
2778,LINDEN,NSW,-33.71556,150.49611
2778,WOODFORD,NSW,-33.73556,150.47833
2779,HAZELBROOK,NSW,-33.72841,150.45733
2780,KATOOMBA,NSW,-33.71250,150.31194
2780,KATOOMBA DC,NSW,-33.71250,150.31200
2780,LEURA,NSW,-33.71667,150.33333
2780,MEDLOW BATH,NSW,-33.68071,150.29504
2780,YOSEMITE,NSW,-33.70046,150.31355
2782,KEDUMBA,NSW,-33.72063,150.37906
2782,WENTWORTH FALLS,NSW,-33.72063,150.37906
2783,LAWSON,NSW,-33.72564,150.43703
2784,BULLABURRA,NSW,-33.72797,150.41674
2785,BLACKHEATH,NSW,-33.63556,150.28361
2785,MEGALONG,NSW,-33.72280,150.22048
2785,MEGALONG VALLEY,NSW,-33.72280,150.22000
2785,SHIPLEY,NSW,-33.65870,150.26700
2786,BELL,NSW,-33.51400,150.27900
2786,DARGAN,NSW,-33.49002,150.24871
2786,MOUNT IRVINE,NSW,-33.48487,150.46313
2786,MOUNT VICTORIA,NSW,-33.58333,150.25000
2786,MOUNT WILSON,NSW,-33.50634,150.37906
2787,BELOON,NSW,-34.17030,150.38590
2787,BIMLOW,NSW,-33.99820,150.33820
2787,BINDOOK,NSW,-34.19920,150.10140
2787,BLACK SPRINGS,NSW,-33.86021,149.73647
2787,BRERETON,NSW,-33.91410,150.50670
2787,CHATHAM VALLEY,NSW,-33.83615,149.90523
2787,DUCKMALOI,NSW,-33.69654,149.95875
2787,EDITH,NSW,-33.79634,149.91398
2787,ESSINGTON,NSW,-33.75260,149.74700
2787,GINGKIN,NSW,-33.89923,149.94287
2787,GURNANG,NSW,-34.05922,149.82199
2787,HAZELGROVE,NSW,-33.63480,149.88943
2787,JAUNTER,NSW,-33.98135,149.88402
2787,JOORILAND,NSW,-34.22730,150.19790
2787,KANANGRA,NSW,-33.98854,150.08836
2787,KEDUMBA,NSW,-33.86500,150.40290
2787,KOWMUNG,NSW,-33.94770,150.24730
2787,MAYFIELD,NSW,-33.64003,149.77505
2787,MOUNT OLIVE,NSW,-33.61611,149.95635
2787,MOUNT WERONG,NSW,-34.08314,149.91235
2787,MOZART,NSW,-33.82656,149.82329
2787,NORWAY,NSW,-33.76167,149.79309
2787,OBERON,NSW,-33.71667,149.86667
2787,PORTERS RETREAT,NSW,-34.02660,149.79414
2787,SHOOTERS HILL,NSW,-33.93625,149.84468
2787,TARANA,NSW,-33.52460,149.90821
2787,THE MEADOWS,NSW,-33.64326,149.92228
2787,YERRANDERIE,NSW,-34.11900,150.21900
2790,BEN BULLEN,NSW,-33.23996,150.01944
2790,BLACKMANS FLAT,NSW,-33.36292,150.05594
2790,BOWENFELS,NSW,-33.51790,150.11269
2790,CLARENCE,NSW,-33.23996,150.01944
2790,COBAR PARK,NSW,-33.46472,150.15754
2790,CORNEY TOWN,NSW,-33.47561,150.17707
2790,CULLEN BULLEN,NSW,-33.30000,150.01667
2790,DOCTORS GAP,NSW,-33.49213,150.17924
2790,GANBENANG,NSW,-33.65593,150.12041
2790,GOOD FOREST,NSW,-33.58100,150.12500
2790,HAMPTON,NSW,-33.64740,150.03700
2790,HARTLEY,NSW,-33.52789,150.16482
2790,HARTLEY VALE,NSW,-33.53838,150.22847
2790,HASSANS WALLS,NSW,-33.50642,150.15609
2790,HERMITAGE FLAT,NSW,-33.47697,150.14596
2790,JENOLAN,NSW,-33.82455,150.00542
2790,JENOLAN CAVES,NSW,-33.82280,150.02400
2790,KANIMBLA,NSW,-33.63768,150.19950
2790,LIDSDALE,NSW,-33.36964,150.08016
2790,LITHGOW,NSW,-33.48273,150.15702
2790,LITHGOW DC,NSW,-33.48290,150.14000
2790,LITTLE HARTLEY,NSW,-33.59029,150.19371
2790,LITTLETON,NSW,-33.49584,150.14018
2790,LOWTHER,NSW,-33.62829,150.12788
2790,MARRANGAROO,NSW,-33.43333,150.11667
2790,MCKELLARS PARK,NSW,-33.47040,150.15247
2790,MORTS ESTATE,NSW,-33.46777,150.16911
2790,MOUNT LAMBIE,NSW,-33.45047,149.99054
2790,NEWNES,NSW,-33.19496,150.24129
2790,NEWNES PLATEAU,NSW,-33.32530,150.27200
2790,OAKEY PARK,NSW,-33.23996,150.01944
2790,OAKY PARK,NSW,-33.46304,150.18503
2790,POTTERY ESTATE,NSW,-33.48768,150.15754
2790,RYDAL,NSW,-33.48404,150.03165
2790,SHEEDYS GULLY,NSW,-33.49635,150.15175
2790,SODWALLS,NSW,-33.54813,149.97465
2790,SOUTH BOWENFELS,NSW,-33.51790,150.11269
2790,SOUTH LITTLETON,NSW,-33.50062,150.13656
2790,SPRINGVALE,NSW,-33.40873,150.12427
2790,STATE MINE GULLY,NSW,-33.46046,150.16797
2790,VALE OF CLWYDD,NSW,-33.48690,150.18358
2790,WOLGAN VALLEY,NSW,-33.22727,150.18828
2790,WOLLANGAMBE,NSW,-33.34282,150.44144
2791,CARCOAR,NSW,-33.61437,149.14148
2791,ERROWANBANG,NSW,-33.53712,149.04141
2792,BURNT YARDS,NSW,-33.60301,149.05443
2792,MANDURAMA,NSW,-33.66484,149.04033
2793,DARBYS FALLS,NSW,-33.92019,148.86786
2793,MOUNT MCDONALD,NSW,-33.90912,148.90177
2793,ROSEBERG,NSW,-33.84558,148.98916
2793,WOODSTOCK,NSW,-33.85929,148.95431
2794,BUMBALDRY,NSW,-33.84037,148.38346
2794,COWRA,NSW,-33.82814,148.67785
2794,HOVELLS CREEK,NSW,-34.07294,148.88553
2794,MOUNT COLLINS,NSW,-33.98439,148.77492
2794,NOONBINNA,NSW,-33.88536,148.64360
2794,WATTAMONDARA,NSW,-33.94090,148.59831
2794,WESTVILLE,NSW,-33.74800,148.75800
2795,ABERCROMBIE,NSW,-33.39000,149.56500
2795,ABERCROMBIE RIVER,NSW,-34.02985,149.49374
2795,ARKELL,NSW,-33.73774,149.38468
2795,ARKSTONE,NSW,-34.08193,149.61286
2795,BALD RIDGE,NSW,-33.88514,149.46271
2795,BALLYROE,NSW,-34.00939,149.53549
2795,BATHAMPTON,NSW,-33.51184,149.41449
2795,BATHURST,NSW,-33.41928,149.57750
2795,BATHURST WEST,NSW,-33.40870,149.56100
2795,BILLYWILLINGA,NSW,-33.29886,149.43913
2795,BOX RIDGE,NSW,-33.10865,149.55313
2795,BREWONGLE,NSW,-33.48587,149.66744
2795,BRUINBUN,NSW,-33.14968,149.48576
2795,BURRAGA,NSW,-33.89738,149.51371
2795,CALOOLA,NSW,-33.61862,149.44834
2795,CHARLES STURT UNIVERSITY,NSW,-33.42948,149.56484
2795,CHARLTON,NSW,-33.65726,149.65753
2795,CLEAR CREEK,NSW,-33.33464,149.69033
2795,COLO,NSW,-33.78306,149.28630
2795,COPPERHANNIA,NSW,-33.91432,149.25836
2795,COW FLAT,NSW,-33.55116,149.52571
2795,CRUDINE,NSW,-33.05044,149.63765
2795,CURRAGH,NSW,-33.96126,149.26042
2795,DARK CORNER,NSW,-33.30427,149.87824
2795,DOG ROCKS,NSW,-33.73181,149.63303
2795,DUNKELD,NSW,-33.41029,149.48500
2795,DURAMANA,NSW,-33.28370,149.55776
2795,EGLINTON,NSW,-33.37250,149.54040
2795,ESSINGTON,NSW,-33.75264,149.74656
2795,EVANS PLAINS,NSW,-33.45182,149.49296
2795,FITZGERALDS VALLEY,NSW,-33.52927,149.39727
2795,FOREST GROVE,NSW,-33.38755,149.66221
2795,FOSTERS VALLEY,NSW,-33.60345,149.56064
2795,FREEMANTLE,NSW,-33.26007,149.37695
2795,GARTHOWEN,NSW,-33.60843,149.66664
2795,GEMALLA,NSW,-33.52151,149.83820
2795,GEORGES PLAINS,NSW,-33.52737,149.48361
2795,GILMANDYKE,NSW,-33.77204,149.54191
2795,GLANMIRE,NSW,-33.40674,149.71398
2795,GORMANS HILL,NSW,-33.47395,149.59593
2795,GOWAN,NSW,-33.12589,149.35656
2795,HOBBYS YARDS,NSW,-33.69401,149.32368
2795,ISABELLA,NSW,-33.99351,149.62279
2795,JEREMY,NSW,-33.98035,149.52175
2795,JUDDS CREEK,NSW,-33.82733,149.53219
2795,KELSO,NSW,-33.41889,149.60583
2795,KILLONGBUTTA,NSW,-33.21981,149.38951
2795,KIRKCONNELL,NSW,-33.42803,149.85009
2795,LAFFING WATERS,NSW,-33.38125,149.62427
2795,LIMEKILNS,NSW,-33.27645,149.73776
2795,LLANARTH,NSW,-33.39541,149.54983
2795,LOCKSLEY,NSW,-33.52703,149.80391
2795,MEADOW FLAT,NSW,-33.43470,149.92024
2795,MILKERS FLAT,NSW,-33.27840,149.40878
2795,MILLAH MURRAH,NSW,-33.16906,149.58353
2795,MITCHELL,NSW,-33.42748,149.55560
2795,MOORILDA,NSW,-33.62330,149.32501
2795,MOUNT DAVID,NSW,-33.85413,149.61106
2795,MOUNT PANORAMA,NSW,-33.45134,149.54983
2795,MOUNT RANKIN,NSW,-33.33891,149.50158
2795,NAPOLEON REEF,NSW,-33.42667,149.75259
2795,NEWBRIDGE,NSW,-33.59006,149.38073
2795,O’CONNELL,NSW,-33.39000,149.56500
2795,OCONNELL,NSW,-33.56700,149.73900
2795,O'CONNELL,NSW,-33.56704,149.73863
2795,ORTON PARK,NSW,-33.46773,149.57288
2795,PALING YARDS,NSW,-33.18660,149.74548
2795,PALMERS OAKY,NSW,-33.14815,149.85623
2795,PEEL,NSW,-33.30523,149.63685
2795,PERTHVILLE,NSW,-33.51050,149.55488
2795,RAGLAN,NSW,-33.42515,149.65068
2795,ROBIN HILL,NSW,-33.42457,149.53543
2795,ROCK FOREST,NSW,-33.36574,149.43721
2795,ROCKLEY,NSW,-33.69509,149.55893
2795,ROCKLEY MOUNT,NSW,-33.54527,149.55199
2795,SOFALA,NSW,-33.08082,149.68818
2795,SOUTH BATHURST,NSW,-33.44231,149.57288
2795,STEWARTS MOUNT,NSW,-33.40112,149.52391
2795,SUNNY CORNER,NSW,-33.38465,149.88768
2795,TAMBAROORA,NSW,-32.96515,149.42894
2795,TANNAS MOUNT,NSW,-33.60450,149.66700
2795,THE LAGOON,NSW,-33.52836,149.60557
2795,THE ROCKS,NSW,-33.42490,149.43607
2795,TRIANGLE FLAT,NSW,-33.76647,149.46561
2795,TRUNKEY,NSW,-33.82240,149.32400
2795,TRUNKEY CREEK,NSW,-33.82239,149.32429
2795,TURONDALE,NSW,-33.11943,149.57216
2795,TWENTY FORESTS,NSW,-33.67362,149.74296
2795,UPPER TURON,NSW,-33.09957,149.74168
2795,WALANG,NSW,-33.45214,149.78132
2795,WAMBOOL,NSW,-33.50036,149.76135
2795,WATTLE FLAT,NSW,-33.15236,149.69549
2795,WATTON,NSW,-33.31204,149.42029
2795,WEST BATHURST,NSW,-33.40869,149.56136
2795,WHITE ROCK,NSW,-33.45652,149.61610
2795,WIAGDON,NSW,-33.20403,149.67483
2795,WIMBLEDON,NSW,-33.53878,149.44781
2795,WINBURNDALE,NSW,-33.31398,149.80090
2795,WINDRADYNE,NSW,-33.40402,149.54407
2795,WISEMANS CREEK,NSW,-33.65420,149.70618
2795,YARRAS,NSW,-33.35599,149.67634
2795,YETHOLME,NSW,-33.44638,149.82905
2797,GARLAND,NSW,-33.73233,149.03316
2797,LYNDHURST,NSW,-33.66667,149.03333
2798,BENEREE,NSW,-33.50960,149.09900
2798,BYNG,NSW,-33.35803,149.25674
2798,FLYERS CREEK,NSW,-33.48521,149.03471
2798,FOREST REEFS,NSW,-33.47501,149.06974
2798,GUYONG,NSW,-33.41398,149.25136
2798,MILLTHORPE,NSW,-33.45000,149.18333
2798,SPRING TERRACE,NSW,-33.40025,149.09270
2798,TALLWOOD,NSW,-33.50154,149.11781
2799,BARRY,NSW,-33.64592,149.27003
2799,BLAYNEY,NSW,-33.52557,149.25080
2799,BROWNS CREEK,NSW,-33.51842,149.18497
2799,FITZGERALDS MOUNT,NSW,-33.51478,149.37615
2799,KINGS PLAINS,NSW,-33.49965,149.31890
2799,NEVILLE,NSW,-33.71656,149.21401
2799,VITTORIA,NSW,-33.43196,149.36853
2800,AMMERDOWN,NSW,-33.24960,149.07200
2800,BELGRAVIA,NSW,-33.10231,149.02612
2800,BLETCHINGTON,NSW,-33.27700,149.11600
2800,BLOOMFIELD,NSW,-33.31970,149.08838
2800,BOREE,NSW,-33.23880,148.82600
2800,BORENORE,NSW,-33.25000,148.96667
2800,BOWEN,NSW,-33.27900,149.11800
2800,BYNG,NSW,-33.35800,149.25700
2800,CADIA,NSW,-33.44296,149.00891
2800,CALARE,NSW,-33.28720,149.07900
2800,CANOBOLAS,NSW,-33.34835,148.97796
2800,CARGO,NSW,-33.39205,148.84543
2800,CHEESEMANS CREEK,NSW,-33.20270,148.91100
2800,CLERGATE,NSW,-33.20548,149.11413
2800,CLIFTON GROVE,NSW,-33.24276,149.18456
2800,CRANBURY,NSW,-33.40200,148.68800
2800,CULLYA,NSW,-33.20330,149.12500
2800,EMU SWAMP,NSW,-33.31535,149.17379
2800,FOUR MILE CREEK,NSW,-33.43247,148.96985
2800,GLENROI,NSW,-33.29990,149.11000
2800,HUNTLEY,NSW,-33.37265,149.12140
2800,KALEENTHA,NSW,-33.27920,149.05826
2800,KANGAROOBIE,NSW,-33.17187,149.05217
2800,KERRS CREEK,NSW,-33.04344,149.09592
2800,LEWIS PONDS,NSW,-33.30666,149.28369
2800,LIDSTER,NSW,-33.29473,148.95359
2800,LONG POINT,NSW,-33.07300,149.19323
2800,LOWER LEWIS PONDS,NSW,-33.19320,149.23900
2800,LUCKNOW,NSW,-33.35482,149.16733
2800,MARCH,NSW,-33.21794,149.07548
2800,MULLION CREEK,NSW,-33.14003,149.13281
2800,NARRAMBLA,NSW,-33.26080,149.16200
2800,NASHDALE,NSW,-33.30050,149.00663
2800,OPHIR,NSW,-33.18104,149.17727
2800,ORANGE,NSW,-33.28333,149.10000
2800,ORANGE DC,NSW,-33.28620,149.10100
2800,ORANGE EAST,NSW,-33.28214,149.11397
2800,ORANGE MOULDER STREET,NSW,-33.28730,149.09500
2800,PANUARA,NSW,-33.57469,148.90093
2800,PINNACLE,NSW,-33.33055,149.05866
2800,SHADFORTH,NSW,-33.39219,149.20072
2800,SPRING CREEK,NSW,-33.34605,149.09844
2800,SPRING HILL,NSW,-33.39833,149.15222
2800,SPRINGSIDE,NSW,-33.38761,149.04679
2800,SUMA PARK,NSW,-33.27210,149.13600
2800,SUMMER HILL,NSW,-33.20640,149.14400
2800,SUMMER HILL CREEK,NSW,-33.20635,149.14436
2800,TOWAC,NSW,-33.35308,148.98257
2800,WALDEGRAVE,NSW,-33.43650,149.05000
2800,WARRENDINE,NSW,-33.29060,149.09900
2800,WINDERA,NSW,-33.20550,149.02097
2803,BENDICK MURRELL,NSW,-34.16500,148.45111
2803,CROWTHER,NSW,-34.15246,148.56262
2803,WIRRIMAH,NSW,-34.11761,148.40636
2804,BILLIMARI,NSW,-33.66873,148.63369
2804,BURDETT,NSW,-33.40970,148.61800
2804,CANOWINDRA,NSW,-33.56667,148.66667
2804,MOORBEL,NSW,-33.55860,148.69731
2804,NYRANG CREEK,NSW,-33.54224,148.51850
2805,GOOLOOGONG,NSW,-33.65251,148.44017
2806,EUGOWRA,NSW,-33.39847,148.32606
2806,NANAMI,NSW,-33.52000,148.43100
2806,TRAJERE,NSW,-33.49630,148.40300
2807,KOORAWATHA,NSW,-34.01310,148.57724
2808,WYANGALA,NSW,-33.99546,148.94356
2809,GREENETHORPE,NSW,-34.04141,148.39451
2810,BIMBI,NSW,-34.02700,147.94573
2810,CARAGABAL,NSW,-33.83585,147.74365
2810,GLENELG,NSW,-33.72849,148.09817
2810,GRENFELL,NSW,-33.89190,148.15420
2810,PINEY RANGE,NSW,-33.81282,147.99116
2810,PINNACLE,NSW,-33.72891,147.89769
2810,PULLABOOKA,NSW,-33.74668,147.76585
2810,WARRADERRY,NSW,-33.65321,148.32856
2817,TONDERBURINE,NSW,-31.34710,148.81700
2817,TOORAWEENAH,NSW,-31.45030,148.90300
2818,BENOLONG,NSW,-32.43040,148.69800
2818,GEURIE,NSW,-32.39040,148.82700
2818,PONTO,NSW,-32.44930,148.79500
2818,TERRABELLA,NSW,-32.46790,148.73400
2820,APSLEY,NSW,-32.60621,148.96076
2820,ARTHURVILLE,NSW,-32.55853,148.72771
2820,BAKERS SWAMP,NSW,-32.75626,148.90129
2820,BODANGORA,NSW,-32.45931,148.99910
2820,COMOBELLA,NSW,-32.40074,148.96470
2820,CURRA CREEK,NSW,-32.67948,148.83970
2820,DRIPSTONE,NSW,-32.64136,149.00305
2820,FARNHAM,NSW,-32.84333,149.08857
2820,GOLLAN,NSW,-32.28501,149.07799
2820,LAKE BURRENDONG,NSW,-32.68018,149.13862
2820,MARYVALE,NSW,-32.46750,148.88983
2820,MEDWAY,NSW,-32.14816,149.17323
2820,MONTEFIORES,NSW,-32.52849,148.93783
2820,MOOKERAWA,NSW,-32.78648,149.13898
2820,MOUNT AQUILA,NSW,-32.85501,149.15127
2820,MOUNT ARTHUR,NSW,-32.57467,148.92394
2820,MUMBIL,NSW,-32.71667,149.05000
2820,NANIMA,NSW,-32.55337,148.94246
2820,NEUREA,NSW,-32.67843,148.94422
2820,NORTH YEOVAL,NSW,-32.73980,148.65500
2820,SPICERS CREEK,NSW,-32.31082,149.15692
2820,STUART TOWN,NSW,-32.79922,149.06759
2820,SUNTOP,NSW,-32.60331,148.89305
2820,WALMER,NSW,-32.65105,148.79997
2820,WELLINGTON,NSW,-32.55204,148.94929
2820,WUULUMAN,NSW,-32.51622,148.97007
2820,YARRAGAL,NSW,-32.59186,149.11315
2821,BURROWAY,NSW,-32.11063,148.33105
2821,NARROMINE,NSW,-32.23274,148.23947
2821,WYANGA,NSW,-32.45670,148.13100
2822,BALLADORAN,NSW,-31.78260,148.64400
2822,EUMUNGERIE,NSW,-31.99950,148.64600
2823,BUNDEMAR,NSW,-31.71653,147.97077
2823,CATHUNDRAL,NSW,-31.92453,147.84021
2823,DANDALOO,NSW,-32.29749,147.72100
2823,GIN GIN,NSW,-31.91201,148.08860
2823,TRANGIE,NSW,-32.03338,147.98164
2824,BEEMUNNEL,NSW,-31.67970,147.86106
2824,BULLAGREEN,NSW,-31.31440,148.03200
2824,EENAWEENA,NSW,-31.47619,147.51093
2824,MARTHAGUY,NSW,-31.46475,147.89105
2824,MOUNT FOSTER,NSW,-31.11934,147.57158
2824,MOUNT HARRIS,NSW,-31.17328,147.68411
2824,MUMBLEBONE PLAIN,NSW,-31.49971,147.68730
2824,OXLEY,NSW,-30.98192,147.62056
2824,PIGEONBAH,NSW,-31.54074,148.08155
2824,PINE CLUMP,NSW,-31.43430,148.15200
2824,RAVENSWOOD,NSW,-31.69831,147.84384
2824,RED HILL,NSW,-31.72143,147.81156
2824,SNAKES PLAIN,NSW,-31.77688,147.75565
2824,TENANDRA,NSW,-31.61211,147.88004
2824,WARREN,NSW,-31.70265,147.81617
2825,BABINDA,NSW,-31.92711,146.50773
2825,BOGAN,NSW,-31.79291,147.10132
2825,BUDDABADAH,NSW,-32.04477,147.06118
2825,CANONBA,NSW,-31.48322,147.41697
2825,HONEYBUGLE,NSW,-31.83531,146.88009
2825,MIANDETTA,NSW,-31.56644,146.97725
2825,MULLA,NSW,-31.82078,147.33966
2825,MULLENGUDGERY,NSW,-31.64477,147.54957
2825,MURRAWOMBIE,NSW,-31.18095,147.22414
2825,NYNGAN,NSW,-31.56386,147.19774
2825,PANGEE,NSW,-32.01086,146.76784
2825,WARRIGAL,NSW,-31.61300,147.28600
2826,BOGAN,NSW,-31.94510,147.46700
2826,NEVERTIRE,NSW,-31.85860,147.65600
2827,BEARBONG,NSW,-31.66478,148.81955
2827,BIDDON,NSW,-31.56512,148.81050
2827,BREELONG,NSW,-31.74642,148.75069
2827,COLLIE,NSW,-31.67526,148.28509
2827,CURBAN,NSW,-31.52772,148.57688
2827,GILGANDRA,NSW,-31.69523,148.65584
2827,MERRIGAL,NSW,-31.50266,148.26202
2828,ARMATREE,NSW,-31.42500,148.51300
2828,BLACK HOLLOW,NSW,-31.12696,148.88589
2828,BOURBAH,NSW,-31.23114,148.16596
2828,GULARGAMBONE,NSW,-31.33333,148.46667
2828,MOUNT TENANDRA,NSW,-31.22169,148.77655
2828,QUANDA,NSW,-31.15568,148.79772
2828,TONDERBURINE,NSW,-31.34710,148.81715
2828,WARRUMBUNGLE,NSW,-31.26710,149.00078
2829,BILLEROY,NSW,-30.67630,148.38100
2829,COMBARA,NSW,-31.13344,148.38916
2829,CONIMBIA,NSW,-30.67751,147.99689
2829,COONAMBLE,NSW,-30.95425,148.38841
2829,GILGOOMA,NSW,-30.74687,148.52617
2829,GUNGALMAN,NSW,-30.50720,147.99100
2829,MAGOMETON,NSW,-31.02654,148.61509
2829,NEBEA,NSW,-30.90003,148.55477
2829,PINE GROVE,NSW,-30.92171,148.66709
2829,TERIDGERIE,NSW,-30.95116,149.04141
2829,TOOLOON,NSW,-31.03600,148.20000
2829,URAWILKIE,NSW,-30.69448,148.73056
2829,WINGADEE,NSW,-30.39364,148.30021
2830,BALLIMORE,NSW,-32.17259,148.91597
2830,BARBIGAL,NSW,-32.22345,148.84297
2830,BENI,NSW,-32.25500,148.71685
2830,BOOTHENBA,NSW,-32.19673,148.69218
2830,BROCKLEHURST,NSW,-32.11848,148.59185
2830,CUMBOOGLE,NSW,-32.32063,148.60681
2830,DELROY GARDENS,NSW,-32.25948,148.49831
2830,DICKYGUNDI,NSW,-32.17542,148.60010
2830,DUBBO,NSW,-32.23150,148.63296
2830,DUBBO DC,NSW,-32.23150,148.63300
2830,DUBBO EAST,NSW,-32.23150,148.63296
2830,DUBBO GROVE,NSW,-32.26821,148.61029
2830,DUBBO WEST,NSW,-32.25140,148.58879
2830,ESCHOL,NSW,-32.32892,148.64744
2830,EULOMOGO,NSW,-32.27559,148.67151
2830,GOONOO FOREST,NSW,-32.05150,148.78100
2830,KICKABIL,NSW,-31.98850,148.39374
2830,MANERA HEIGHTS,NSW,-32.24120,148.62320
2830,MINORE,NSW,-32.26366,148.45515
2830,MOGRIGUY,NSW,-32.11383,148.64819
2830,MURONBUNG,NSW,-32.17320,148.96300
2830,ORANA HEIGHTS,NSW,-32.25318,148.62726
2830,RAWSONVILLE,NSW,-32.17233,148.47085
2830,TALBRAGAR,NSW,-32.24561,148.60733
2830,TERRAMUNGAMINE,NSW,-32.15303,148.53840
2830,TOONGI,NSW,-32.47686,148.56117
2830,TROY JUNCTION,NSW,-32.21343,148.61841
2830,WAMBANGALANG,NSW,-32.59020,148.53200
2830,WHYLANDRA CROSSING,NSW,-32.19492,148.49819
2831,ARMATREE,NSW,-31.42500,148.51332
2831,BALLADORAN,NSW,-31.78264,148.64388
2831,BRENDA,NSW,-31.03839,146.74121
2831,BULLAGREEN,NSW,-31.31438,148.03185
2831,BYROCK,NSW,-30.43641,146.57633
2831,CARINDA,NSW,-30.40742,147.66551
2831,COOLABAH,NSW,-31.02041,146.71227
2831,ELONG ELONG,NSW,-32.13248,149.01317
2831,EUMUNGERIE,NSW,-31.99945,148.64597
2831,GEURIE,NSW,-32.39035,148.82730
2831,GIRILAMBONE,NSW,-31.10290,147.08033
2831,GOODOOGA,NSW,-29.11091,147.45567
2831,HERMIDALE,NSW,-31.54646,146.72658
2831,MACQUARIE MARSHES,NSW,-30.69588,147.63044
2831,MERRYGOEN,NSW,-31.81856,149.24597
2831,MURIEL,NSW,-31.55555,146.52680
2831,NEILREX,NSW,-31.74189,149.36382
2831,NEVERTIRE,NSW,-31.85862,147.65595
2831,NUBINGERIE,NSW,-31.99945,148.64597
2831,NYMAGEE,NSW,-32.06333,146.34060
2831,PINE CLUMP,NSW,-31.43432,148.15223
2831,PONTO,NSW,-32.44929,148.79532
2831,QUAMBONE,NSW,-30.93681,147.84091
2831,TERRABELLA,NSW,-32.46788,148.73441
2831,THE MARRA,NSW,-30.56364,147.18456
2831,TOORAWEENAH,NSW,-31.45026,148.90272
2831,WESTELLA,NSW,-32.29556,148.82753
2831,WONGARBON,NSW,-32.33333,148.76667
2832,ANGLEDOOL,NSW,-29.14350,148.01401
2832,BOOROOMA,NSW,-30.10993,147.45380
2832,BULYEROI,NSW,-29.78860,149.08700
2832,COME BY CHANCE,NSW,-30.26165,148.34413
2832,CRYON,NSW,-29.99878,148.61212
2832,CUMBORAH,NSW,-29.73889,147.76599
2832,GRAWIN OPAL FIELDS,NSW,-29.63520,147.67300
2832,WALGETT,NSW,-30.02680,148.12310
2833,COLLARENEBRI,NSW,-29.22821,148.55438
2834,ANGLEDOOL,NSW,-29.14350,148.01400
2834,LIGHTNING RIDGE,NSW,-29.43121,147.98087
2835,BULLA,NSW,-32.00851,144.47309
2835,CANBELEGO,NSW,-31.55671,146.31987
2835,COBAR,NSW,-31.49576,145.83886
2835,CUBBA,NSW,-31.54309,145.28440
2835,GILGUNNIA,NSW,-32.44208,146.07185
2835,IRYMPLE,NSW,-32.52222,145.45507
2835,KERRIGUNDI,NSW,-31.00909,145.27815
2835,KULWIN,NSW,-32.20929,145.08272
2835,LERIDA,NSW,-31.72419,145.70335
2835,NOONA,NSW,-31.57302,144.66062
2835,SANDY CREEK,NSW,-31.69307,145.49378
2835,TINDAREY,NSW,-31.17424,145.87399
2836,GEMVILLE,NSW,-30.90000,142.93333
2836,WHITE CLIFFS,NSW,-31.02040,143.04036
2836,WILCANNIA,NSW,-31.55899,143.37850
2838,GOODOOGA,NSW,-29.32820,147.37200
2839,BREWARRINA,NSW,-29.96117,146.86065
2839,COLLERINA,NSW,-29.51150,146.69200
2839,GONGOLGON,NSW,-30.53773,146.87169
2839,NARRAN LAKE,NSW,-29.83700,147.32100
2839,TALAWANTA,NSW,-29.60123,147.05994
2839,WEILMORINGLE,NSW,-29.23847,146.91936
2840,BARRINGUN,NSW,-29.01236,145.71338
2840,BOURKE,NSW,-30.08884,145.93776
2840,ENNGONIA,NSW,-29.31567,145.85567
2840,FORDS BRIDGE,NSW,-29.75173,145.42611
2840,GUMBALIE,NSW,-30.11503,145.20804
2840,GUNDERBOOKA,NSW,-30.60809,145.72011
2840,HUNGERFORD,NSW,-29.17068,144.61543
2840,LOUTH,NSW,-30.53726,145.11625
2840,NORTH BOURKE,NSW,-30.03200,145.94200
2840,TILPA,NSW,-30.90004,144.67331
2840,URISINO,NSW,-29.71032,143.73377
2840,WANAARING,NSW,-29.70282,144.14512
2840,YANTABULLA,NSW,-29.28978,145.04159
2842,MENDOORAN,NSW,-31.83422,149.12090
2842,MOLLYAN,NSW,-31.58886,149.28333
2842,NEW MOLLYAN,NSW,-31.58890,149.28300
2842,YARRAGRIN,NSW,-31.66421,149.14185
2843,COOLAH,NSW,-31.78457,149.74873
2844,BIRRIWA,NSW,-32.12434,149.46453
2844,COBBORA,NSW,-32.05880,149.25300
2844,DUNEDOO,NSW,-31.99881,149.31531
2844,LEADVILLE,NSW,-32.03826,149.57792
2845,ANGUS PLACE,NSW,-33.36460,150.11900
2845,WALLERAWANG,NSW,-33.41742,150.06064
2846,AIRLY,NSW,-33.12320,150.27700
2846,CAPERTEE,NSW,-33.14652,149.98540
2846,GLEN DAVIS,NSW,-33.12181,150.14596
2846,KANGAROO FLAT,NSW,-36.78333,144.23333
2846,ROUND SWAMP,NSW,-33.07572,149.93600
2847,PIPERS FLAT,NSW,-33.37820,150.01300
2847,PORTLAND,NSW,-33.35209,149.96815
2848,BROGANS CREEK,NSW,-32.96520,149.96929
2848,CHARBON,NSW,-32.88500,149.97103
2848,CLANDULLA,NSW,-32.91776,149.95609
2848,KANDOS,NSW,-32.85471,149.97835
2849,BOGEE,NSW,-32.97879,150.10749
2849,BREAKFAST CREEK,NSW,-32.67230,149.99740
2849,BUDDEN,NSW,-32.50700,150.08775
2849,BYLONG,NSW,-32.41667,150.11667
2849,CAMBOON,NSW,-32.70801,149.95384
2849,CARWELL,NSW,-32.83791,149.92222
2849,COGGAN,NSW,-32.36092,150.10017
2849,COXS CREEK,NSW,-32.75668,150.08280
2849,COXS CROWN,NSW,-32.74659,150.04890
2849,DABEE,NSW,-32.83786,150.02811
2849,DUNGEREE,NSW,-32.77672,149.86723
2849,DUNVILLE LOOP,NSW,-32.94024,150.15573
2849,GINGHI,NSW,-32.59191,150.03853
2849,GLEN ALICE,NSW,-33.03231,150.18931
2849,GROWEE,NSW,-32.62546,150.05883
2849,KELGOOLA,NSW,-32.86972,150.27875
2849,LEE CREEK,NSW,-32.50760,150.12463
2849,MOUNT MARSDEN,NSW,-32.95600,150.06275
2849,MURRUMBO,NSW,-32.40209,150.23731
2849,NULLO MOUNTAIN,NSW,-32.73821,150.22627
2849,OLINDA,NSW,-32.81774,150.18032
2849,PINNACLE SWAMP,NSW,-32.77061,149.91316
2849,PYANGLE,NSW,-32.64087,149.90712
2849,REEDY CREEK,NSW,-32.71098,150.02473
2849,RYLSTONE,NSW,-32.79712,149.96929
2849,UPPER BYLONG,NSW,-32.44029,150.14054
2849,UPPER GROWEE,NSW,-32.64735,150.02325
2849,UPPER NILE,NSW,-32.96483,150.24980
2849,WIRRABA,NSW,-33.11345,150.50847
2850,AARONS PASS,NSW,-32.86561,149.81293
2850,APPLE TREE FLAT,NSW,-32.68160,149.70222
2850,AVISFORD,NSW,-32.74030,149.48507
2850,BARA,NSW,-32.57952,149.79410
2850,BARIGAN,NSW,-32.49388,149.99813
2850,BEN BUCKLEY,NSW,-32.48595,149.16125
2850,BOCOBLE,NSW,-32.80007,149.73719
2850,BOMBIRA,NSW,-32.57522,149.60457
2850,BOTOBOLAR,NSW,-32.52472,149.81635
2850,BUCKAROO,NSW,-32.55978,149.66221
2850,BUDGEE BUDGEE,NSW,-32.51513,149.66798
2850,BURRUNDULLA,NSW,-32.62237,149.62763
2850,CAERLEON,NSW,-32.57858,149.54983
2850,CANADIAN LEAD,NSW,-32.42512,149.57180
2850,CARCALGONG,NSW,-32.86757,149.70474
2850,COLLINGWOOD,NSW,-32.59980,149.47820
2850,COOKS GAP,NSW,-32.36299,149.71412
2850,COOYAL,NSW,-32.44968,149.76947
2850,CROSS ROADS,NSW,-32.51079,149.70060
2850,CUDGEGONG,NSW,-32.73121,149.75522
2850,CULLENBONE,NSW,-32.49094,149.50952
2850,CUMBO,NSW,-32.39537,149.87247
2850,ERUDGERE,NSW,-32.58517,149.50016
2850,EURUNDEREE,NSW,-32.50289,149.62186
2850,FROG ROCK,NSW,-32.47352,149.68528
2850,GALAMBINE,NSW,-32.44142,149.52375
2850,GLEN AYR,NSW,-32.60573,149.57584
2850,GRATTAI,NSW,-32.68443,149.49080
2850,GREEN GULLY,NSW,-32.79138,149.68528
2850,GULGAMREE,NSW,-32.55940,149.56400
2850,HARGRAVES,NSW,-32.79404,149.44187
2850,HAVILAH,NSW,-32.62046,149.76411
2850,HAYES GAP,NSW,-32.57622,149.74873
2850,HILL END,NSW,-33.02386,149.42209
2850,HOME RULE,NSW,-32.41803,149.62060
2850,ILFORD,NSW,-32.96801,149.85406
2850,KAINS FLAT,NSW,-32.48174,149.85262
2850,LINBURN,NSW,-32.42848,149.71482
2850,LONG CREEK,NSW,-32.82830,149.59900
2850,LUE,NSW,-32.65090,149.84901
2850,MAITLAND BAR,NSW,-32.74911,149.42620
2850,MENAH,NSW,-32.54166,149.53559
2850,MEROO,NSW,-32.76634,149.59231
2850,MILLSVILLE,NSW,-32.55940,149.56400
2850,MILROY,NSW,-32.59187,149.61898
2850,MOGO,NSW,-32.26901,150.01077
2850,MONIVAE,NSW,-32.67674,149.92537
2850,MOOLARBEN,NSW,-32.36885,149.76912
2850,MOUNT FROME,NSW,-32.62131,149.66221
2850,MOUNT KNOWLES,NSW,-32.60328,149.67112
2850,MUDGEE,NSW,-32.61446,149.57333
2850,MULLAMUDDY,NSW,-32.66044,149.68168
2850,MUNGHORN,NSW,-32.39088,149.83904
2850,MURRAGAMBA,NSW,-32.29920,149.79600
2850,PIAMBONG,NSW,-32.50865,149.40087
2850,PUTTA BUCCA,NSW,-32.57934,149.58152
2850,PYRAMUL,NSW,-32.91081,149.59377
2850,QUEENS PINCH,NSW,-32.72926,149.67915
2850,RIVERLEA,NSW,-32.68402,149.73430
2850,RUNNING STREAM,NSW,-33.04779,149.86561
2850,SALLYS FLAT,NSW,-32.99759,149.58044
2850,SPRING FLAT,NSW,-32.65389,149.62261
2850,ST FILLANS,NSW,-32.46796,149.64492
2850,STONY CREEK,NSW,-32.46866,149.73099
2850,TAMBAROORA,NSW,-32.96515,149.42894
2850,TICHULAR,NSW,-32.43431,149.94250
2850,TOTNES VALLEY,NSW,-32.49608,149.90965
2850,TRIAMBLE,NSW,-32.90999,149.30273
2850,TURILL,NSW,-32.16924,149.83602
2850,TWELVE MILE,NSW,-32.43833,149.29159
2850,ULAN,NSW,-32.28208,149.71195
2850,ULLAMALLA,NSW,-32.93517,149.34356
2850,WILBETREE,NSW,-32.50421,149.57097
2850,WILPINJONG,NSW,-32.34908,149.89588
2850,WINDEYER,NSW,-32.79411,149.56982
2850,WOLLAR,NSW,-32.34257,149.95278
2850,WORLDS END,NSW,-32.66485,149.36539
2850,YARRABIN,NSW,-32.62228,149.33682
2850,YARRAWONGA,NSW,-32.36525,149.64492
2852,BARNEYS REEF,NSW,-32.17965,149.51794
2852,BERYL,NSW,-32.30805,149.45091
2852,BIRAGANBIL,NSW,-32.42275,149.44619
2852,BUNGABA,NSW,-32.17688,149.63988
2852,COPE,NSW,-32.30323,149.65573
2852,CUMBANDRY,NSW,-32.34818,149.61939
2852,GOOLMA,NSW,-32.36695,149.26429
2852,GULGONG,NSW,-32.35000,149.53333
2852,GUNTAWANG,NSW,-32.39920,149.43300
2852,MEBUL,NSW,-32.34835,149.35377
2852,MEROTHERIE,NSW,-32.15860,149.56959
2852,STUBBO,NSW,-32.30643,149.58927
2852,TALLAWANG,NSW,-32.26506,149.40087
2852,TWO MILE FLAT,NSW,-32.39600,149.38200
2864,BOREE,NSW,-33.28860,148.74113
2864,BOWAN PARK,NSW,-33.29929,148.84077
2864,CUDAL,NSW,-33.28792,148.73951
2864,MURGA,NSW,-33.36468,148.53938
2864,TOOGONG,NSW,-33.31363,148.64691
2865,BOCOBRA,NSW,-33.14028,148.56545
2865,GUMBLE,NSW,-33.05860,148.60701
2865,MANILDRA,NSW,-33.18115,148.68802
2866,AMAROO,NSW,-33.15944,148.91024
2866,BOOMEY,NSW,-32.99399,148.97007
2866,CUNDUMBUL,NSW,-32.85405,148.93173
2866,EUCHAREENA,NSW,-32.89054,149.15928
2866,GARRA,NSW,-33.12358,148.79210
2866,LARRAS LEE,NSW,-32.99386,148.84608
2866,MOLONG,NSW,-33.09105,148.85683
2866,THE SHADES,NSW,-33.04590,148.89100
2866,WARNECLIFFE,NSW,-32.98320,149.08500
2867,BALDRY,NSW,-32.89085,148.45043
2867,CUMNOCK,NSW,-32.93466,148.75954
2867,EURIMBLA,NSW,-32.87718,148.81822
2867,EURIMBULA,NSW,-32.87720,148.81800
2867,LOOMBAH,NSW,-32.79646,148.77366
2867,YULLUNDRY,NSW,-32.83675,148.71071
2868,BOURNEWOOD,NSW,-32.78274,148.71912
2868,NORTH YEOVAL,NSW,-32.73983,148.65520
2868,OBLEY,NSW,-32.64793,148.54921
2868,YEOVAL,NSW,-32.75000,148.65000
2869,MUNGERY,NSW,-32.49180,147.92300
2869,PEAK HILL,NSW,-32.72558,148.19160
2869,TOMINGLEY,NSW,-32.56793,148.22195
2869,TREWILGA,NSW,-32.78966,148.22917
2870,ALECTOWN,NSW,-32.94086,148.23041
2870,BEARGAMIL,NSW,-33.02873,148.30677
2870,BINDOGUNDRA,NSW,-33.12401,148.36680
2870,BROLGAN,NSW,-33.13609,148.09277
2870,BUMBERRY,NSW,-33.15814,148.51553
2870,COOKAMIDGERA,NSW,-33.23765,148.33961
2870,COOKS MYALLS,NSW,-33.05800,148.04593
2870,DAROOBALGIE,NSW,-33.28238,148.09856
2870,GOOBANG,NSW,-33.14018,148.18057
2870,GOONUMBLA,NSW,-32.98970,148.12773
2870,KADINA,NSW,-32.92932,148.24466
2870,MANDAGERY,NSW,-33.20075,148.36099
2870,MICKIBRI,NSW,-32.88225,148.19332
2870,MUGINCOBLE,NSW,-33.19307,148.22459
2870,NANARDINE,NSW,-33.05013,148.09687
2870,PARKES,NSW,-33.13729,148.17472
2870,PARKESBOROUGH,NSW,-33.18000,148.16000
2870,SHALLOW RUSH,NSW,-33.02190,148.28000
2870,TICHBORNE,NSW,-33.21504,148.10888
2871,BANDON,NSW,-33.39101,148.01139
2871,BEDGERABONG,NSW,-33.35950,147.70100
2871,BEDGEREBONG,NSW,-33.35949,147.70130
2871,BUNDABURRAH,NSW,-33.48501,147.78673
2871,CALARIE,NSW,-33.33350,147.99498
2871,CARRAWABBITY,NSW,-33.36534,147.86960
2871,CORINELLA,NSW,-33.48834,147.54116
2871,CUMBIJOWA,NSW,-33.40226,148.11812
2871,FAIRHOLME,NSW,-33.29882,147.37580
2871,FORBES,NSW,-33.37988,148.00669
2871,GAREMA,NSW,-33.61051,147.90253
2871,GRAWLIN,NSW,-33.49327,148.08795
2871,GUNNING GAP,NSW,-33.30869,147.80208
2871,JEMALONG,NSW,-33.38031,147.67624
2871,MULYANDRY,NSW,-33.55719,148.11647
2871,OOMA,NSW,-33.58532,148.04103
2871,PAYTENS BRIDGE,NSW,-33.54550,148.35800
2871,WARROO,NSW,-33.30278,147.56248
2871,WEELONG,NSW,-33.37280,148.00249
2871,WIRRINYA,NSW,-33.56874,147.76191
2871,YARRAGONG,NSW,-33.26285,147.82114
2873,ALBERT,NSW,-32.35516,147.50554
2873,FIVE WAYS,NSW,-32.14530,147.00300
2873,LANSDALE,NSW,-32.23257,147.18080
2873,MIAMLEY,NSW,-32.40050,146.92800
2873,TOTTENHAM,NSW,-32.24498,147.35545
2874,TULLAMORE,NSW,-32.62509,147.59858
2874,YETHERA,NSW,-32.46216,147.69103
2875,BRUIE PLAINS,NSW,-32.82121,147.87737
2875,FIFIELD,NSW,-32.80780,147.46258
2875,OOTHA,NSW,-33.10754,147.39592
2875,THE TROFFS,NSW,-32.83158,147.65677
2875,TRUNDLE,NSW,-32.92005,147.70551
2875,YARRABANDAI,NSW,-33.12387,147.58348
2876,BOGAN GATE,NSW,-33.11237,147.74666
2876,BOTFIELDS,NSW,-33.01360,147.74011
2876,GUNNING GAP,NSW,-33.30870,147.80200
2876,GUNNINGBLAND,NSW,-33.14543,147.93668
2876,NELUNGALOO,NSW,-33.21898,147.98267
2877,BOBADAH,NSW,-32.27320,146.68500
2877,BOONA MOUNT,NSW,-32.61700,147.26000
2877,CONDOBOLIN,NSW,-33.08852,147.14723
2877,DERRIWONG,NSW,-33.09801,147.33535
2877,EREMERANG,NSW,-32.62435,146.39780
2877,EUABALONG,NSW,-33.11028,146.46972
2877,EUABALONG WEST,NSW,-33.05677,146.39571
2877,GILGUNNIA,NSW,-32.44210,146.07200
2877,KIACATOO,NSW,-33.05078,146.77245
2877,MILBY,NSW,-33.36669,146.93599
2877,MOUNT HOPE,NSW,-32.83121,145.88193
2877,MULGUTHRIE,NSW,-33.17819,147.37225
2878,BEILPAJAH,NSW,-32.89913,144.77966
2878,CONOBLE,NSW,-32.89913,144.77966
2878,IVANHOE,NSW,-32.90315,144.30290
2878,MANARA,NSW,-32.48380,143.93620
2878,MOSSGIEL,NSW,-33.26300,144.57188
2878,TRIDA,NSW,-33.01587,145.01644
2879,COPI HOLLOW,NSW,-32.25856,142.39062
2879,MENINDEE,NSW,-32.39853,142.41392
2879,SUNSET STRIP,NSW,-32.27080,142.30000
2880,BROKEN HILL,NSW,-31.95391,141.45394
2880,BROKEN HILL NORTH,NSW,-31.95391,141.45394
2880,BROKEN HILL WEST,NSW,-31.95391,141.45394
2880,BROUGHAMS GATE,NSW,-30.88720,141.25100
2880,BURNS,NSW,-30.55130,141.68343
2880,CAMERON CORNER,NSW,-28.99776,140.99997
2880,EURIOWIE,NSW,-30.55130,141.68343
2880,FOWLERS GAP,NSW,-31.36420,141.67876
2880,KINALUNG,NSW,-32.05961,141.96052
2880,LITTLE TOPAR,NSW,-31.78072,142.22662
2880,MILPARINKA,NSW,-29.73760,141.88317
2880,MOUNT GIPPS,NSW,-31.90180,141.59327
2880,MUTAWINTJI,NSW,-31.28200,142.30300
2880,PACKSADDLE,NSW,-30.61017,141.96778
2880,SILVERTON,NSW,-31.88461,141.22304
2880,SOUTH BROKEN HILL,NSW,-31.95391,141.45394
2880,STEPHENS CREEK,NSW,-31.94809,141.70607
2880,TIBOOBURRA,NSW,-29.43305,142.01077
2890,AUSTRALIAN DEFENCE FORCES,NSW,-31.25320,146.92100
2890,FORCES,NSW,-31.25320,146.92100
2891,INTERNATIONAL MC,NSW,-33.86880,151.20900
2891,SYDNEY GATEWAY FACILITY,NSW,-33.86880,151.20900
2898,LORD HOWE ISLAND,NSW,-31.55533,159.08212
2899,NORFOLK ISLAND,NSW,-29.03386,167.95259
2900,GREENWAY,ACT,-35.41703,149.06687
2900,TUGGERANONG,ACT,-35.41703,149.06687
2901,TUGGERANONG DC,ACT,-35.41970,149.06900
2902,KAMBAH,ACT,-35.38397,149.06400
2902,KAMBAH VILLAGE,ACT,-35.38400,149.06400
2903,ERINDALE CENTRE,ACT,-35.40364,149.09866
2903,OXLEY,ACT,-35.40600,149.08000
2903,WANNIASSA,ACT,-35.40306,149.09722
2904,FADDEN,ACT,-35.40200,149.11800
2904,GOWRIE,ACT,-35.41200,149.11000
2904,MACARTHUR,ACT,-35.40583,149.13000
2904,MONASH,ACT,-35.41700,149.10000
2905,BONYTHON,ACT,-35.43100,149.08200
2905,CALWELL,ACT,-35.43800,149.11000
2905,CHISHOLM,ACT,-35.42417,149.12250
2905,GILMORE,ACT,-35.42100,149.13300
2905,ISABELLA PLAINS,ACT,-35.42800,149.09500
2905,RICHARDSON,ACT,-35.43001,149.11279
2905,THEODORE,ACT,-35.44600,149.12200
2906,BANKS,ACT,-35.47300,149.09500
2906,CONDER,ACT,-35.45800,149.09700
2906,GORDON,ACT,-35.45100,149.08500
2911,CRACE,ACT,-35.20486,149.10705
2911,KENNY,ACT,-35.21874,149.13251
2911,MITCHELL,ACT,-35.21528,149.14083
2912,GUNGAHLIN,ACT,-35.18807,149.13575
2913,CASEY,ACT,-35.17470,149.09600
2913,FRANKLIN,ACT,-35.20000,149.14250
2913,GINNINDERRA VILLAGE,ACT,-35.17830,149.10992
2913,NGUNNAWAL,ACT,-35.17583,149.10917
2913,NICHOLLS,ACT,-35.18600,149.09200
2913,PALMERSTON,ACT,-35.19457,149.11400
2913,TAYLOR,ACT,-35.17830,149.11000
2914,AMAROO,ACT,-35.17139,149.12889
2914,BONNER,ACT,-35.16413,149.13322
2914,FORDE,ACT,-35.16639,149.14306
2914,HARRISON,ACT,-35.19750,149.15444
2914,JACKA,ACT,-35.15160,149.13000
2914,MONCRIEFF,ACT,-35.15640,149.11400
2914,THROSBY,ACT,-35.18810,149.16400
3000,MELBOURNE,VIC,-37.81521,144.96394
3001,MELBOURNE,VIC,-37.81363,144.96306
3002,EAST MELBOURNE,VIC,-37.81614,144.98046
3003,WEST MELBOURNE,VIC,-37.81145,144.92540
3004,MELBOURNE,VIC,-37.83016,144.98046
3004,ST KILDA ROAD CENTRAL,VIC,-37.83680,144.97600
3004,ST KILDA ROAD MELBOURNE,VIC,-37.83680,144.97600
3005,WORLD TRADE CENTRE,VIC,-37.82267,144.95384
3006,SOUTH WHARF,VIC,-37.82500,144.95200
3006,SOUTHBANK,VIC,-37.82900,144.95700
3008,DOCKLANDS,VIC,-37.81707,144.94191
3010,UNIVERSITY OF MELBOURNE,VIC,-37.79835,144.96097
3011,FOOTSCRAY,VIC,-37.79890,144.89236
3011,SEDDON,VIC,-37.80558,144.89100
3011,SEDDON WEST,VIC,-37.80537,144.89188
3012,BROOKLYN,VIC,-37.81735,144.84654
3012,KINGSVILLE,VIC,-37.80900,144.87800
3012,KINGSVILLE WEST,VIC,-37.80900,144.87800
3012,MAIDSTONE,VIC,-37.78300,144.87800
3012,TOTTENHAM,VIC,-37.80600,144.85700
3012,WEST FOOTSCRAY,VIC,-37.80067,144.87166
3013,YARRAVILLE,VIC,-37.81981,144.88137
3013,YARRAVILLE WEST,VIC,-37.81480,144.88524
3015,NEWPORT,VIC,-37.84200,144.88400
3015,SOUTH KINGSVILLE,VIC,-37.83006,144.87037
3015,SPOTSWOOD,VIC,-37.82925,144.88135
3016,WILLIAMSTOWN,VIC,-37.86100,144.88500
3016,WILLIAMSTOWN NORTH,VIC,-37.85176,144.86900
3018,ALTONA,VIC,-37.86315,144.81202
3018,SEAHOLME,VIC,-37.86800,144.84100
3019,BRAYBROOK,VIC,-37.79037,144.85662
3019,BRAYBROOK NORTH,VIC,-37.79037,144.85662
3019,ROBINSON,VIC,-37.79349,144.86053
3020,ALBION,VIC,-37.77552,144.81544
3020,GLENGALA,VIC,-37.78827,144.80880
3020,SUNSHINE,VIC,-37.78366,144.83757
3020,SUNSHINE NORTH,VIC,-37.76454,144.83125
3020,SUNSHINE WEST,VIC,-37.79467,144.81876
3021,ALBANVALE,VIC,-37.74600,144.76500
3021,KEALBA,VIC,-37.73275,144.82384
3021,KINGS PARK,VIC,-37.73400,144.77200
3021,ST ALBANS,VIC,-37.74423,144.79999
3022,ARDEER,VIC,-37.77767,144.79889
3022,DEER PARK EAST,VIC,-37.77767,144.79889
3023,BURNSIDE,VIC,-37.75300,144.75400
3023,BURNSIDE HEIGHTS,VIC,-37.72700,144.76000
3023,CAIRNLEA,VIC,-37.75785,144.79133
3023,CAROLINE SPRINGS,VIC,-37.74500,144.74000
3023,DEER PARK,VIC,-37.77027,144.77477
3023,DEER PARK NORTH,VIC,-37.75610,144.77357
3023,RAVENHALL,VIC,-37.79107,144.72575
3024,FIELDSTONE,VIC,-37.74720,144.64900
3024,MAMBOURIN,VIC,-37.89247,144.59646
3024,MANOR LAKES,VIC,-37.87340,144.58200
3024,MOUNT COTTRELL,VIC,-37.79682,144.62291
3024,WYNDHAM VALE,VIC,-37.89000,144.63000
3025,ALTONA EAST,VIC,-37.83887,144.83462
3025,ALTONA GATE,VIC,-37.82771,144.84770
3025,ALTONA NORTH,VIC,-37.83887,144.83462
3026,DERRIMUT,VIC,-37.79271,144.77156
3026,LAVERTON NORTH,VIC,-37.82805,144.78549
3027,LAVERTON RAAF,VIC,-37.86552,144.76132
3027,WILLIAMS LANDING,VIC,-37.86150,144.74400
3027,WILLIAMS RAAF,VIC,-37.92320,144.74900
3028,ALTONA MEADOWS,VIC,-37.87156,144.77758
3028,LAVERTON,VIC,-37.85920,144.77040
3028,SEABROOK,VIC,-37.87600,144.75800
3029,HOPPERS CROSSING,VIC,-37.86290,144.68545
3029,TARNEIT,VIC,-37.80917,144.66721
3029,TRUGANINA,VIC,-37.82828,144.70826
3030,CHARTWELL,VIC,-37.79350,144.76400
3030,COCOROC,VIC,-37.96867,144.62150
3030,POINT COOK,VIC,-37.91781,144.74773
3030,QUANDONG,VIC,-37.84145,144.54704
3030,WERRIBEE,VIC,-37.89980,144.66414
3030,WERRIBEE SOUTH,VIC,-37.93700,144.69700
3031,FLEMINGTON,VIC,-37.78330,144.92775
3031,KENSINGTON,VIC,-37.79412,144.92767
3032,ASCOT VALE,VIC,-37.77674,144.91107
3032,HIGHPOINT CITY,VIC,-37.77323,144.88930
3032,MARIBYRNONG,VIC,-37.76956,144.88208
3032,TRAVANCORE,VIC,-37.77800,144.93500
3033,KEILOR EAST,VIC,-37.73432,144.85662
3034,AVONDALE HEIGHTS,VIC,-37.76282,144.86487
3036,KEILOR,VIC,-37.71200,144.83100
3036,KEILOR NORTH,VIC,-37.68000,144.78400
3037,CALDER PARK,VIC,-37.67900,144.76200
3037,DELAHEY,VIC,-37.71900,144.77700
3037,HILLSIDE,VIC,-37.68700,144.74300
3037,PLUMPTON,VIC,-37.69400,144.75200
3037,SYDENHAM,VIC,-37.70200,144.76700
3037,TAYLORS HILL,VIC,-37.71500,144.75100
3038,KEILOR DOWNS,VIC,-37.72200,144.80300
3038,KEILOR LODGE,VIC,-37.69828,144.79889
3038,TAYLORS LAKES,VIC,-37.69735,144.78120
3038,WATERGARDENS,VIC,-37.69914,144.77682
3039,MOONEE PONDS,VIC,-37.76754,144.91989
3040,ABERFELDIE,VIC,-37.76200,144.90100
3040,ESSENDON,VIC,-37.75048,144.91432
3040,ESSENDON WEST,VIC,-37.75500,144.88300
3041,CROSS KEYS,VIC,-37.72630,144.89700
3041,ESSENDON FIELDS,VIC,-37.72630,144.89700
3041,ESSENDON NORTH,VIC,-37.73832,144.89926
3041,STRATHMORE,VIC,-37.73581,144.91915
3041,STRATHMORE HEIGHTS,VIC,-37.71300,144.89700
3042,AIRPORT WEST,VIC,-37.72623,144.88135
3042,KEILOR PARK,VIC,-37.72008,144.85146
3042,NIDDRIE,VIC,-37.73927,144.88647
3042,NIDDRIE NORTH,VIC,-37.73930,144.88600
3043,GLADSTONE PARK,VIC,-37.69267,144.89518
3043,GOWANBRAE,VIC,-37.70629,144.89489
3043,TULLAMARINE,VIC,-37.69948,144.88031
3044,PASCOE VALE,VIC,-37.72700,144.94200
3044,PASCOE VALE SOUTH,VIC,-37.74577,144.93846
3045,MELBOURNE AIRPORT,VIC,-37.66793,144.84012
3046,GLENROY,VIC,-37.70625,144.91614
3046,HADFIELD,VIC,-37.71000,144.95000
3046,OAK PARK,VIC,-37.71800,144.91900
3047,BROADMEADOWS,VIC,-37.68609,144.92699
3047,DALLAS,VIC,-37.66800,144.94000
3047,JACANA,VIC,-37.68723,144.91286
3048,COOLAROO,VIC,-37.65623,144.93641
3048,MEADOW HEIGHTS,VIC,-37.65000,144.92200
3049,ATTWOOD,VIC,-37.66600,144.88700
3049,WESTMEADOWS,VIC,-37.67794,144.88431
3050,ROYAL MELBOURNE HOSPITAL,VIC,-37.79892,144.95617
3051,HOTHAM HILL,VIC,-37.80090,144.95300
3051,NORTH MELBOURNE,VIC,-37.79838,144.94191
3052,MELBOURNE UNIVERSITY,VIC,-37.79835,144.96097
3052,PARKVILLE,VIC,-37.78624,144.94742
3053,CARLTON,VIC,-37.79839,144.96944
3053,CARLTON SOUTH,VIC,-37.80425,144.96602
3054,CARLTON NORTH,VIC,-37.78881,144.97198
3054,PRINCES HILL,VIC,-37.78400,144.96600
3055,BRUNSWICK SOUTH,VIC,-37.77233,144.94959
3055,BRUNSWICK WEST,VIC,-37.76100,144.94191
3055,MOONEE VALE,VIC,-37.76100,144.94191
3055,MORELAND WEST,VIC,-37.75423,144.94544
3056,BRUNSWICK,VIC,-37.76661,144.95843
3056,BRUNSWICK LOWER,VIC,-37.76661,144.95843
3056,BRUNSWICK NORTH,VIC,-37.75795,144.96383
3057,BRUNSWICK EAST,VIC,-37.76941,144.98046
3057,LYGON STREET NORTH,VIC,-37.77140,144.97200
3057,SUMNER,VIC,-37.77220,144.98000
3058,BATMAN,VIC,-37.73450,144.96304
3058,COBURG,VIC,-37.74130,144.96661
3058,COBURG NORTH,VIC,-37.72600,144.96000
3058,MERLYNSTON,VIC,-37.72093,144.96135
3058,MORELAND,VIC,-37.73435,144.96669
3059,GREENVALE,VIC,-37.64549,144.88412
3060,FAWKNER,VIC,-37.69693,144.96669
3060,FAWKNER EAST,VIC,-37.69693,144.96669
3060,FAWKNER NORTH,VIC,-37.69597,144.96845
3061,CAMPBELLFIELD,VIC,-37.66511,144.95568
3062,SOMERTON,VIC,-37.63329,144.94466
3063,OAKLANDS JUNCTION,VIC,-37.61180,144.84012
3063,YUROKE,VIC,-37.60000,144.88000
3064,CRAIGIEBURN,VIC,-37.59400,144.93400
3064,DONNYBROOK,VIC,-37.54766,144.96693
3064,KALKALLO,VIC,-37.52456,144.95568
3064,MICKLEHAM,VIC,-37.56200,144.87400
3064,ROXBURGH PARK,VIC,-37.62700,144.92900
3065,FITZROY,VIC,-37.79746,144.98046
3066,COLLINGWOOD,VIC,-37.80096,144.98734
3066,COLLINGWOOD NORTH,VIC,-37.80096,144.98734
3067,ABBOTSFORD,VIC,-37.80236,144.99836
3068,CLIFTON HILL,VIC,-37.78778,145.00021
3068,FITZROY NORTH,VIC,-37.78329,144.98385
3070,NORTHCOTE,VIC,-37.77361,144.99974
3070,NORTHCOTE SOUTH,VIC,-37.77953,144.99676
3071,THORNBURY,VIC,-37.76005,145.00800
3072,GILBERTON,VIC,-37.73630,144.99000
3072,NORTHLAND CENTRE,VIC,-37.73851,145.03006
3072,PRESTON,VIC,-37.73994,145.01076
3072,PRESTON LOWER,VIC,-37.75089,144.98779
3072,PRESTON SOUTH,VIC,-37.75140,145.00239
3072,PRESTON WEST,VIC,-37.73769,144.99555
3072,REGENT WEST,VIC,-37.73010,144.99800
3072,SYLVESTER,VIC,-37.73760,145.01700
3073,KEON PARK,VIC,-37.69463,145.01184
3073,RESERVOIR,VIC,-37.71186,145.01076
3073,RESERVOIR EAST,VIC,-37.71926,145.02153
3073,RESERVOIR NORTH,VIC,-37.71186,145.01076
3073,RESERVOIR SOUTH,VIC,-37.73059,145.01494
3074,THOMASTOWN,VIC,-37.68378,145.01076
3075,LALOR,VIC,-37.66505,145.01076
3075,LALOR PLAZA,VIC,-37.67405,145.03648
3076,EPPING,VIC,-37.63413,145.01627
3076,EPPING DC,VIC,-37.63770,145.02600
3078,ALPHINGTON,VIC,-37.78000,145.02300
3078,FAIRFIELD,VIC,-37.77901,145.01813
3079,IVANHOE,VIC,-37.77030,145.04570
3079,IVANHOE EAST,VIC,-37.77200,145.06600
3079,IVANHOE NORTH,VIC,-37.75958,145.04422
3081,BELLFIELD,VIC,-37.75400,145.04500
3081,HEIDELBERG HEIGHTS,VIC,-37.74200,145.05300
3081,HEIDELBERG RGH,VIC,-37.74180,145.04400
3081,HEIDELBERG WEST,VIC,-37.74400,145.04700
3082,MILL PARK,VIC,-37.66496,145.06588
3083,BUNDOORA,VIC,-37.69870,145.05485
3083,KINGSBURY,VIC,-37.71500,145.03400
3083,LA TROBE UNIVERSITY,VIC,-37.72066,145.04834
3084,BANYULE,VIC,-37.74360,145.07690
3084,EAGLEMONT,VIC,-37.76448,145.06284
3084,HEIDELBERG,VIC,-37.75270,145.07034
3084,ROSANNA,VIC,-37.74096,145.06837
3084,VIEWBANK,VIC,-37.73100,145.10000
3085,MACLEOD,VIC,-37.71400,145.06600
3085,MACLEOD WEST,VIC,-37.72587,145.07092
3085,YALLAMBIE,VIC,-37.72600,145.10400
3086,LA TROBE UNIVERSITY,VIC,-37.72295,145.05031
3087,WATSONIA,VIC,-37.70800,145.08300
3087,WATSONIA NORTH,VIC,-37.70000,145.08100
3088,BRIAR HILL,VIC,-37.70800,145.11500
3088,GREENSBOROUGH,VIC,-37.70437,145.10064
3088,SAINT HELENA,VIC,-37.68600,145.13700
3088,ST HELENA,VIC,-37.68600,145.13700
3089,DIAMOND CREEK,VIC,-37.66662,145.15414
3090,PLENTY,VIC,-37.67049,145.11000
3091,YARRAMBAT,VIC,-37.64043,145.13207
3093,LOWER PLENTY,VIC,-37.73933,145.11275
3094,MONTMORENCY,VIC,-37.71964,145.12379
3095,ELTHAM,VIC,-37.71500,145.15800
3095,ELTHAM NORTH,VIC,-37.69800,145.14400
3095,RESEARCH,VIC,-37.70700,145.18000
3096,WATTLE GLEN,VIC,-37.66839,145.18726
3097,BEND OF ISLANDS,VIC,-37.69807,145.27565
3097,KANGAROO GROUND,VIC,-37.68600,145.21600
3097,WATSONS CREEK,VIC,-37.67000,145.25800
3099,ARTHURS CREEK,VIC,-37.58333,145.20000
3099,COTTLES BRIDGE,VIC,-37.62200,145.21900
3099,HURSTBRIDGE,VIC,-37.63889,145.19500
3099,NUTFIELD,VIC,-37.60300,145.18100
3099,STRATHEWEN,VIC,-37.55000,145.26667
3101,COTHAM,VIC,-37.80861,145.04596
3101,KEW,VIC,-37.80352,145.03280
3102,KEW EAST,VIC,-37.79228,145.05485
3103,BALWYN,VIC,-37.80889,145.07889
3103,BALWYN EAST,VIC,-37.80889,145.07889
3103,DEEPDENE,VIC,-37.81310,145.06800
3103,DEEPDENE DC,VIC,-37.81070,145.06500
3103,STRADBROKE PARK,VIC,-37.80070,145.06200
3104,BALWYN NORTH,VIC,-37.79412,145.08793
3104,GREYTHORN,VIC,-37.79656,145.09850
3105,BULLEEN,VIC,-37.76605,145.08793
3105,BULLEEN SOUTH,VIC,-37.77480,145.09200
3106,TEMPLESTOWE,VIC,-37.75377,145.14862
3107,TEMPLESTOWE LOWER,VIC,-37.76414,145.11000
3108,DONCASTER,VIC,-37.78658,145.12103
3109,DONCASTER EAST,VIC,-37.78839,145.15414
3109,DONCASTER HEIGHTS,VIC,-37.78874,145.15804
3109,THE PINES,VIC,-37.76227,145.16863
3109,TUNSTALL SQUARE PO,VIC,-37.79040,145.17000
3111,DONVALE,VIC,-37.79019,145.18726
3113,NORTH WARRANDYTE,VIC,-37.72600,145.21600
3113,WARRANDYTE,VIC,-37.73800,145.22300
3114,PARK ORCHARDS,VIC,-37.77608,145.21487
3115,WONGA PARK,VIC,-37.73471,145.25907
3116,CHIRNSIDE PARK,VIC,-37.73733,145.30882
3121,BURNLEY,VIC,-37.82967,145.01265
3121,BURNLEY NORTH,VIC,-37.81601,145.00895
3121,CREMORNE,VIC,-37.83000,144.99300
3121,RICHMOND,VIC,-37.82300,144.99800
3121,RICHMOND EAST,VIC,-37.82634,144.99728
3121,RICHMOND NORTH,VIC,-37.81036,144.99241
3121,RICHMOND SOUTH,VIC,-37.82300,144.99800
3121,VICTORIA GARDENS,VIC,-37.81320,145.01200
3122,AUBURN SOUTH,VIC,-37.82976,145.04388
3122,GLENFERRIE SOUTH,VIC,-37.83110,145.03400
3122,HAWTHORN,VIC,-37.82221,145.03280
3122,HAWTHORN NORTH,VIC,-37.81467,145.02170
3122,HAWTHORN WEST,VIC,-37.82015,145.01806
3123,AUBURN,VIC,-37.83033,145.04356
3123,HAWTHORN EAST,VIC,-37.83108,145.05209
3124,CAMBERWELL,VIC,-37.83341,145.06588
3124,CAMBERWELL NORTH,VIC,-37.82432,145.05814
3124,CAMBERWELL SOUTH,VIC,-37.83341,145.06588
3124,CAMBERWELL WEST,VIC,-37.84385,145.05405
3124,HARTWELL,VIC,-37.84407,145.07560
3124,MIDDLE CAMBERWELL,VIC,-37.84402,145.05687
3125,BENNETTSWOOD,VIC,-37.85451,145.11897
3125,BURWOOD,VIC,-37.84833,145.11000
3125,SURREY HILLS SOUTH,VIC,-37.82594,145.09724
3126,CAMBERWELL EAST,VIC,-37.82514,145.06938
3126,CANTERBURY,VIC,-37.82452,145.07415
3127,MONT ALBERT,VIC,-37.81611,145.11000
3127,SURREY HILLS,VIC,-37.82594,145.09724
3127,SURREY HILLS NORTH,VIC,-37.82594,145.09724
3128,BOX HILL,VIC,-37.81811,145.12386
3128,BOX HILL CENTRAL,VIC,-37.81811,145.12386
3128,BOX HILL SOUTH,VIC,-37.83600,145.12400
3128,HOUSTON,VIC,-37.84489,145.13007
3128,WATTLE PARK,VIC,-37.83837,145.10563
3129,BOX HILL NORTH,VIC,-37.80830,145.12576
3129,KERRIMUIR,VIC,-37.80251,145.13261
3129,MONT ALBERT NORTH,VIC,-37.80806,145.11389
3130,BLACKBURN,VIC,-37.81971,145.15305
3130,BLACKBURN NORTH,VIC,-37.80641,145.15864
3130,BLACKBURN SOUTH,VIC,-37.83800,145.14400
3130,LABURNUM,VIC,-37.82114,145.14537
3131,BRENTFORD SQUARE,VIC,-37.83701,145.18401
3131,FOREST HILL,VIC,-37.83474,145.17274
3131,NUNAWADING,VIC,-37.81843,145.17602
3132,MITCHAM,VIC,-37.82199,145.19831
3132,MITCHAM NORTH,VIC,-37.80434,145.18926
3132,RANGEVIEW,VIC,-37.80433,145.20040
3133,VERMONT,VIC,-37.83800,145.19800
3133,VERMONT SOUTH,VIC,-37.85659,145.18337
3134,HEATHWOOD,VIC,-37.82920,145.22800
3134,RINGWOOD,VIC,-37.81064,145.23070
3134,RINGWOOD NORTH,VIC,-37.79988,145.22688
3134,WARRANDYTE SOUTH,VIC,-37.76053,145.24526
3134,WARRANWOOD,VIC,-37.77700,145.24900
3135,BEDFORD ROAD,VIC,-37.81930,145.24392
3135,HEATHMONT,VIC,-37.83000,145.24200
3135,RINGWOOD EAST,VIC,-37.81800,145.25200
3136,CROYDON,VIC,-37.79438,145.28154
3136,CROYDON HILLS,VIC,-37.77500,145.26600
3136,CROYDON NORTH,VIC,-37.76700,145.28700
3136,CROYDON SOUTH,VIC,-37.81400,145.27100
3137,KILSYTH,VIC,-37.80200,145.31600
3137,KILSYTH SOUTH,VIC,-37.82962,145.31158
3138,MOOROOLBARK,VIC,-37.78224,145.33094
3139,BEENAK,VIC,-37.89862,145.60905
3139,DON VALLEY,VIC,-37.76139,145.58444
3139,HODDLES CREEK,VIC,-37.83300,145.58300
3139,LAUNCHING PLACE,VIC,-37.77400,145.58800
3139,SEVILLE,VIC,-37.77700,145.46100
3139,SEVILLE EAST,VIC,-37.77400,145.49100
3139,WANDIN EAST,VIC,-37.81100,145.45300
3139,WANDIN NORTH,VIC,-37.76900,145.41100
3139,WOORI YALLOCK,VIC,-37.77800,145.52800
3139,YELLINGBO,VIC,-37.81000,145.51000
3140,LILYDALE,VIC,-37.76435,145.34753
3141,CHAPEL STREET NORTH,VIC,-37.84177,144.99516
3141,DOMAIN ROAD PO,VIC,-37.83440,144.98300
3141,SOUTH YARRA,VIC,-37.83857,144.99148
3142,HAWKSBURN,VIC,-37.84474,145.00225
3142,TOORAK,VIC,-37.84324,145.01902
3143,ARMADALE,VIC,-37.85725,145.01902
3143,ARMADALE NORTH,VIC,-37.85550,145.02070
3144,KOOYONG,VIC,-37.84194,145.03500
3144,MALVERN,VIC,-37.85724,145.03416
3144,MALVERN NORTH,VIC,-37.85176,145.03019
3145,CAULFIELD EAST,VIC,-37.87920,145.04444
3145,CENTRAL PARK,VIC,-37.86832,145.04424
3145,DARLING,VIC,-37.87693,145.05937
3145,DARLING SOUTH,VIC,-37.87740,145.05900
3145,MALVERN EAST,VIC,-37.87731,145.05927
3145,WATTLETREE ROAD PO,VIC,-37.86380,145.04100
3146,GLEN IRIS,VIC,-37.85771,145.05485
3146,TOORONGA,VIC,-37.85771,145.05485
3147,ASHBURTON,VIC,-37.86694,145.08306
3147,ASHWOOD,VIC,-37.86700,145.10300
3148,CHADSTONE,VIC,-37.88198,145.09896
3148,CHADSTONE CENTRE,VIC,-37.88585,145.08477
3148,HOLMESGLEN,VIC,-37.88575,145.09174
3148,JORDANVILLE,VIC,-37.87360,145.11200
3149,MOUNT WAVERLEY,VIC,-37.87729,145.12655
3149,PINEWOOD,VIC,-37.88867,145.14037
3149,SYNDAL,VIC,-37.87669,145.14949
3150,BRANDON PARK,VIC,-37.91450,145.16900
3150,GLEN WAVERLEY,VIC,-37.87435,145.16682
3150,WHEELERS HILL,VIC,-37.90679,145.18901
3151,BURWOOD EAST,VIC,-37.85529,145.15138
3151,BURWOOD HEIGHTS,VIC,-37.85529,145.15138
3152,KNOX CITY CENTRE,VIC,-37.86889,145.24111
3152,STUDFIELD,VIC,-37.86020,145.24000
3152,WANTIRNA,VIC,-37.84796,145.22893
3152,WANTIRNA SOUTH,VIC,-37.87695,145.23296
3153,BAYSWATER,VIC,-37.84300,145.26800
3153,BAYSWATER NORTH,VIC,-37.82700,145.28000
3154,THE BASIN,VIC,-37.85347,145.31988
3155,BORONIA,VIC,-37.86107,145.28671
3156,FERNTREE GULLY,VIC,-37.88269,145.27761
3156,LYSTERFIELD,VIC,-37.93000,145.30100
3156,LYSTERFIELD SOUTH,VIC,-37.94900,145.26000
3156,MOUNTAIN GATE,VIC,-37.89010,145.27357
3156,UPPER FERNTREE GULLY,VIC,-37.89500,145.31000
3158,UPWEY,VIC,-37.90398,145.33094
3159,MENZIES CREEK,VIC,-37.93100,145.39800
3159,SELBY,VIC,-37.91400,145.36900
3160,BELGRAVE,VIC,-37.91207,145.35580
3160,BELGRAVE HEIGHTS,VIC,-37.92300,145.34000
3160,BELGRAVE SOUTH,VIC,-37.94000,145.35600
3160,TECOMA,VIC,-37.90600,145.34400
3161,CAULFIELD JUNCTION,VIC,-37.87454,145.02453
3161,CAULFIELD NORTH,VIC,-37.87126,145.01902
3162,CAULFIELD,VIC,-37.88400,145.02660
3162,CAULFIELD SOUTH,VIC,-37.89100,145.02600
3162,HOPETOUN GARDENS,VIC,-37.88628,145.01063
3163,BOORAN ROAD PO,VIC,-37.89600,145.03600
3163,CARNEGIE,VIC,-37.88920,145.05706
3163,GLEN HUNTLY,VIC,-37.89274,145.04107
3163,MURRUMBEENA,VIC,-37.89783,145.07090
3164,DANDENONG SOUTH,VIC,-38.01467,145.21531
3165,BENTLEIGH EAST,VIC,-37.91749,145.06588
3165,COATESVILLE,VIC,-37.92010,145.07363
3166,HUGHESDALE,VIC,-37.89662,145.08323
3166,HUNTINGDALE,VIC,-37.90743,145.10862
3166,OAKLEIGH,VIC,-37.89902,145.09233
3166,OAKLEIGH EAST,VIC,-37.90853,145.11814
3167,OAKLEIGH SOUTH,VIC,-37.91935,145.09896
3168,CLAYTON,VIC,-37.92120,145.13207
3168,NOTTING HILL,VIC,-37.90483,145.14586
3169,CLARINDA,VIC,-37.94100,145.10300
3169,CLAYTON SOUTH,VIC,-37.93881,145.12671
3170,MULGRAVE,VIC,-37.92676,145.17622
3170,WAVERLEY GARDENS,VIC,-37.93675,145.19158
3171,SANDOWN VILLAGE,VIC,-37.93483,145.16895
3171,SPRINGVALE,VIC,-37.94733,145.15414
3172,DINGLEY VILLAGE,VIC,-37.97576,145.12260
3172,SPRINGVALE SOUTH,VIC,-37.97099,145.14854
3173,KEYSBOROUGH,VIC,-38.00427,145.17070
3174,NOBLE PARK,VIC,-37.96501,145.17339
3174,NOBLE PARK EAST,VIC,-37.96501,145.17339
3174,NOBLE PARK NORTH,VIC,-37.96412,145.17622
3175,BANGHOLME,VIC,-38.04534,145.17024
3175,DANDENONG,VIC,-37.98478,145.21399
3175,DANDENONG EAST,VIC,-37.98478,145.21399
3175,DANDENONG NORTH,VIC,-37.95924,145.20684
3175,DANDENONG SOUTH,VIC,-38.01467,145.21531
3175,DUNEARN,VIC,-37.96760,145.20250
3176,SCORESBY BC,VIC,-37.89920,145.23000
3177,DOVETON,VIC,-37.98768,145.23941
3177,EUMEMMERRING,VIC,-37.99900,145.24700
3178,ROWVILLE,VIC,-37.92104,145.24249
3179,SCORESBY,VIC,-37.90426,145.22040
3180,KNOXFIELD,VIC,-37.88876,145.25078
3181,PRAHRAN,VIC,-37.85200,144.99800
3181,PRAHRAN EAST,VIC,-37.85200,144.99800
3181,WINDSOR,VIC,-37.85400,144.98800
3182,ST KILDA,VIC,-37.86400,144.98200
3182,ST KILDA SOUTH,VIC,-37.86790,144.97800
3182,ST KILDA WEST,VIC,-37.86040,144.97320
3183,BALACLAVA,VIC,-37.87300,144.99300
3183,ST KILDA EAST,VIC,-37.86262,145.00071
3184,BRIGHTON ROAD,VIC,-37.87654,144.99234
3184,ELWOOD,VIC,-37.87872,144.98597
3185,ELSTERNWICK,VIC,-37.88495,145.00597
3185,GARDENVALE,VIC,-37.89900,145.00700
3185,RIPPONLEA,VIC,-37.87849,144.99561
3186,BRIGHTON,VIC,-37.90440,144.99974
3186,BRIGHTON NORTH,VIC,-37.90362,145.00491
3186,DENDY,VIC,-37.91969,144.99503
3186,WERE STREET PO,VIC,-37.92550,145.00000
3187,BRIGHTON EAST,VIC,-37.91794,145.01902
3187,NORTH ROAD,VIC,-37.90132,145.01960
3188,HAMPTON,VIC,-37.93700,145.00900
3188,HAMPTON EAST,VIC,-37.93900,145.03100
3188,HAMPTON NORTH,VIC,-37.93940,145.01351
3189,MOORABBIN,VIC,-37.94036,145.05761
3189,MOORABBIN EAST,VIC,-37.94040,145.05800
3189,WISHART,VIC,-37.93509,145.04951
3190,HIGHETT,VIC,-37.94875,145.04107
3191,SANDRINGHAM,VIC,-37.95340,145.01351
3192,CHELTENHAM,VIC,-37.96415,145.06588
3192,CHELTENHAM EAST,VIC,-37.96415,145.06588
3192,CHELTENHAM NORTH,VIC,-37.95321,145.06299
3192,SOUTHLAND CENTRE,VIC,-37.95838,145.05392
3193,BEAUMARIS,VIC,-37.98300,145.04340
3193,BLACK ROCK,VIC,-37.97200,145.02100
3193,BLACK ROCK NORTH,VIC,-37.96699,145.01709
3193,CROMER,VIC,-37.98452,145.04509
3194,MENTONE,VIC,-37.98123,145.06477
3194,MENTONE EAST,VIC,-37.98123,145.06477
3194,MOORABBIN AIRPORT,VIC,-37.97862,145.10172
3195,ASPENDALE,VIC,-38.02500,145.10400
3195,ASPENDALE GARDENS,VIC,-38.02278,145.11889
3195,BRAESIDE,VIC,-38.00000,145.12500
3195,MORDIALLOC,VIC,-37.99954,145.09403
3195,MORDIALLOC NORTH,VIC,-37.99440,145.09200
3195,PARKDALE,VIC,-37.99100,145.08000
3195,WATERWAYS,VIC,-38.01476,145.13052
3196,BONBEACH,VIC,-38.06200,145.12000
3196,CHELSEA,VIC,-38.05111,145.12194
3196,CHELSEA HEIGHTS,VIC,-38.04700,145.13700
3196,EDITHVALE,VIC,-38.03700,145.11300
3197,CARRUM,VIC,-38.07600,145.12200
3197,PATTERSON LAKES,VIC,-38.07423,145.14310
3198,BELVEDERE PARK,VIC,-38.11017,145.14691
3198,SEAFORD,VIC,-38.10219,145.14310
3199,FRANKSTON,VIC,-38.14662,145.13572
3199,FRANKSTON EAST,VIC,-38.14662,145.13572
3199,FRANKSTON HEIGHTS,VIC,-38.16201,145.14660
3199,FRANKSTON SOUTH,VIC,-38.18800,145.15300
3199,KARINGAL,VIC,-38.14215,145.15817
3199,KARINGAL CENTRE,VIC,-38.15317,145.16558
3200,FRANKSTON NORTH,VIC,-38.12502,145.16242
3200,PINES FOREST,VIC,-38.12363,145.14788
3201,CARRUM DOWNS,VIC,-38.09754,145.17070
3202,HEATHERTON,VIC,-37.95296,145.08793
3204,BENTLEIGH,VIC,-37.92244,145.04101
3204,MCKINNON,VIC,-37.91000,145.03900
3204,ORMOND,VIC,-37.90208,145.04107
3204,PATTERSON,VIC,-37.92597,145.03814
3205,SOUTH MELBOURNE,VIC,-37.83389,144.96394
3205,SOUTH MELBOURNE DC,VIC,-37.83010,144.95700
3206,ALBERT PARK,VIC,-37.84386,144.95145
3206,MIDDLE PARK,VIC,-37.85194,144.96306
3207,GARDEN CITY,VIC,-37.83663,144.91980
3207,PORT MELBOURNE,VIC,-37.83153,144.92265
3211,LITTLE RIVER,VIC,-37.93680,144.45610
3212,AVALON,VIC,-38.05690,144.42300
3212,LARA,VIC,-38.02292,144.39642
3212,POINT WILSON,VIC,-38.04254,144.52552
3213,ANAKIE,VIC,-37.91670,144.25000
3213,BATESFORD,VIC,-38.08990,144.28500
3213,LOVELY BANKS,VIC,-38.06670,144.33300
3213,MOORABOOL,VIC,-38.06970,144.29500
3214,CORIO,VIC,-38.07414,144.35864
3214,NORLANE,VIC,-38.09200,144.35600
3214,NORTH SHORE,VIC,-38.09900,144.37300
3215,BELL PARK,VIC,-38.11000,144.33800
3215,BELL POST HILL,VIC,-38.10000,144.32800
3215,DRUMCONDRA,VIC,-38.13200,144.35400
3215,GEELONG NORTH,VIC,-38.10940,144.35218
3215,HAMLYN HEIGHTS,VIC,-38.12000,144.32000
3215,NORTH GEELONG,VIC,-38.10940,144.35218
3215,RIPPLESIDE,VIC,-38.12355,144.35628
3216,BELMONT,VIC,-38.17300,144.34100
3216,FRESHWATER CREEK,VIC,-38.17472,144.31393
3216,GROVEDALE,VIC,-38.20000,144.35000
3216,GROVEDALE EAST,VIC,-38.20000,144.35000
3216,HIGHTON,VIC,-38.17100,144.31800
3216,MARSHALL,VIC,-38.20250,144.36000
3216,MOUNT DUNEED,VIC,-38.17472,144.31393
3216,WANDANA HEIGHTS,VIC,-38.17689,144.30027
3216,WAURN PONDS,VIC,-38.20881,144.27091
3217,ARMSTRONG CREEK,VIC,-38.23730,144.37400
3217,CHARLEMONT,VIC,-38.21800,144.36700
3217,DEAKIN UNIVERSITY,VIC,-37.84742,145.11499
3217,FRESHWATER CREEK,VIC,-38.27030,144.24800
3217,MOUNT DUNEED,VIC,-38.25000,144.30400
3218,FYANSFORD,VIC,-38.13480,144.29100
3218,GEELONG WEST,VIC,-38.13333,144.35000
3218,HERNE HILL,VIC,-38.13290,144.33050
3218,MANIFOLD HEIGHTS,VIC,-38.14000,144.33000
3218,MURGHEBOLUC,VIC,-38.10480,144.12900
3218,STONEHAVEN,VIC,-38.12880,144.25000
3219,BREAKWATER,VIC,-38.18200,144.37500
3219,EAST GEELONG,VIC,-38.16200,144.38020
3219,NEWCOMB,VIC,-38.17000,144.39600
3219,ST ALBANS PARK,VIC,-38.19541,144.39319
3219,THOMSON,VIC,-38.17000,144.38100
3219,WHITTINGTON,VIC,-38.18000,144.39000
3220,BAREENA,VIC,-38.15410,144.34427
3220,GEELONG,VIC,-38.14992,144.36172
3220,NEWTOWN,VIC,-38.15000,144.33300
3220,SOUTH GEELONG,VIC,-38.16738,144.36585
3221,ANAKIE,VIC,-38.16363,144.15019
3221,BARRABOOL,VIC,-38.16054,144.24843
3221,BATESFORD,VIC,-38.08992,144.28474
3221,BELLARINE,VIC,-38.13222,144.61972
3221,CERES,VIC,-38.15905,144.26409
3221,FYANSFORD,VIC,-38.13479,144.29062
3221,GEELONG MC,VIC,-38.14990,144.36200
3221,GNARWARRE,VIC,-38.18093,144.16209
3221,GREY RIVER,VIC,-38.68056,143.83500
3221,KENNETT RIVER,VIC,-38.66575,143.85744
3221,LOVELY BANKS,VIC,-38.16363,144.15019
3221,MOOLAP,VIC,-38.18333,144.43333
3221,MOORABOOL,VIC,-38.06975,144.29545
3221,MURGHEBOLUC,VIC,-38.16363,144.15019
3221,SEPARATION CREEK,VIC,-38.62842,143.89816
3221,STAUGHTON VALE,VIC,-37.83969,144.28184
3221,STONEHAVEN,VIC,-38.12884,144.25044
3221,SUGARLOAF,VIC,-38.68965,143.79931
3221,WALLINGTON,VIC,-38.22470,144.51085
3221,WONGARRA,VIC,-38.69375,143.77207
3221,WYE RIVER,VIC,-38.63817,143.88994
3222,CLIFTON SPRINGS,VIC,-38.15155,144.57386
3222,CURLEWIS,VIC,-38.17673,144.53276
3222,DRYSDALE,VIC,-38.18093,144.59853
3222,MANNERIM,VIC,-38.21667,144.58333
3222,MARCUS HILL,VIC,-38.23333,144.56667
3222,WALLINGTON,VIC,-38.22470,144.51100
3223,BELLARINE,VIC,-38.13220,144.62000
3223,INDENTED HEAD,VIC,-38.13806,144.71000
3223,PORTARLINGTON,VIC,-38.11667,144.65000
3223,ST LEONARDS,VIC,-38.16667,144.71667
3224,LEOPOLD,VIC,-38.19444,144.46709
3224,MOOLAP,VIC,-38.18330,144.43300
3225,POINT LONSDALE,VIC,-38.28333,144.60000
3225,QUEENSCLIFF,VIC,-38.26777,144.62869
3225,SWAN BAY,VIC,-38.22583,144.64389
3225,SWAN ISLAND,VIC,-38.24926,144.68020
3226,OCEAN GROVE,VIC,-38.25733,144.53824
3227,BARWON HEADS,VIC,-38.27398,144.48621
3227,BREAMLEA,VIC,-38.30000,144.38333
3227,CONNEWARRE,VIC,-38.26407,144.46231
3228,BELLBRAE,VIC,-38.33333,144.26667
3228,BELLS BEACH,VIC,-38.36694,144.28472
3228,JAN JUC,VIC,-38.33333,144.30000
3228,TORQUAY,VIC,-38.33333,144.31667
3230,ANGLESEA,VIC,-38.38501,144.15019
3231,AIREYS INLET,VIC,-38.46151,144.10577
3231,BIG HILL,VIC,-38.48028,144.00500
3231,EASTERN VIEW,VIC,-38.47805,144.02881
3231,FAIRHAVEN,VIC,-38.45611,144.08583
3231,MOGGS CREEK,VIC,-38.45611,144.06694
3232,BIG HILL,VIC,-38.48030,144.00500
3232,LORNE,VIC,-38.52867,143.93240
3233,APOLLO BAY,VIC,-38.75515,143.66759
3233,CAPE OTWAY,VIC,-38.83403,143.52406
3233,MARENGO,VIC,-38.77614,143.65832
3233,PETTICOAT CREEK,VIC,-38.71404,143.73014
3233,SKENES CREEK,VIC,-38.71018,143.70980
3233,SKENES CREEK NORTH,VIC,-38.69579,143.72065
3234,GREY RIVER,VIC,-38.68060,143.83500
3234,KENNETT RIVER,VIC,-38.66570,143.85700
3234,SEPARATION CREEK,VIC,-38.62840,143.89800
3234,SUGARLOAF,VIC,-38.68970,143.79900
3234,WONGARRA,VIC,-38.69370,143.77200
3234,WYE RIVER,VIC,-38.63820,143.89000
3235,BENWERRIN,VIC,-38.48652,143.91304
3235,BOONAH,VIC,-38.42205,143.96027
3235,DEANS MARSH,VIC,-38.38333,143.88333
3235,PENNYROYAL,VIC,-38.44306,143.87611
3236,FORREST,VIC,-38.51667,143.71667
3236,MOUNT SABINE,VIC,-38.63389,143.74278
3237,AIRE VALLEY,VIC,-38.69227,143.56598
3237,BEECH FOREST,VIC,-38.63333,143.56667
3237,FERGUSON,VIC,-38.64900,143.52000
3237,GELLIBRAND LOWER,VIC,-38.68468,143.25423
3237,WATTLE HILL,VIC,-38.75512,143.25149
3237,WEEAPROINAH,VIC,-38.62243,143.49359
3237,WYELANGTA,VIC,-38.70064,143.41659
3237,YUULONG,VIC,-38.74701,143.32388
3238,GLENAIRE,VIC,-38.77611,143.43369
3238,HORDERN VALE,VIC,-38.77462,143.50069
3238,JOHANNA,VIC,-38.73504,143.41018
3238,LAVERS HILL,VIC,-38.67904,143.37509
3239,CARLISLE RIVER,VIC,-38.51836,143.41963
3239,CHAPPLE VALE,VIC,-38.61923,143.29821
3239,GELLIBRAND,VIC,-38.52713,143.54530
3239,KENNEDYS CREEK,VIC,-38.60518,143.25879
3240,BUCKLEY,VIC,-38.24443,144.08956
3240,GHERANG,VIC,-38.30361,144.09056
3240,MODEWARRE,VIC,-38.26611,144.12194
3240,MORIAC,VIC,-38.23333,144.16667
3240,MOUNT MORIAC,VIC,-38.22010,144.19171
3240,PARAPARAP,VIC,-38.29889,144.18389
3241,BAMBRA,VIC,-38.36674,143.94488
3241,OMBERSLEY,VIC,-38.20429,143.86515
3241,WENSLEYDALE,VIC,-38.34052,144.04190
3241,WINCHELSEA,VIC,-38.24378,143.99433
3241,WINCHELSEA SOUTH,VIC,-38.32250,143.98306
3241,WURDIBOLUC,VIC,-38.28917,144.05139
3242,BIRREGURRA,VIC,-38.33007,143.81288
3243,BARWON DOWNS,VIC,-38.47052,143.76743
3243,GERANGAMETE,VIC,-38.45436,143.72539
3243,MURROON,VIC,-38.42051,143.80406
3243,WARNCOORT,VIC,-38.35027,143.70370
3243,WHOOREL,VIC,-38.36960,143.83132
3249,ALVIE,VIC,-38.24444,143.51556
3249,BALINTORE,VIC,-38.28423,143.56897
3249,BARONGAROOK,VIC,-38.42554,143.61769
3249,BARONGAROOK WEST,VIC,-38.43886,143.55274
3249,BARRAMUNGA,VIC,-38.57703,143.68744
3249,CORAGULAC,VIC,-38.26339,143.53651
3249,CORUNNUN,VIC,-38.28454,143.49325
3249,DREEITE,VIC,-38.18051,143.51353
3249,DREEITE SOUTH,VIC,-38.19804,143.48244
3249,GERANGAMETE,VIC,-38.45440,143.72500
3249,IRREWARRA,VIC,-38.31672,143.64441
3249,IRREWILLIPE,VIC,-38.41924,143.41896
3249,IRREWILLIPE EAST,VIC,-38.41781,143.47839
3249,KAWARREN,VIC,-38.49224,143.58377
3249,LARPENT,VIC,-38.34999,143.50947
3249,NALANGIL,VIC,-38.31608,143.46623
3249,ONDIT,VIC,-38.24200,143.61769
3249,PIRRON YALLOCK,VIC,-38.35547,143.42301
3249,POMBORNEIT EAST,VIC,-38.29076,143.38892
3249,SWAN MARSH,VIC,-38.35440,143.35300
3249,TANYBRYN,VIC,-38.66522,143.71421
3249,WARRION,VIC,-38.21667,143.56667
3249,WOOL WOOL,VIC,-38.23162,143.44664
3249,YEO,VIC,-38.24444,143.51556
3249,YEODENE,VIC,-38.40829,143.70235
3250,COLAC,VIC,-38.34102,143.58546
3250,COLAC EAST,VIC,-38.33251,143.62040
3250,COLAC WEST,VIC,-38.33151,143.54733
3250,ELLIMINYT,VIC,-38.37333,143.57439
3251,BEEAC,VIC,-38.17721,143.64202
3251,CUNDARE,VIC,-38.13450,143.59400
3251,CUNDARE NORTH,VIC,-38.10996,143.55864
3251,EURACK,VIC,-38.15195,143.72607
3251,WEERING,VIC,-38.12311,143.63549
3254,COROROOKE,VIC,-38.29621,143.52570
3260,BOOKAAR,VIC,-38.15017,143.13091
3260,BOSTOCKS CREEK,VIC,-38.30195,143.11646
3260,BUNGADOR,VIC,-38.41175,143.33646
3260,CAMPERDOWN,VIC,-38.23553,143.14265
3260,CARPENDEIT,VIC,-38.37742,143.26721
3260,CHOCOLYN,VIC,-38.19233,143.20425
3260,GNOTUK,VIC,-38.20276,143.06638
3260,KARIAH,VIC,-38.13408,143.23084
3260,KOALLAH,VIC,-38.29729,143.24508
3260,LESLIE MANOR,VIC,-38.06858,143.34237
3260,POMBORNEIT,VIC,-38.28372,143.29843
3260,POMBORNEIT NORTH,VIC,-38.24770,143.31978
3260,SKIBO,VIC,-38.20669,143.12654
3260,SOUTH PURRUMBETE,VIC,-38.35158,143.20160
3260,STONYFORD,VIC,-38.32971,143.28069
3260,TANDAROOK,VIC,-38.29527,143.20088
3260,TESBURY,VIC,-38.29657,143.16765
3260,WEERITE,VIC,-38.25568,143.24701
3264,TERANG,VIC,-38.22733,142.89559
3265,BOORCAN,VIC,-38.21836,143.04489
3265,CUDGEE,VIC,-38.34296,142.62277
3265,DIXIE,VIC,-38.30146,142.92878
3265,ECKLIN SOUTH,VIC,-38.38543,142.89894
3265,ELLERSLIE,VIC,-38.12014,142.71717
3265,FRAMLINGHAM,VIC,-38.25576,142.68441
3265,FRAMLINGHAM EAST,VIC,-38.19956,142.70046
3265,GARVOC,VIC,-38.32203,142.84793
3265,GLENORMISTON,VIC,-38.21836,143.04489
3265,GLENORMISTON NORTH,VIC,-38.13259,142.99419
3265,GLENORMISTON SOUTH,VIC,-38.16607,142.96533
3265,KOLORA,VIC,-38.13710,142.92844
3265,LAANG,VIC,-38.36301,142.79809
3265,NOORAT,VIC,-38.20065,142.93649
3265,NOORAT EAST,VIC,-38.19745,142.97607
3265,PANMURE,VIC,-38.33672,142.73525
3265,TAROON,VIC,-38.32372,142.86648
3265,THE SISTERS,VIC,-38.19857,142.77570
3266,BULLAHARRE,VIC,-38.34784,143.13730
3266,COBDEN,VIC,-38.32052,143.08288
3266,COBRICO,VIC,-38.28144,143.02205
3266,ELINGAMITE,VIC,-38.37303,143.02742
3266,ELINGAMITE NORTH,VIC,-38.33341,142.98781
3266,GLENFYNE,VIC,-38.40038,142.98614
3266,JANCOURT,VIC,-38.36867,143.09427
3266,JANCOURT EAST,VIC,-38.39385,143.13663
3266,NAROGHID,VIC,-38.25635,143.06202
3266,SIMPSON,VIC,-38.49880,143.24296
3267,SCOTTS CREEK,VIC,-38.46773,143.07814
3268,AYRFORD,VIC,-38.42088,142.84092
3268,BRUCKNELL,VIC,-38.46599,142.90430
3268,COORIEMUNGLE,VIC,-38.54595,143.11209
3268,COWLEYS CREEK,VIC,-38.50770,143.03477
3268,CURDIE VALE,VIC,-38.50830,142.89900
3268,CURDIES RIVER,VIC,-38.45037,142.94387
3268,CURDIEVALE,VIC,-38.50831,142.89944
3268,HEYTESBURY LOWER,VIC,-38.57690,142.94180
3268,NEWFIELD,VIC,-38.55915,143.01039
3268,NIRRANDA,VIC,-38.50210,142.78300
3268,NIRRANDA EAST,VIC,-38.48251,142.85806
3268,NIRRANDA SOUTH,VIC,-38.52517,142.79043
3268,NULLAWARRE,VIC,-38.47561,142.81319
3268,NULLAWARRE EAST,VIC,-38.47560,142.81300
3268,NULLAWARRE NORTH,VIC,-38.44130,142.78200
3268,PAARATTE,VIC,-38.53840,142.99427
3268,THE COVE,VIC,-38.48674,142.69745
3268,TIMBOON,VIC,-38.47852,142.97346
3268,TIMBOON WEST,VIC,-38.55013,142.92810
3269,PORT CAMPBELL,VIC,-38.61910,142.99614
3269,PRINCETOWN,VIC,-38.67248,143.17565
3269,WAARRE,VIC,-38.57694,143.04052
3270,PETERBOROUGH,VIC,-38.59498,142.87938
3271,DARLINGTON,VIC,-38.00428,143.01299
3271,DUNDONNELL,VIC,-37.98982,142.96699
3271,PURA PURA,VIC,-37.81572,143.07781
3272,MORTLAKE,VIC,-38.07552,142.81004
3272,WOORNDOO,VIC,-37.89741,142.79533
3273,HEXHAM,VIC,-37.96545,142.68141
3274,CARAMUT,VIC,-37.93868,142.51052
3275,MAILER FLAT,VIC,-38.29020,142.46300
3275,MAILORS FLAT,VIC,-38.29015,142.46254
3276,MINJAH,VIC,-38.06863,142.45236
3276,WOOLSTHORPE,VIC,-38.14323,142.42490
3277,ALLANSFORD,VIC,-38.38611,142.59306
3277,MEPUNGA,VIC,-38.48659,142.67639
3277,MEPUNGA EAST,VIC,-38.44369,142.71851
3277,MEPUNGA WEST,VIC,-38.41651,142.64833
3277,NARINGAL,VIC,-38.39686,142.71698
3277,NARINGAL EAST,VIC,-38.39459,142.78407
3278,PURNIM,VIC,-38.29109,142.59534
3278,PURNIM WEST,VIC,-38.29867,142.55854
3279,BALLANGEICH,VIC,-38.16605,142.57584
3279,WANGOOM,VIC,-38.33333,142.58333
3280,DENNINGTON,VIC,-38.35583,142.44139
3280,MINJAH,VIC,-38.06860,142.45200
3280,WARRNAMBOOL,VIC,-38.36868,142.49821
3280,WARRNAMBOOL EAST,VIC,-38.36868,142.49821
3280,WARRNAMBOOL WEST,VIC,-38.36633,142.46622
3281,BUSHFIELD,VIC,-38.32825,142.51586
3281,GRASSMERE,VIC,-38.27732,142.50586
3281,WINSLOW,VIC,-38.23018,142.46187
3281,WOODFORD,VIC,-38.31667,142.46667
3282,ILLOWA,VIC,-38.32410,142.39406
3282,KOROIT,VIC,-38.29604,142.35535
3283,CROSSLEY,VIC,-38.30425,142.32160
3283,KILLARNEY,VIC,-38.34513,142.30847
3283,KIRKSTALL,VIC,-38.27942,142.30718
3283,SOUTHERN CROSS,VIC,-38.29611,142.39929
3283,TARRONE,VIC,-38.27189,142.20285
3283,TOWER HILL,VIC,-38.33323,142.35371
3283,WARRONG,VIC,-38.18360,142.31013
3283,WILLATOOK,VIC,-38.13190,142.19986
3283,YANGERY,VIC,-38.31855,142.44122
3283,YARPTURK,VIC,-38.28729,142.43056
3284,ORFORD,VIC,-38.19852,142.12954
3284,PORT FAIRY,VIC,-38.38101,142.22929
3285,CODRINGTON,VIC,-38.25610,141.93971
3285,NARRAWONG,VIC,-38.21736,141.70538
3285,ROSEBROOK,VIC,-38.34377,142.26640
3285,ST HELENS,VIC,-38.24124,142.06028
3285,TOOLONG,VIC,-38.31035,142.23040
3285,TYRENDARRA,VIC,-38.21667,141.78333
3285,TYRENDARRA EAST,VIC,-38.24337,141.87264
3285,YAMBUK,VIC,-38.30807,142.04134
3286,CONDAH SWAMP,VIC,-37.97201,141.83643
3286,KNEBSWORTH,VIC,-37.99308,141.84517
3286,MACARTHUR,VIC,-38.02704,142.00464
3286,RIPPONHURST,VIC,-37.98403,142.10851
3286,WARRABKOOK,VIC,-37.98504,142.03173
3287,HAWKESDALE,VIC,-38.05412,142.30481
3287,MINHAMITE,VIC,-38.00733,142.31678
3289,GAZETTE,VIC,-37.91978,142.14976
3289,GERRIGERRUP,VIC,-37.99060,142.21541
3289,PENSHURST,VIC,-37.88333,142.28333
3289,PURDEET,VIC,-37.93827,142.36946
3289,TABOR,VIC,-37.81327,142.19189
3292,NELSON,VIC,-38.06251,141.11989
3293,GLENTHOMPSON,VIC,-37.67077,142.53386
3293,NAREEB,VIC,-37.82353,142.54042
3293,NARRAPUMELAP SOUTH,VIC,-37.75383,142.64059
3294,DUNKELD,VIC,-37.65000,142.35000
3294,KARABEAL,VIC,-37.58721,142.23331
3294,MIRRANATWA,VIC,-37.40016,142.40759
3294,MOUTAJUP,VIC,-37.68871,142.22243
3294,VICTORIA POINT,VIC,-37.51753,142.25863
3294,VICTORIA VALLEY,VIC,-37.55327,142.28520
3294,WOODHOUSE,VIC,-37.80219,142.45916
3300,BYADUK NORTH,VIC,-37.88598,141.93388
3300,HAMILTON,VIC,-37.74557,142.01790
3301,BOCHARA,VIC,-37.69931,141.89918
3301,BROADWATER,VIC,-38.13770,142.02882
3301,BUCKLEY SWAMP,VIC,-37.85830,142.08347
3301,BYADUK,VIC,-37.93517,141.96529
3301,CROXTON EAST,VIC,-37.79170,142.21048
3301,HENSLEY PARK,VIC,-37.61646,142.01823
3301,MORGIANA,VIC,-37.72948,141.83676
3301,MOUNT NAPIER,VIC,-37.89333,142.05806
3301,STRATHKELLAR,VIC,-37.71367,142.09341
3301,TAHARA,VIC,-37.73975,141.72099
3301,TARRINGTON,VIC,-37.76667,142.10000
3301,WANNON,VIC,-37.68385,141.83444
3301,WARRAYURE,VIC,-37.70387,142.18891
3301,YATCHAW,VIC,-37.80708,142.13209
3301,YULECART,VIC,-37.75167,141.95603
3302,BRANXHOLME,VIC,-37.86048,141.79880
3302,GRASSDALE,VIC,-37.84542,141.60112
3303,BREAKAWAY CREEK,VIC,-38.01376,141.80969
3303,CONDAH,VIC,-37.96327,141.80012
3303,CONDAH SWAMP,VIC,-38.01670,141.83300
3303,HOTSPUR,VIC,-37.93511,141.53505
3303,LAKE CONDAH,VIC,-38.06245,141.83246
3303,WALLACEDALE,VIC,-37.94801,141.82728
3304,BESSIEBELLE,VIC,-38.15985,141.97058
3304,DARTMOOR,VIC,-37.91439,141.27300
3304,DRIK DRIK,VIC,-37.97517,141.30499
3304,DRUMBORG,VIC,-38.06406,141.54270
3304,GREENWALD,VIC,-37.97187,141.36421
3304,HEYWOOD,VIC,-38.13333,141.61667
3304,HOMERTON,VIC,-38.11512,141.77007
3304,LYONS,VIC,-38.00763,141.45923
3304,MILLTOWN,VIC,-38.05720,141.69155
3304,MUMBANNAR,VIC,-37.92517,141.19359
3304,MYAMYN,VIC,-37.98777,141.72758
3304,WINNAP,VIC,-37.94699,141.32006
3305,ALLESTREE,VIC,-38.28333,141.65000
3305,BOLWARRA,VIC,-38.28442,141.60929
3305,CAPE BRIDGEWATER,VIC,-38.30129,141.40622
3305,CASHMORE,VIC,-38.31125,141.48249
3305,DUTTON WAY,VIC,-38.29858,141.62388
3305,GORAE,VIC,-38.26069,141.59670
3305,GORAE WEST,VIC,-38.27861,141.53371
3305,HEATHMERE,VIC,-38.21784,141.60921
3305,MOUNT RICHMOND,VIC,-38.19899,141.35138
3305,PORTLAND,VIC,-38.36089,141.60412
3305,PORTLAND NORTH,VIC,-38.30681,141.57279
3305,PORTLAND WEST,VIC,-38.34059,141.55500
3309,DIGBY,VIC,-37.78882,141.53604
3310,MERINO,VIC,-37.71173,141.53181
3310,TAHARA WEST,VIC,-37.72016,141.62219
3311,CASTERTON,VIC,-37.58333,141.40000
3311,CORNDALE,VIC,-37.54621,141.31229
3311,HEATH FIELD,VIC,-37.58000,141.15000
3311,PURALKA,VIC,-37.81000,141.08000
3312,BAHGALLAH,VIC,-37.66609,141.33719
3312,BRIMBOAL,VIC,-37.37646,141.39242
3312,CARAPOOK,VIC,-37.51920,141.54885
3312,CHETWYND,VIC,-37.33641,141.41701
3312,DERGHOLM,VIC,-37.36883,141.20806
3312,DORODONG,VIC,-37.33269,141.06773
3312,DUNROBIN,VIC,-37.51005,141.39914
3312,HENTY,VIC,-37.68317,141.52131
3312,KILLARA,VIC,-37.74912,141.39258
3312,LAKE MUNDI,VIC,-37.51844,141.19155
3312,LINDSAY,VIC,-37.66609,141.33719
3312,MUNTHAM,VIC,-37.59250,141.54100
3312,NANGEELA,VIC,-37.48367,141.34407
3312,POOLAIJELO,VIC,-37.18826,140.98071
3312,POWERS CREEK,VIC,-37.19280,141.29300
3312,SANDFORD,VIC,-37.59861,141.47757
3312,STRATHDOWNIE,VIC,-37.72356,141.14887
3312,WANDO BRIDGE,VIC,-37.47744,141.42538
3312,WANDO VALE,VIC,-37.50398,141.44474
3312,WARROCK,VIC,-37.44026,141.32900
3314,BULART,VIC,-37.53058,141.99799
3314,CAVENDISH,VIC,-37.51667,142.03333
3314,GLENISLA,VIC,-37.22378,142.11406
3314,GRAMPIANS,VIC,-37.34898,142.32995
3314,MOORALLA,VIC,-37.37818,142.16375
3314,WOOHLPOOER,VIC,-37.36896,142.16031
3315,BRIT BRIT,VIC,-37.41237,141.74168
3315,CLOVER FLAT,VIC,-37.59991,141.55280
3315,COLERAINE,VIC,-37.60000,141.70000
3315,COOJAR,VIC,-37.35105,141.69085
3315,CULLA,VIC,-37.21672,141.51665
3315,GRINGEGALGONA,VIC,-37.38669,141.79583
3315,GRITJURK,VIC,-37.57269,141.78594
3315,HILGAY,VIC,-37.62496,141.60476
3315,KONONGWOOTONG,VIC,-37.51683,141.65364
3315,MELVILLE FOREST,VIC,-37.51222,141.82037
3315,MUNTHAM,VIC,-37.59252,141.54097
3315,NAREEN,VIC,-37.38272,141.50909
3315,PARKWOOD,VIC,-37.56730,141.86600
3315,PASCHENDALE,VIC,-37.67428,141.59456
3315,TAHARA BRIDGE,VIC,-37.70681,141.62641
3315,TARRAYOUKYAN,VIC,-37.29463,141.61511
3315,TARRENLEA,VIC,-37.66431,141.73450
3315,WOOTONG VALE,VIC,-37.50988,141.72593
3317,HARROW,VIC,-37.14775,141.57812
3318,CHARAM,VIC,-36.98173,141.51205
3318,CONNEWIRRICOO,VIC,-37.18985,141.44507
3318,EDENHOPE,VIC,-37.03071,141.28348
3318,JALLAKIN,VIC,-37.06140,141.30500
3318,KADNOOK,VIC,-37.20227,141.34800
3318,LANGKOOP,VIC,-37.09062,141.05505
3318,MEEREEK,VIC,-37.08000,141.08000
3318,PATYAH,VIC,-36.83385,141.27005
3318,ULLSWATER,VIC,-36.92177,141.40635
3319,APSLEY,VIC,-36.96847,141.08294
3319,BENAYEO,VIC,-36.85073,141.09551
3319,BRINGALBERT,VIC,-36.87071,141.14153
3321,HESSE,VIC,-38.08332,143.87661
3321,INVERLEIGH,VIC,-38.10289,144.03986
3321,WINGEEL,VIC,-38.09917,143.80558
3322,CRESSY,VIC,-38.05264,143.62852
3323,BERRYBANK,VIC,-37.98257,143.47636
3323,DUVERNEY,VIC,-38.02534,143.56249
3323,FOXHOW,VIC,-38.04657,143.43752
3324,LISMORE,VIC,-37.95529,143.34945
3324,MINGAY,VIC,-37.83553,143.32543
3324,MOUNT BUTE,VIC,-37.89235,143.37205
3325,DERRINALLUM,VIC,-37.94844,143.21603
3325,LARRALEA,VIC,-38.06926,143.22016
3325,VITE VITE,VIC,-37.87500,143.17535
3325,VITE VITE NORTH,VIC,-37.77102,143.19886
3328,TEESDALE,VIC,-38.02207,144.06300
3329,BARUNAH PARK,VIC,-38.02237,143.85569
3329,BARUNAH PLAINS,VIC,-38.02630,143.80300
3329,SHELFORD,VIC,-38.01667,143.96667
3330,ROKEWOOD,VIC,-37.93597,143.71522
3331,BANNOCKBURN,VIC,-38.05000,144.16667
3331,GHERINGHAP,VIC,-38.07195,144.22997
3331,MAUDE,VIC,-37.92426,144.16860
3331,RUSSELLS BRIDGE,VIC,-38.02413,144.19095
3331,SHE OAKS,VIC,-37.91667,144.13333
3331,STEIGLITZ,VIC,-37.89451,144.18620
3331,SUTHERLANDS CREEK,VIC,-38.03301,144.21872
3332,LETHBRIDGE,VIC,-37.96333,144.10659
3333,BAMGANIE,VIC,-37.91421,143.98725
3333,MEREDITH,VIC,-37.84598,144.07665
3334,BUNGAL,VIC,-37.72556,144.11135
3334,CARGERIE,VIC,-37.81336,143.95926
3334,ELAINE,VIC,-37.76826,144.03782
3334,MORRISONS,VIC,-37.76950,144.08900
3334,MOUNT DORAN,VIC,-37.72054,144.03578
3335,BONNIE BROOK,VIC,-37.69140,144.66000
3335,GRANGEFIELDS,VIC,-37.70540,144.63900
3335,PLUMPTON,VIC,-37.67312,144.66301
3335,ROCKBANK,VIC,-37.73046,144.65291
3335,THORNHILL PARK,VIC,-37.74570,144.62400
3336,AINTREE,VIC,-37.72150,144.66300
3336,DEANSIDE,VIC,-37.72150,144.66300
3336,FRASER RISE,VIC,-37.72150,144.66300
3337,HARKNESS,VIC,-37.66690,144.56400
3337,KURUNJANG,VIC,-37.67200,144.58500
3337,MELTON,VIC,-37.67700,144.61200
3337,MELTON WEST,VIC,-37.68298,144.55002
3337,TOOLERN VALE,VIC,-37.60806,144.59306
3338,BROOKFIELD,VIC,-37.69990,144.53824
3338,COBBLEBANK,VIC,-37.70620,144.60200
3338,EXFORD,VIC,-37.71858,144.53494
3338,EYNESBURY,VIC,-37.74716,144.56404
3338,MELTON SOUTH,VIC,-37.70306,144.57194
3338,STRATHTULLOH,VIC,-37.74080,144.59600
3338,WEIR VIEWS,VIC,-37.73200,144.57600
3340,BACCHUS MARSH,VIC,-37.67638,144.44632
3340,BALLIANG,VIC,-37.86222,144.38406
3340,BALLIANG EAST,VIC,-37.79309,144.43449
3340,COIMADAI,VIC,-37.60412,144.44653
3340,DARLEY,VIC,-37.65472,144.43722
3340,GLENMORE,VIC,-37.71281,144.31222
3340,HOPETOUN PARK,VIC,-37.69790,144.50538
3340,LONG FOREST,VIC,-37.65126,144.50538
3340,MADDINGLEY,VIC,-37.68378,144.40891
3340,MERRIMU,VIC,-37.65858,144.47252
3340,PARWAN,VIC,-37.71667,144.45000
3340,ROWSLEY,VIC,-37.72164,144.37612
3340,STAUGHTON VALE,VIC,-37.83970,144.28200
3341,DALES CREEK,VIC,-37.52361,144.30164
3341,GREENDALE,VIC,-37.56694,144.31694
3341,KOROBEIT,VIC,-37.58517,144.34125
3341,MYRNIONG,VIC,-37.61667,144.33333
3341,PENTLAND HILLS,VIC,-37.63441,144.34513
3342,BALLAN,VIC,-37.61461,144.24157
3342,BEREMBOKE,VIC,-37.78333,144.25000
3342,BLAKEVILLE,VIC,-37.50081,144.21052
3342,BUNDING,VIC,-37.54526,144.17442
3342,COLBROOK,VIC,-37.53124,144.21542
3342,DURDIDWARRAH,VIC,-37.82080,144.17336
3342,FISKVILLE,VIC,-37.66828,144.20199
3342,INGLISTON,VIC,-37.64348,144.29276
3342,MOUNT WALLACE,VIC,-37.75397,144.22588
3345,GORDON,VIC,-37.56783,144.11749
3350,ALFREDTON,VIC,-37.55500,143.80000
3350,BAKERY HILL,VIC,-37.56300,143.86600
3350,BALLARAT,VIC,-37.56911,143.85632
3350,BALLARAT CENTRAL,VIC,-37.56216,143.85026
3350,BALLARAT EAST,VIC,-37.56320,143.86900
3350,BALLARAT NORTH,VIC,-37.53970,143.86760
3350,BALLARAT WEST,VIC,-37.56911,143.85632
3350,BLACK HILL,VIC,-37.55026,143.87534
3350,BROWN HILL,VIC,-37.54950,143.91250
3350,CANADIAN,VIC,-37.57600,143.87700
3350,EUREKA,VIC,-37.56480,143.88220
3350,GOLDEN POINT,VIC,-37.57400,143.86800
3350,INVERMAY PARK,VIC,-37.53056,143.85904
3350,LAKE WENDOUREE,VIC,-37.54900,143.84700
3350,LUCAS,VIC,-37.55300,143.77100
3350,MOUNT CLEAR,VIC,-37.60200,143.86800
3350,MOUNT HELEN,VIC,-37.62979,143.88349
3350,MOUNT PLEASANT,VIC,-37.58100,143.85300
3350,NERRINA,VIC,-37.53300,143.90300
3350,NEWINGTON,VIC,-37.56553,143.82645
3350,REDAN,VIC,-37.57700,143.84400
3350,SOLDIERS HILL,VIC,-37.55000,143.85800
3350,SOVEREIGN HILL,VIC,-37.57476,143.86605
3351,BERRINGA,VIC,-37.77604,143.68402
3351,BO PEEP,VIC,-37.53105,143.67423
3351,CAPE CLEAR,VIC,-37.76098,143.60579
3351,CARNGHAM,VIC,-37.57700,143.56390
3351,CHEPSTOWE,VIC,-37.62141,143.50508
3351,HADDON,VIC,-37.58833,143.69944
3351,HAPPY VALLEY,VIC,-37.71381,143.59367
3351,HILLCREST,VIC,-37.61557,143.63394
3351,ILLABAROOK,VIC,-37.83219,143.65205
3351,LAKE BOLAC,VIC,-37.71128,142.83997
3351,MININERA,VIC,-37.59549,142.93246
3351,MORTCHUP,VIC,-37.61850,143.50500
3351,MOUNT EMU,VIC,-37.60450,143.43687
3351,NERRIN NERRIN,VIC,-37.75878,143.01467
3351,NEWTOWN,VIC,-37.69825,143.66204
3351,NINTINGBOOL,VIC,-37.61258,143.72336
3351,PIGGOREET,VIC,-37.73176,143.65222
3351,PITFIELD,VIC,-37.82997,143.61465
3351,ROKEWOOD JUNCTION,VIC,-37.83889,143.71577
3351,ROSS CREEK,VIC,-37.64980,143.76946
3351,SCARSDALE,VIC,-37.67833,143.67611
3351,SMYTHES CREEK,VIC,-37.59412,143.76946
3351,SMYTHESDALE,VIC,-37.63335,143.68880
3351,SNAKE VALLEY,VIC,-37.61194,143.58444
3351,SPRINGDALLAH,VIC,-37.74659,143.63123
3351,STAFFORDSHIRE REEF,VIC,-37.74529,143.70537
3351,STREATHAM,VIC,-37.68692,143.10212
3351,WALLINDUC,VIC,-37.86350,143.50508
3351,WESTMERE,VIC,-37.67342,142.95661
3352,ADDINGTON,VIC,-37.38333,143.68333
3352,BALLARAT ROADSIDE DELIVERY,VIC,-37.56220,143.85000
3352,BARKSTEAD,VIC,-37.46035,144.08658
3352,BLOWHARD,VIC,-37.43452,143.79117
3352,BOLWARRAH,VIC,-37.52075,144.08302
3352,BONSHAW,VIC,-37.60350,143.81600
3352,BREWSTER,VIC,-37.51870,143.52004
3352,BULLAROOK,VIC,-37.52954,143.99888
3352,BUNGAREE,VIC,-37.55722,144.00444
3352,BUNKERS HILL,VIC,-37.57059,143.74234
3352,BURRUMBEET,VIC,-37.50933,143.67833
3352,CAMBRIAN HILL,VIC,-37.64390,143.81831
3352,CARDIGAN,VIC,-37.53871,143.74573
3352,CARDIGAN VILLAGE,VIC,-37.51794,143.70845
3352,CHAPEL FLAT,VIC,-37.47799,143.89461
3352,CLARENDON,VIC,-37.70141,143.98135
3352,CLARETOWN,VIC,-37.52526,144.03578
3352,CLARKES HILL,VIC,-37.49686,143.98135
3352,CORINDHAP,VIC,-37.87047,143.74946
3352,DEAN,VIC,-37.44890,143.99600
3352,DEREEL,VIC,-37.82473,143.75623
3352,DUNNSTOWN,VIC,-37.59852,143.97115
3352,DURHAM LEAD,VIC,-37.68821,143.87805
3352,ENFIELD,VIC,-37.72554,143.80363
3352,ERCILDOUNE,VIC,-37.39822,143.63606
3352,GARIBALDI,VIC,-37.73890,143.85089
3352,GLEN PARK,VIC,-37.50331,143.93556
3352,GLENBRAE,VIC,-37.34834,143.56052
3352,GONG GONG,VIC,-37.54807,143.93512
3352,GRENVILLE,VIC,-37.76809,143.85972
3352,INVERMAY,VIC,-37.50239,143.87805
3352,LAL LAL,VIC,-37.68011,144.00992
3352,LAMPLOUGH,VIC,-37.13333,143.50000
3352,LANGI KAL KAL,VIC,-37.33552,143.51284
3352,LEARMONTH,VIC,-37.42218,143.71209
3352,LEIGH CREEK,VIC,-37.56229,143.96231
3352,LEXTON,VIC,-37.27926,143.51565
3352,MAGPIE,VIC,-37.62757,143.85089
3352,MILLBROOK,VIC,-37.62391,144.06859
3352,MINERS REST,VIC,-37.47173,143.79117
3352,MITCHELL PARK,VIC,-37.50894,143.77480
3352,MOLLONGGHIP,VIC,-37.46971,144.05077
3352,MOUNT BOLTON,VIC,-37.37219,143.69557
3352,MOUNT EGERTON,VIC,-37.61667,144.10000
3352,MOUNT MERCER,VIC,-37.80584,143.86413
3352,MOUNT MITCHELL,VIC,-37.28056,143.58000
3352,MOUNT ROWAN,VIC,-37.50293,143.84003
3352,NAPOLEONS,VIC,-37.68333,143.83333
3352,NAVIGATORS,VIC,-37.61725,143.92697
3352,POOTILLA,VIC,-37.52644,143.95960
3352,SCOTCHMANS LEAD,VIC,-37.66670,143.85000
3352,SCOTSBURN,VIC,-37.68556,143.93889
3352,SPRINGBANK,VIC,-37.52358,144.05756
3352,SULKY,VIC,-37.46025,143.85089
3352,WALLACE,VIC,-37.56082,144.05756
3352,WARRENHEIP,VIC,-37.57500,143.92300
3352,WATTLE FLAT,VIC,-37.48539,143.94872
3352,WAUBRA,VIC,-37.36296,143.64003
3352,WEATHERBOARD,VIC,-37.44224,143.67186
3352,WERNETH,VIC,-37.92917,143.62412
3352,WINDERMERE,VIC,-37.51370,143.72000
3352,YENDON,VIC,-37.64459,143.96503
3353,BALLARAT,VIC,-37.56216,143.85026
3354,BAKERY HILL,VIC,-37.56300,143.86600
3354,BALLARAT MC,VIC,-37.56220,143.85000
3355,LAKE GARDENS,VIC,-37.54600,143.82000
3355,MITCHELL PARK,VIC,-37.50894,143.77480
3355,WENDOUREE,VIC,-37.53200,143.82300
3355,WENDOUREE VILLAGE,VIC,-37.53200,143.82300
3356,BONSHAW,VIC,-37.60349,143.81559
3356,DELACOMBE,VIC,-37.58900,143.81400
3356,SEBASTOPOL,VIC,-37.58528,143.83944
3357,BUNINYONG,VIC,-37.65219,143.89435
3357,SCOTSMANS LEAD,VIC,-37.66670,143.85000
3357,YARROWEE,VIC,-37.84050,143.92500
3358,WINTER VALLEY,VIC,-37.47130,144.78500
3360,HAPPY VALLEY,VIC,-37.71380,143.59400
3360,LINTON,VIC,-37.68333,143.56667
3360,MANNIBADAR,VIC,-37.76710,143.55511
3360,PITTONG,VIC,-37.67603,143.44765
3360,WILLOWVALE,VIC,-37.87412,143.45913
3361,BRADVALE,VIC,-37.79028,143.31270
3361,CARRANBALLAC,VIC,-37.70397,143.18877
3361,SKIPTON,VIC,-37.68472,143.36433
3363,CRESWICK,VIC,-37.42412,143.89124
3363,CRESWICK NORTH,VIC,-37.38776,143.88383
3363,DEAN,VIC,-37.44889,143.99564
3363,GLENDARUEL,VIC,-37.34361,143.73149
3363,LANGDONS HILL,VIC,-37.41421,144.06879
3363,MOUNT BECKWORTH,VIC,-37.30247,143.68846
3363,TOURELLO,VIC,-37.35344,143.77658
3364,ALLENDALE,VIC,-37.36667,143.93333
3364,ASCOT,VIC,-37.39900,143.80300
3364,BALD HILLS,VIC,-37.44328,143.82917
3364,BARKSTEAD,VIC,-37.46040,144.08700
3364,BLAMPIED,VIC,-37.36667,144.05000
3364,BROOMFIELD,VIC,-37.38627,143.90522
3364,CABBAGE TREE,VIC,-37.45336,143.90125
3364,CAMPBELLTOWN,VIC,-37.21548,143.94532
3364,COGHILLS CREEK,VIC,-37.38144,143.75462
3364,GLENDONALD,VIC,-37.35090,143.84200
3364,GLENDONNELL,VIC,-37.35094,143.84204
3364,JOYCES CREEK,VIC,-37.09910,143.98800
3364,KINGSTON,VIC,-37.36667,143.95000
3364,KOOROOCHEANG,VIC,-37.29168,144.02285
3364,LAWRENCE,VIC,-37.31947,143.90419
3364,MOUNT PROSPECT,VIC,-37.38722,144.05536
3364,NEWLYN,VIC,-37.41694,143.98306
3364,NEWLYN NORTH,VIC,-37.39267,144.00312
3364,ROCKLYN,VIC,-37.42586,144.02965
3364,SMEATON,VIC,-37.33333,143.95000
3364,SMOKEY TOWN,VIC,-37.39800,143.91900
3364,SMOKEYTOWN,VIC,-37.39804,143.91881
3364,SPRINGMOUNT,VIC,-37.41309,143.93512
3364,STRATHLEA,VIC,-37.15113,143.96843
3364,ULLINA,VIC,-37.28340,143.89000
3364,WERONA,VIC,-37.25864,144.04190
3370,CLUNES,VIC,-37.29600,143.78600
3370,GLENGOWER,VIC,-37.22013,143.90285
3370,MOUNT CAMERON,VIC,-37.20832,143.82611
3370,ULLINA,VIC,-37.28345,143.88960
3371,AMHERST,VIC,-37.15601,143.66559
3371,BURNBANK,VIC,-37.23409,143.60898
3371,CARALULUP,VIC,-37.19662,143.63803
3371,DUNACH,VIC,-37.22139,143.73323
3371,EVANSFORD,VIC,-37.23957,143.62493
3371,LILLICUR,VIC,-37.16966,143.62850
3371,MOUNT GLASGOW,VIC,-37.20598,143.76404
3371,RED LION,VIC,-37.16760,143.74900
3371,STONY CREEK,VIC,-37.22577,143.68812
3371,TALBOT,VIC,-37.16667,143.70000
3373,BEAUFORT,VIC,-37.42285,143.37037
3373,CHUTE,VIC,-37.33859,143.38690
3373,CROSS ROADS,VIC,-37.50122,143.22874
3373,LAKE GOLDSMITH,VIC,-37.54494,143.37650
3373,LAKE WONGAN,VIC,-37.57943,143.15050
3373,MAIN LEAD,VIC,-37.38372,143.37441
3373,MENA PARK,VIC,-37.52380,143.49515
3373,NERRING,VIC,-37.49800,143.44600
3373,RAGLAN,VIC,-37.35910,143.33327
3373,SHIRLEY,VIC,-37.43705,143.30485
3373,STOCKYARD HILL,VIC,-37.50682,143.28339
3373,STONELEIGH,VIC,-37.59936,143.21704
3373,TRAWALLA,VIC,-37.44023,143.44990
3373,WATERLOO,VIC,-37.36059,143.41592
3374,GREAT WESTERN,VIC,-37.15970,142.89600
3375,BALLYROGAN,VIC,-37.44900,143.12889
3375,BAYINDEEN,VIC,-37.30876,143.15833
3375,BUANGOR,VIC,-37.37598,143.15815
3375,MIDDLE CREEK,VIC,-37.39713,143.23522
3377,AMPHITHEATRE,VIC,-37.18780,143.46800
3377,ARARAT,VIC,-37.28465,142.93164
3377,ARARAT EAST,VIC,-37.28460,142.93200
3377,ARMSTRONG,VIC,-37.21126,142.87347
3377,BEN NEVIS,VIC,-37.22830,143.20100
3377,BULGANA,VIC,-37.14200,142.99700
3377,CATHCART,VIC,-37.29516,142.88731
3377,CROWLANDS,VIC,-37.14984,143.10935
3377,DENICULL CREEK,VIC,-37.35384,142.96648
3377,DOBIE,VIC,-37.33052,143.00795
3377,DUNNEWORTHY,VIC,-37.20000,143.06667
3377,EVERSLEY,VIC,-37.18849,143.17598
3377,GREAT WESTERN,VIC,-37.15000,142.85000
3377,JALLUKUR,VIC,-37.24190,142.69800
3377,LANGI LOGAN,VIC,-37.37166,142.93347
3377,MAROONA,VIC,-37.45761,142.85571
3377,MOUNT COLE,VIC,-37.25492,143.18179
3377,MOUNT COLE CREEK,VIC,-37.20495,143.10385
3377,MOUNT LONARCH,VIC,-37.27090,143.37800
3377,MOYSTON,VIC,-37.31720,142.75874
3377,NORVAL,VIC,-37.25319,142.87180
3377,RHYMNEY,VIC,-37.20225,142.77670
3377,ROCKY POINT,VIC,-37.34110,142.84734
3377,ROSSBRIDGE,VIC,-37.48524,142.84768
3377,SHAYS FLAT,VIC,-37.04880,143.09900
3377,WARRAK,VIC,-37.26647,143.14773
3378,TATYOON,VIC,-37.53759,142.91201
3378,YALLA-Y-POORA,VIC,-37.53055,143.12655
3379,BERRAMBOOL,VIC,-36.87980,149.90900
3379,BORNES HILL,VIC,-37.58487,142.58113
3379,CHATSWORTH,VIC,-37.87501,142.62028
3379,MAFEKING,VIC,-37.40548,142.64299
3379,STAVELY,VIC,-37.65281,142.63656
3379,WATGANIA,VIC,-37.41710,142.61600
3379,WICKLIFFE,VIC,-37.67625,142.70756
3379,WILLAURA,VIC,-37.54227,142.73690
3379,WILLAURA NORTH,VIC,-37.36580,142.77202
3380,BELLELLEN,VIC,-37.12633,142.68240
3380,BRIDGE INN,VIC,-37.05178,142.77771
3380,MOKEPILLY,VIC,-37.09755,142.62296
3380,STAWELL,VIC,-37.05178,142.77771
3380,STAWELL WEST,VIC,-37.06570,142.77133
3380,WINJALLOK,VIC,-36.80960,143.18974
3381,BARKLY,VIC,-36.94535,143.22108
3381,BELLELLEN,VIC,-37.12630,142.68200
3381,BELLFIELD,VIC,-37.22499,142.48933
3381,BLACK RANGE,VIC,-37.14150,142.80200
3381,BOLANGUM,VIC,-36.72170,142.99351
3381,CALLAWADDA,VIC,-36.81932,142.81051
3381,CAMPBELLS BRIDGE,VIC,-36.91839,142.78340
3381,CONCONGELLA,VIC,-37.03711,142.81854
3381,DEEP LEAD,VIC,-36.99738,142.69886
3381,FYANS CREEK,VIC,-37.09725,142.55921
3381,GERMANIA,VIC,-37.17168,142.57456
3381,GREENS CREEK,VIC,-36.99145,142.88443
3381,HALLS GAP,VIC,-37.14680,142.52352
3381,ILLAWARRA,VIC,-37.05074,142.69411
3381,JOEL JOEL,VIC,-37.01127,143.00057
3381,JOEL SOUTH,VIC,-37.05239,143.04354
3381,KANYA,VIC,-36.78229,142.99772
3381,LAKE FYANS,VIC,-37.14893,142.64232
3381,LAKE LONSDALE,VIC,-37.04070,142.62963
3381,LUBECK,VIC,-36.78179,142.51819
3381,MOKEPILLY,VIC,-37.09750,142.62300
3381,MORRL MORRL,VIC,-36.85922,142.93453
3381,MOUNT DRYDEN,VIC,-37.05640,142.54600
3381,PARADISE,VIC,-36.94535,143.22108
3381,POMONAL,VIC,-37.19222,142.60889
3381,ROSTRON,VIC,-36.78318,143.17982
3381,WAL WAL,VIC,-36.76252,142.71450
3381,WALLALOO,VIC,-36.75498,142.82156
3381,WALLALOO EAST,VIC,-36.78646,142.90665
3384,BARKLY,VIC,-36.94540,143.22100
3384,CONCONGELLA,VIC,-37.03710,142.81900
3384,FRENCHMANS,VIC,-36.99483,143.19348
3384,JOEL JOEL,VIC,-37.01130,143.00100
3384,JOEL SOUTH,VIC,-37.05240,143.04400
3384,LANDSBOROUGH,VIC,-37.00850,143.13370
3384,LANDSBOROUGH WEST,VIC,-37.01657,143.05698
3384,NAVARRE,VIC,-36.90013,143.11343
3384,SHAYS FLAT,VIC,-37.04885,143.09948
3384,TULKARA,VIC,-36.95590,143.03500
3384,WATTLE CREEK,VIC,-36.96000,143.12301
3385,DADSWELLS BRIDGE,VIC,-36.91583,142.51111
3385,DEEP LEAD,VIC,-36.99740,142.69900
3385,GLENORCHY,VIC,-36.90444,142.66104
3385,LEDCOURT,VIC,-36.99881,142.55821
3385,LUBECK,VIC,-36.78180,142.51800
3385,RIACHELLA,VIC,-36.83922,142.67901
3385,ROSES GAP,VIC,-36.96260,142.45100
3385,WAL WAL,VIC,-36.76250,142.71400
3387,BOLANGUM,VIC,-36.72170,142.99400
3387,CALLAWADDA,VIC,-36.81930,142.81100
3387,CAMPBELLS BRIDGE,VIC,-36.91840,142.78300
3387,GERMANIA,VIC,-36.98580,142.77700
3387,GREENS CREEK,VIC,-36.99140,142.88400
3387,KANYA,VIC,-36.78230,142.99800
3387,MARNOO,VIC,-36.67071,142.87180
3387,MARNOO WEST,VIC,-36.71200,142.80400
3387,MORRL MORRL,VIC,-36.85920,142.93500
3387,WALLALOO,VIC,-36.75500,142.82200
3387,WALLALOO EAST,VIC,-36.78650,142.90700
3388,BANYENA,VIC,-36.61129,142.85906
3388,RUPANYUP,VIC,-36.63044,142.63103
3390,KEWELL,VIC,-36.46940,142.39894
3390,MURTOA,VIC,-36.61445,142.46986
3391,BRIM,VIC,-36.05625,142.42524
3392,BOOLITE,VIC,-36.34220,142.66600
3392,MINYIP,VIC,-36.45773,142.59424
3392,SHEEP HILLS,VIC,-36.34000,142.52753
3393,AILSA,VIC,-36.33143,142.36138
3393,ANGIP,VIC,-36.10303,142.22986
3393,AUBREY,VIC,-36.25921,142.23614
3393,BANGERANG,VIC,-36.19073,142.53330
3393,CANNUM,VIC,-36.28620,142.22276
3393,CRYMELON,VIC,-36.15425,142.26868
3393,KELLALAC,VIC,-36.39120,142.37631
3393,LAH,VIC,-36.11835,142.38962
3393,WARRACKNABEAL,VIC,-36.25276,142.39196
3393,WILKUR,VIC,-36.09763,142.68017
3393,WILLENABRINA,VIC,-36.01762,142.20976
3395,BEULAH,VIC,-35.93806,142.42000
3395,KENMARE,VIC,-35.90988,142.17374
3395,REEDY DAM,VIC,-35.94080,142.63800
3395,ROSEBERY,VIC,-35.83490,142.42200
3396,HOPETOUN,VIC,-35.73602,142.31877
3396,HOPEVALE,VIC,-35.80819,142.23940
3396,YARTO,VIC,-35.49848,142.27181
3399,JUNG,VIC,-36.62890,142.33600
3399,LONGERENONG,VIC,-36.68130,142.35100
3400,BRIMPAEN,VIC,-37.02550,142.20600
3400,HORSHAM,VIC,-36.72041,142.18061
3400,HORSHAM WEST,VIC,-36.73657,142.20981
3400,ST HELENS PLAINS,VIC,-36.81090,142.45600
3400,WARTOOK,VIC,-36.72040,142.18100
3400,WONWONDAH EAST,VIC,-36.72040,142.18100
3400,WONWONDAH SOUTH,VIC,-36.72040,142.18100
3401,BLACKHEATH,VIC,-36.48774,142.32450
3401,BRIMPAEN,VIC,-37.02545,142.20650
3401,BUNGALALLY,VIC,-36.80274,142.28221
3401,CHERRYPOOL,VIC,-37.13327,142.16733
3401,CLEAR LAKE,VIC,-36.91820,141.88300
3401,CONNANGORACH,VIC,-36.96090,142.02400
3401,DAHLEN,VIC,-36.64670,142.14400
3401,DOOEN,VIC,-36.68527,142.23751
3401,DOUGLAS,VIC,-37.04190,141.74100
3401,DRUNG,VIC,-36.74688,142.29611
3401,GREEN LAKE,VIC,-36.79360,142.29400
3401,GYMBOWEN,VIC,-36.72594,141.56200
3401,HAVEN,VIC,-36.75000,142.18333
3401,HORSHAM,VIC,-36.71886,142.19623
3401,JALLUMBA,VIC,-36.93110,141.94700
3401,JILPANGER,VIC,-36.93170,141.66500
3401,JUNG,VIC,-36.62886,142.33639
3401,KALKEE,VIC,-36.60586,142.25835
3401,KANAGULK,VIC,-37.17090,141.80910
3401,KARNAK,VIC,-36.83875,141.50671
3401,LAHARUM,VIC,-36.98063,142.29318
3401,LONGERENONG,VIC,-36.68128,142.35103
3401,LOWER NORTON,VIC,-36.80426,142.03560
3401,MCKENZIE CREEK,VIC,-36.78167,142.16383
3401,MIGA LAKE,VIC,-36.88000,141.64700
3401,MITRE,VIC,-36.65990,141.69400
3401,MOCKINYA,VIC,-36.94244,142.15171
3401,MURRA WARRA,VIC,-36.48204,142.22446
3401,NORADJUHA,VIC,-36.84000,141.97200
3401,NURCOUNG,VIC,-36.67705,141.64194
3401,NURRABIEL,VIC,-36.93927,142.04306
3401,PIMPINIO,VIC,-36.58333,142.11667
3401,QUANTONG,VIC,-36.75810,142.05560
3401,REMLAW,VIC,-36.71340,142.11600
3401,RIVERSIDE,VIC,-36.72556,142.24434
3401,ROCKLANDS,VIC,-36.48774,142.32450
3401,ST HELENS PLAINS,VIC,-36.81093,142.45554
3401,TELANGATUK EAST,VIC,-37.10054,141.96628
3401,TOOAN,VIC,-36.80130,141.80500
3401,TOOLONDO,VIC,-36.98911,141.94016
3401,VECTIS,VIC,-36.73270,142.08546
3401,WAIL,VIC,-36.56225,142.06906
3401,WALLUP,VIC,-36.36052,142.24501
3401,WARTOOK,VIC,-37.05461,142.34366
3401,WOMBELANO,VIC,-37.01570,141.59400
3401,WONWONDAH,VIC,-36.91726,142.25796
3401,ZUMSTEINS,VIC,-37.11879,142.38424
3402,HORSHAM,VIC,-36.71886,142.19623
3407,BALMORAL,VIC,-37.25170,141.82355
3407,ENGLEFIELD,VIC,-37.34719,141.81003
3407,GATUM,VIC,-37.39874,141.92936
3407,PIGEON PONDS,VIC,-37.29473,141.66993
3407,VASEY,VIC,-37.36940,141.87291
3409,ARAPILES,VIC,-36.71685,141.87828
3409,CLEAR LAKE,VIC,-36.91816,141.88332
3409,DOUGLAS,VIC,-37.04192,141.74109
3409,DUCHEMBEGARRA,VIC,-36.62267,141.96761
3409,GRASS FLAT,VIC,-36.67797,141.84534
3409,JILPANGER,VIC,-36.93166,141.66518
3409,MIGA LAKE,VIC,-36.88004,141.64695
3409,MITRE,VIC,-36.73358,141.71736
3409,NATIMUK,VIC,-36.74583,141.93520
3409,NORADJUHA,VIC,-36.84000,141.97224
3409,TOOAN,VIC,-36.80133,141.80507
3409,WOMBELANO,VIC,-37.01571,141.59357
3412,GOROKE,VIC,-36.67441,141.49399
3413,MINIMAY,VIC,-36.74960,141.21149
3413,NEUARPURR,VIC,-36.70389,140.98022
3413,OZENKADNOOK,VIC,-36.82455,141.34145
3413,PERONNE,VIC,-36.74035,141.31065
3414,ANTWERP,VIC,-36.28390,142.02518
3414,DIMBOOLA,VIC,-36.45324,142.02905
3414,TARRANYURK,VIC,-36.21275,142.03402
3415,MIRAM,VIC,-36.38119,141.37848
3415,YARRUNGA,VIC,-34.58410,150.43400
3418,BROUGHTON,VIC,-36.14870,141.34734
3418,GERANG GERUNG,VIC,-36.36899,141.87965
3418,GLENLEE,VIC,-36.24659,141.81018
3418,KIATA,VIC,-36.41873,141.75296
3418,LAWLOIT,VIC,-36.46385,141.46279
3418,LITTLE DESERT,VIC,-36.50258,141.76123
3418,LORQUON,VIC,-36.15227,141.75880
3418,NETHERBY,VIC,-36.14148,141.66299
3418,NHILL,VIC,-36.33280,141.65035
3418,YANAC,VIC,-36.09423,141.46017
3419,KANIVA,VIC,-36.36724,141.22130
3420,LILLIMUR,VIC,-36.41807,141.07854
3420,SERVICETON,VIC,-36.32928,141.00222
3420,TELOPEA DOWNS,VIC,-36.12555,141.11217
3423,JEPARIT,VIC,-36.13438,141.97918
3423,LAKE HINDMARSH,VIC,-36.05480,141.91600
3424,ALBACUTYA,VIC,-35.73956,141.96618
3424,RAINBOW,VIC,-35.90080,141.99700
3424,YAAPEET,VIC,-35.70644,142.02281
3427,DIGGERS REST,VIC,-37.61538,144.68630
3427,PLUMPTON,VIC,-37.61540,144.68600
3428,BULLA,VIC,-37.63423,144.79614
3429,SUNBURY,VIC,-37.58111,144.71389
3429,WILDWOOD,VIC,-37.57180,144.79350
3430,CLARKEFIELD,VIC,-37.49754,144.80714
3431,RIDDELLS CREEK,VIC,-37.45255,144.67532
3432,BOLINDA,VIC,-37.43944,144.77416
3433,MONEGEETTA,VIC,-37.39910,144.78000
3434,CHEROKEE,VIC,-37.38333,144.63333
3434,KERRIE,VIC,-37.38038,144.66984
3434,ROMSEY,VIC,-37.35063,144.74285
3434,SPRINGFIELD,VIC,-37.32301,144.81813
3435,BENLOCH,VIC,-37.20294,144.68630
3435,GOLDIE,VIC,-37.25915,144.79614
3435,LANCEFIELD,VIC,-37.27697,144.72840
3435,NULLA VALE,VIC,-37.18979,144.74601
3437,BULLENGAROOK,VIC,-37.51667,144.48333
3437,GISBORNE,VIC,-37.49000,144.58889
3437,GISBORNE SOUTH,VIC,-37.53861,144.60639
3438,NEW GISBORNE,VIC,-37.46185,144.62046
3440,MACEDON,VIC,-37.42055,144.55468
3441,MOUNT MACEDON,VIC,-37.39814,144.59853
3442,ASHBOURNE,VIC,-37.38694,144.44611
3442,CADELLO,VIC,-37.30340,144.52729
3442,CARLSRUHE,VIC,-37.28333,144.50000
3442,COBAW,VIC,-37.26667,144.63333
3442,HANGING ROCK,VIC,-37.33489,144.59443
3442,HESKET,VIC,-37.35000,144.61667
3442,NEWHAM,VIC,-37.31667,144.60000
3442,ROCHFORD,VIC,-37.31667,144.68333
3442,WOODEND,VIC,-37.36132,144.52442
3442,WOODEND NORTH,VIC,-37.32591,144.53824
3444,BARFOLD,VIC,-37.09194,144.50611
3444,BAYNTON,VIC,-37.16618,144.69966
3444,BAYNTON EAST,VIC,-37.11981,144.71384
3444,EDGECOMBE,VIC,-37.18701,144.46158
3444,GLENHOPE,VIC,-37.07783,144.60801
3444,GREENHILL,VIC,-37.18657,144.43387
3444,KYNETON,VIC,-37.23333,144.45000
3444,KYNETON SOUTH,VIC,-37.30152,144.45542
3444,LANGLEY,VIC,-37.14291,144.51085
3444,LAURISTON,VIC,-37.25000,144.38333
3444,LYAL,VIC,-36.94278,144.47150
3444,METCALFE EAST,VIC,-37.15256,144.45097
3444,MIA MIA,VIC,-37.00262,144.56632
3444,MYRTLE CREEK,VIC,-36.93976,144.43560
3444,PASTORIA,VIC,-37.18138,144.63692
3444,PASTORIA EAST,VIC,-37.18138,144.63692
3444,PIPERS CREEK,VIC,-37.24526,144.54920
3444,REDESDALE,VIC,-37.00130,144.49374
3444,SIDONIA,VIC,-37.15383,144.54977
3444,SPRING HILL,VIC,-37.29648,144.35765
3444,TYLDEN,VIC,-37.31940,144.40520
3444,TYLDEN SOUTH,VIC,-37.35223,144.37678
3446,DRUMMOND NORTH,VIC,-37.20000,144.28333
3446,MALMSBURY,VIC,-37.18889,144.38500
3447,TARADALE,VIC,-37.14651,144.35765
3448,ELPHINSTONE,VIC,-37.10000,144.33333
3448,METCALFE,VIC,-37.12870,144.41487
3448,SUTTON GRANGE,VIC,-36.96225,144.34579
3450,CASTLEMAINE,VIC,-37.05814,144.21850
3450,MOONLIGHT FLAT,VIC,-37.06323,144.24566
3451,BARKERS CREEK,VIC,-37.00509,144.22179
3451,CAMPBELLS CREEK,VIC,-37.10000,144.20000
3451,CHEWTON,VIC,-37.08333,144.26667
3451,CHEWTON BUSHLANDS,VIC,-37.07834,144.28935
3451,FARADAY,VIC,-37.05010,144.30778
3451,FRYERSTOWN,VIC,-37.14327,144.25498
3451,GLENLUCE,VIC,-37.19594,144.24055
3451,GOLDEN POINT,VIC,-37.06658,144.27569
3451,GOWER,VIC,-37.02848,144.10112
3451,GUILDFORD,VIC,-37.14961,144.17541
3451,IRISHTOWN,VIC,-37.15000,144.23333
3451,MCKENZIE HILL,VIC,-37.06867,144.18019
3451,MUCKLEFORD,VIC,-37.06935,144.15379
3451,TARILTA,VIC,-37.18631,144.18837
3451,VAUGHAN,VIC,-37.16021,144.22110
3451,WOODBROOK,VIC,-37.01130,144.19800
3451,YAPEEN,VIC,-37.12848,144.16178
3453,HARCOURT,VIC,-37.00000,144.25000
3453,HARCOURT NORTH,VIC,-36.94042,144.28501
3453,RAVENSWOOD,VIC,-36.86644,144.20808
3453,RAVENSWOOD SOUTH,VIC,-36.95234,144.23645
3458,BARRYS REEF,VIC,-37.45625,144.31939
3458,BLACKWOOD,VIC,-37.48343,144.30266
3458,FERN HILL,VIC,-37.37531,144.42327
3458,LERDERDERG,VIC,-37.43790,144.28132
3458,LITTLE HAMPTON,VIC,-37.36735,144.29208
3458,NEWBURY,VIC,-37.42620,144.28662
3458,NORTH BLACKWOOD,VIC,-37.41667,144.36667
3458,TRENTHAM,VIC,-37.38333,144.31667
3458,TRENTHAM EAST,VIC,-37.40518,144.40139
3460,BASALT,VIC,-37.30889,144.10386
3460,DAYLESFORD,VIC,-37.35000,144.15000
3461,BULLARTO,VIC,-37.39902,144.21258
3461,BULLARTO SOUTH,VIC,-37.42334,144.21872
3461,CLYDESDALE,VIC,-37.17089,144.09024
3461,COOMOORA,VIC,-37.33184,144.19655
3461,DENVER,VIC,-37.28594,144.28662
3461,DRUMMOND,VIC,-37.23814,144.30915
3461,DRY DIGGINGS,VIC,-37.29657,144.15564
3461,EGANSTOWN,VIC,-37.35624,144.07730
3461,ELEVATED PLAINS,VIC,-37.29503,144.13111
3461,FRANKLINFORD,VIC,-37.23884,144.09228
3461,GLENLYON,VIC,-37.25000,144.25000
3461,HEPBURN,VIC,-37.31182,144.12566
3461,HEPBURN SPRINGS,VIC,-37.31475,144.14747
3461,KORWEINGUBOORA,VIC,-37.44919,144.13828
3461,LEONARDS HILL,VIC,-37.42038,144.12031
3461,LYONVILLE,VIC,-37.39186,144.26288
3461,MOUNT FRANKLIN,VIC,-37.27073,144.16640
3461,MUSK,VIC,-37.37200,144.19300
3461,MUSK VALE,VIC,-37.38239,144.13384
3461,PORCUPINE RIDGE,VIC,-37.29501,144.19314
3461,SAILORS FALLS,VIC,-37.39122,144.12045
3461,SAILORS HILL,VIC,-37.35853,144.12566
3461,SHEPHERDS FLAT,VIC,-37.27500,144.12225
3461,SPARGO CREEK,VIC,-37.47752,144.15305
3461,STRANGWAYS,VIC,-37.14280,144.09024
3461,WHEATSHEAF,VIC,-37.32741,144.22177
3461,YANDOIT,VIC,-37.20000,144.10000
3461,YANDOIT HILLS,VIC,-37.21561,144.05756
3462,GREEN GULLY,VIC,-37.11851,144.10114
3462,JOYCES CREEK,VIC,-37.09915,143.98782
3462,MUCKLEFORD SOUTH,VIC,-37.10470,144.11783
3462,NEWSTEAD,VIC,-37.10528,144.06500
3462,SANDON,VIC,-37.17138,144.05320
3462,WELSHMANS REEF,VIC,-37.06635,144.04054
3463,BARINGHUP,VIC,-36.96053,143.98136
3463,BARINGHUP WEST,VIC,-36.97927,143.90285
3463,BRADFORD,VIC,-36.92929,144.08837
3463,EASTVILLE,VIC,-36.88923,143.97925
3463,GOWER,VIC,-37.02850,144.10100
3463,LAANECOORIE,VIC,-36.82705,143.87966
3463,MALDON,VIC,-36.99805,144.06860
3463,NEEREMAN,VIC,-36.91966,143.95518
3463,NUGGETTY,VIC,-36.96002,144.05824
3463,PERKINS REEF,VIC,-36.98753,144.07294
3463,PORCUPINE FLAT,VIC,-36.96256,144.11968
3463,SHELBOURNE,VIC,-36.84703,144.07254
3463,TARRENGOWER,VIC,-37.00439,144.01741
3463,WALMER,VIC,-36.97146,144.15019
3463,WOODSTOCK WEST,VIC,-36.82161,144.00347
3464,CARISBROOK,VIC,-37.01503,143.84546
3465,ADELAIDE LEAD,VIC,-37.08382,143.67912
3465,ALMA,VIC,-37.02722,143.67778
3465,BOWENVALE,VIC,-36.99619,143.69896
3465,BUNG BONG,VIC,-37.06667,143.61667
3465,COTSWOLD,VIC,-37.15426,143.88654
3465,CRAIGIE,VIC,-37.09530,143.78201
3465,DAISY HILL,VIC,-37.11323,143.72612
3465,FLAGSTAFF,VIC,-37.05000,143.77500
3465,GOLDEN POINT,VIC,-37.09228,143.76268
3465,HAVELOCK,VIC,-36.96047,143.77203
3465,HOMEBUSH,VIC,-37.01986,143.54564
3465,MAJORCA,VIC,-37.12836,143.79049
3465,MARYBOROUGH,VIC,-37.04733,143.74461
3465,MOOLORT,VIC,-37.05099,143.92629
3465,MOONLIGHT FLAT,VIC,-37.05068,143.68192
3465,NATTE YALLOCK,VIC,-36.93654,143.46782
3465,RATHSCAR,VIC,-36.97885,143.56661
3465,RATHSCAR WEST,VIC,-37.01378,143.48751
3465,RODBOROUGH,VIC,-37.10203,143.88282
3465,SIMSON,VIC,-36.99489,143.77489
3465,TIMOR,VIC,-36.98417,143.70917
3465,TIMOR WEST,VIC,-36.96427,143.66983
3465,WAREEK,VIC,-37.01450,143.61118
3467,AVOCA,VIC,-37.06386,143.45542
3467,MOYREISK,VIC,-37.06386,143.45542
3468,AMPHITHEATRE,VIC,-37.18782,143.46825
3468,MOUNT LONARCH,VIC,-37.27091,143.37840
3469,ELMHURST,VIC,-37.18333,143.25000
3469,GLENLOFTY,VIC,-37.12457,143.19684
3469,GLENLOGIE,VIC,-37.23515,143.28305
3469,GLENPATRICK,VIC,-37.13568,143.33920
3469,NOWHERE CREEK,VIC,-37.12411,143.29585
3472,BET BET,VIC,-36.92173,143.75319
3472,BETLEY,VIC,-36.91827,143.79660
3472,BROMLEY,VIC,-36.88578,143.78913
3472,DUNLUCE,VIC,-36.93166,143.60077
3472,DUNOLLY,VIC,-36.85000,143.73333
3472,EDDINGTON,VIC,-36.89840,143.83149
3472,GOLDSBOROUGH,VIC,-36.82075,143.67017
3472,INKERMAN,VIC,-36.79192,143.67728
3472,MCINTYRE,VIC,-36.68719,143.66204
3472,MOLIAGUL,VIC,-36.71761,143.67185
3472,MOUNT HOOGHLY,VIC,-36.90381,143.66340
3475,ARCHDALE,VIC,-36.83450,143.53080
3475,ARCHDALE JUNCTION,VIC,-36.87251,143.51474
3475,BEALIBA,VIC,-36.81393,143.53584
3475,BURKES FLAT,VIC,-36.64604,143.53888
3475,COCHRANES CREEK,VIC,-36.69092,143.58623
3475,EMU,VIC,-36.72259,143.40652
3475,LOGAN,VIC,-36.61737,143.47366
3477,AVON PLAINS,VIC,-36.55080,142.92500
3477,BEAZLEYS BRIDGE,VIC,-36.70200,143.16400
3477,CARAPOOEE,VIC,-36.72020,143.29800
3477,CARAPOOEE WEST,VIC,-36.73250,143.26700
3477,COONOOER BRIDGE,VIC,-36.47120,143.31900
3477,COONOOER WEST,VIC,-36.40770,143.25000
3477,DALYENONG,VIC,-36.82140,143.41400
3477,GOOROC,VIC,-36.48410,143.19300
3477,GOWAR EAST,VIC,-36.57160,143.38000
3477,GRAYS BRIDGE,VIC,-36.61840,142.90000
3477,GRE GRE,VIC,-36.66460,143.14900
3477,GRE GRE NORTH,VIC,-36.56450,143.05500
3477,GRE GRE SOUTH,VIC,-36.66310,143.01200
3477,KOOREH,VIC,-36.64320,143.41500
3477,MARNOO EAST,VIC,-36.66350,142.95900
3477,MOOLERR,VIC,-36.63610,143.16300
3477,MOYREISK,VIC,-36.86660,143.33800
3477,PARADISE,VIC,-36.83170,143.10900
3477,REDBANK,VIC,-36.93600,143.32400
3477,ROSTRON,VIC,-36.78320,143.18000
3477,SLATY CREEK,VIC,-36.57310,143.27100
3477,ST ARNAUD EAST,VIC,-36.61460,143.31400
3477,ST ARNAUD NORTH,VIC,-36.57430,143.21500
3477,STUART MILL,VIC,-36.80570,143.28600
3477,SUTHERLAND,VIC,-36.55860,143.18400
3477,SWANWATER,VIC,-36.53100,143.08700
3477,TOTTINGTON,VIC,-36.76870,143.10300
3477,TRAYNORS LAGOON,VIC,-36.58070,142.98100
3477,WINJALLOK,VIC,-36.80960,143.19000
3477,YORK PLAINS,VIC,-36.58740,142.91700
3478,AVON PLAINS,VIC,-36.55082,142.92466
3478,BEAZLEYS BRIDGE,VIC,-36.70203,143.16362
3478,BERRIMAL WEST,VIC,-36.48960,143.43300
3478,CARAPOOEE,VIC,-36.72017,143.29788
3478,CARAPOOEE WEST,VIC,-36.73247,143.26688
3478,COONOOER BRIDGE,VIC,-36.47115,143.31877
3478,COONOOER WEST,VIC,-36.40769,143.25023
3478,DARKBONEE,VIC,-37.00210,143.28300
3478,DOOBOOBETIC,VIC,-36.38462,143.15924
3478,ELBERTON,VIC,-36.68855,143.23070
3478,GOOROC,VIC,-36.48411,143.19314
3478,GOWAR EAST,VIC,-36.57156,143.38015
3478,GRE GRE,VIC,-36.66456,143.14947
3478,GRE GRE NORTH,VIC,-36.56447,143.05479
3478,GRE GRE SOUTH,VIC,-36.66309,143.01198
3478,KOOREH,VIC,-36.64321,143.41524
3478,MEDLYN,VIC,-36.60209,143.26318
3478,MITCHELLS HILL,VIC,-36.61000,143.00000
3478,MOOLERR,VIC,-36.63606,143.16253
3478,MOONAMBEL,VIC,-36.98798,143.31961
3478,PERCYDALE,VIC,-37.03835,143.40107
3478,SLATY CREEK,VIC,-36.57306,143.27092
3478,ST ARNAUD,VIC,-36.61662,143.26036
3478,ST ARNAUD EAST,VIC,-36.61462,143.31439
3478,ST ARNAUD NORTH,VIC,-36.57432,143.21468
3478,STUART MILL,VIC,-36.80573,143.28611
3478,SUTHERLAND,VIC,-36.54068,143.18969
3478,SWANWATER,VIC,-36.53101,143.08654
3478,TANWOOD,VIC,-37.01666,143.36416
3478,TOTTINGTON,VIC,-36.76874,143.10317
3478,TRAYNORS LAGOON,VIC,-36.58072,142.98110
3478,TULKARA,VIC,-36.95586,143.03498
3478,WARRENMANG,VIC,-37.03227,143.30141
3478,YAWONG HILLS,VIC,-36.48732,143.35108
3480,AREEGRA,VIC,-36.28038,142.70655
3480,BANYENONG,VIC,-36.26099,143.04304
3480,BOOLITE,VIC,-36.34221,142.66637
3480,CARRON,VIC,-36.28386,142.74392
3480,COPE COPE,VIC,-36.45953,142.96423
3480,CORACK,VIC,-36.19896,143.02675
3480,CORACK EAST,VIC,-36.16762,143.10915
3480,DONALD,VIC,-36.36941,142.98196
3480,GIL GIL,VIC,-36.33620,143.07529
3480,JEFFCOTT,VIC,-36.27421,143.13962
3480,JEFFCOTT NORTH,VIC,-36.25060,143.09057
3480,LAEN,VIC,-36.43131,142.81352
3480,LAEN EAST,VIC,-36.39815,142.90225
3480,LAEN NORTH,VIC,-36.35584,142.82530
3480,LAKE BULOKE,VIC,-36.26360,142.97070
3480,LAWLER,VIC,-36.38578,142.75227
3480,LITCHFIELD,VIC,-36.29511,142.81560
3480,RICH AVON,VIC,-36.44499,142.90773
3480,RICH AVON EAST,VIC,-36.47993,142.91843
3480,RICH AVON WEST,VIC,-36.50213,142.80750
3480,SWANWATER WEST,VIC,-36.53584,142.99358
3482,MASSEY,VIC,-36.23325,142.89541
3482,MORTON PLAINS,VIC,-36.08401,142.86681
3482,WARMUR,VIC,-36.08629,142.75496
3482,WATCHEM,VIC,-36.15453,142.86175
3482,WATCHEM WEST,VIC,-36.20082,142.77001
3483,BALLAPUR,VIC,-35.97217,142.75039
3483,BIRCHIP,VIC,-35.98332,142.91456
3483,BIRCHIP WEST,VIC,-36.04368,142.80763
3483,CURYO,VIC,-35.80929,142.76487
3483,JIL JIL,VIC,-35.82188,142.97609
3483,KARYRIE,VIC,-35.97028,142.84165
3483,KINNABULLA,VIC,-35.89276,142.79610
3483,MARLBED,VIC,-35.81512,142.85770
3483,NARRAPORT,VIC,-36.01558,143.05631
3483,REEDY DAM,VIC,-35.94080,142.63806
3483,WHIRILY,VIC,-35.89607,142.97730
3485,BANYAN,VIC,-35.61036,142.81987
3485,WATCHUPGA,VIC,-35.74517,142.64019
3485,WILLANGIE,VIC,-35.75631,142.83842
3485,WOOMELANG,VIC,-35.68333,142.66667
3487,LASCELLES,VIC,-35.55460,142.59591
3488,SPEED,VIC,-35.38972,142.43622
3488,TURRIFF,VIC,-35.49890,142.49400
3488,TURRIFF EAST,VIC,-35.44759,142.58407
3489,TEMPY,VIC,-35.31517,142.40393
3490,BIG DESERT,VIC,-35.62090,141.48500
3490,BOINKA,VIC,-35.20444,141.59291
3490,KULWIN,VIC,-34.98683,142.59362
3490,MITTYACK,VIC,-35.15650,142.65800
3490,MURRAY-SUNSET,VIC,-35.03960,141.72000
3490,OUYEN,VIC,-35.07258,142.31877
3490,TORRITA,VIC,-35.12483,141.93914
3490,TUTYE,VIC,-35.28441,141.49669
3491,PATCHEWOLLOCK,VIC,-35.39494,142.10633
3494,CARWARP,VIC,-34.45932,142.20332
3494,COLIGNAN,VIC,-34.55000,142.38333
3494,IRAAK,VIC,-34.41667,142.31667
3494,NANGILOC,VIC,-34.47417,142.35136
3496,CARDROSS,VIC,-34.30000,142.15000
3496,CULLULLERAINE,VIC,-34.19055,141.61923
3496,LINDSAY POINT,VIC,-34.10000,141.01700
3496,MERINGUR,VIC,-34.38840,141.33543
3496,MERRINEE,VIC,-34.38379,141.69970
3496,MURRAY LOCK NO 9,VIC,-34.39070,141.43100
3496,NEDS CORNER,VIC,-34.27481,141.26347
3496,RED CLIFFS,VIC,-34.30750,142.18806
3496,SUNNYCLIFFS,VIC,-34.28771,142.18633
3496,WERRIMULL,VIC,-34.41151,141.44625
3498,IRYMPLE,VIC,-34.24953,142.15938
3500,MILDURA,VIC,-34.21512,142.11694
3500,MILDURA EAST,VIC,-34.21512,142.11694
3500,MILDURA WEST,VIC,-34.17948,142.15139
3500,PARINGI,NSW,-34.32440,142.35200
3501,HATTAH,VIC,-34.77118,142.38679
3501,KOORLONG,VIC,-34.24794,142.04240
3501,MILDURA CENTRE PLAZA,VIC,-34.20854,142.14014
3501,MILDURA SOUTH,VIC,-34.21346,142.12731
3501,NICHOLS POINT,VIC,-34.20766,142.20185
3502,MILDURA,VIC,-34.20802,142.12455
3505,BIRDWOODTON,VIC,-34.19639,142.05861
3505,CABARITA,VIC,-34.20000,142.08300
3505,MERBEIN,VIC,-34.16133,142.04750
3505,MERBEIN SOUTH,VIC,-34.21880,142.03015
3505,MERBEIN WEST,VIC,-34.16556,142.00833
3505,WARGAN,VIC,-34.19967,141.99391
3505,YELTA,VIC,-34.13721,142.02282
3506,COWANGIE,VIC,-35.17668,141.36799
3507,WALPEUP,VIC,-35.11557,142.06392
3509,LINGA,VIC,-35.16969,141.69679
3509,UNDERBOOL,VIC,-35.17074,141.80804
3512,CARINA,VIC,-35.21416,141.09511
3512,MURRAYVILLE,VIC,-35.26222,141.18333
3512,PANITYA,VIC,-35.23800,140.99100
3515,MARONG,VIC,-36.73333,144.13333
3515,SHELBOURNE,VIC,-36.84700,144.07300
3515,WILSONS HILL,VIC,-36.72841,144.10770
3516,BRIDGEWATER,VIC,-36.60472,143.94056
3516,BRIDGEWATER NORTH,VIC,-36.55477,143.99836
3516,BRIDGEWATER ON LODDON,VIC,-36.60472,143.94056
3516,DERBY,VIC,-36.65935,144.00788
3516,LEICHARDT,VIC,-36.68122,144.11448
3516,YARRABERB,VIC,-36.60484,144.03831
3517,BEARS LAGOON,VIC,-36.34400,143.97489
3517,BRENANAH,VIC,-36.55762,143.69930
3517,BULLABUL,VIC,-36.61600,143.89300
3517,GLENALBYN,VIC,-36.48867,143.71895
3517,INGLEWOOD,VIC,-36.57639,143.86889
3517,JARKLIN,VIC,-36.23916,143.97081
3517,KINGOWER,VIC,-36.60227,143.77852
3517,KURTING,VIC,-36.53816,143.82577
3517,POWLETT PLAINS,VIC,-36.47304,143.84580
3517,RHEOLA,VIC,-36.64645,143.70133
3517,SALISBURY WEST,VIC,-36.50241,143.96979
3517,SERPENTINE,VIC,-36.41135,143.97931
3518,BERRIMAL,VIC,-36.48216,143.50224
3518,BORUNG,VIC,-36.30801,143.80372
3518,FENTONS CREEK,VIC,-36.55624,143.56478
3518,FERNIHURST,VIC,-36.24500,143.87364
3518,FIERY FLAT,VIC,-36.39821,143.79015
3518,KURRACA,VIC,-36.50352,143.61736
3518,KURRACA WEST,VIC,-36.52024,143.55984
3518,MYSIA,VIC,-36.20332,143.77088
3518,NINE MILE,VIC,-36.46121,143.41794
3518,RICHMOND PLAINS,VIC,-36.38666,143.53318
3518,SKINNERS FLAT,VIC,-36.35932,143.59705
3518,WEDDERBURN,VIC,-36.41667,143.61667
3518,WEDDERBURN JUNCTION,VIC,-36.43525,143.68914
3518,WEHLA,VIC,-36.60182,143.64545
3518,WOOLSHED FLAT,VIC,-36.31168,143.67813
3518,WOOSANG,VIC,-36.30568,143.45052
3520,KINYPANIAL,VIC,-36.35330,143.75202
3520,KORONG VALE,VIC,-36.35577,143.69591
3520,SOUTH KINYPANIAL,VIC,-36.35330,143.75200
3521,PYALONG,VIC,-37.09897,144.85112
3522,EMU FLAT,VIC,-37.12213,144.75277
3522,GLENHOPE EAST,VIC,-37.07040,144.70600
3522,TOOBORAC,VIC,-37.08846,144.75541
3523,ARGYLE,VIC,-36.94709,144.72276
3523,COSTERFIELD,VIC,-36.86610,144.78172
3523,DERRINAL,VIC,-36.90512,144.55768
3523,HEATHCOTE,VIC,-36.91667,144.70000
3523,HEATHCOTE SOUTH,VIC,-37.02220,144.70826
3523,KNOWSLEY,VIC,-36.82553,144.58492
3523,LADYS PASS,VIC,-36.82604,144.68630
3523,MOORMBOOL WEST,VIC,-36.83830,144.86109
3523,MOUNT CAMEL,VIC,-36.83115,144.73091
3523,REDCASTLE,VIC,-36.77050,144.76112
3525,BARRAKEE,VIC,-36.29144,143.46665
3525,BUCKRABANYULE,VIC,-36.33916,143.59656
3525,CHARLTON,VIC,-36.26786,143.35105
3525,CHIRRIP,VIC,-36.16750,143.15700
3525,GRANITE FLAT,VIC,-36.19450,143.13424
3525,JEFFCOTT,VIC,-36.27420,143.14000
3525,JEFFCOTT NORTH,VIC,-36.25060,143.09100
3525,LAKE MARMAL,VIC,-36.07615,143.53956
3525,NAREEWILLOCK,VIC,-36.18401,143.42064
3525,TEDDYWADDY,VIC,-36.19867,143.33900
3525,TEDDYWADDY WEST,VIC,-36.19147,143.20749
3525,TERRAPPEE,VIC,-36.15751,143.57472
3525,WOOROONOOK,VIC,-36.26333,143.19971
3525,WYCHITELLA,VIC,-36.24688,143.55038
3525,WYCHITELLA NORTH,VIC,-36.20503,143.62979
3525,YEUNGROON,VIC,-36.37964,143.29248
3525,YEUNGROON EAST,VIC,-36.32943,143.42139
3527,BUNGULUKE,VIC,-36.06796,143.38082
3527,DUMOSA,VIC,-35.94400,143.23315
3527,GLENLOTH,VIC,-36.14151,143.34037
3527,GLENLOTH EAST,VIC,-36.06335,143.44793
3527,JERUK,VIC,-36.01380,143.42600
3527,NINYEUNOOK,VIC,-35.95740,143.42100
3527,TEDDYWADDY,VIC,-36.19870,143.33900
3527,TEDDYWADDY WEST,VIC,-36.19150,143.20700
3527,THALIA,VIC,-36.09178,143.13222
3527,TOWANINNY,VIC,-35.86959,143.31970
3527,TOWANINNY SOUTH,VIC,-35.91389,143.35910
3527,WYCHEPROOF,VIC,-36.07764,143.22712
3527,WYCHEPROOF SOUTH,VIC,-36.13811,143.17970
3529,KALPIENUNG,VIC,-35.83742,143.26313
3529,NULLAWIL,VIC,-35.85085,143.17479
3530,CULGOA,VIC,-35.71785,143.10402
3530,SUTTON,VIC,-35.73290,142.97400
3530,WANGIE,VIC,-35.69180,143.26100
3530,WARNE,VIC,-35.77678,143.10632
3531,BERRIWILLOCK,VIC,-35.63922,142.99092
3531,BOIGBEAT,VIC,-35.56230,142.93647
3531,SPRINGFIELD,VIC,-35.65129,142.91704
3533,BIMBOURIE,VIC,-35.31204,142.76915
3533,LAKE TYRRELL,VIC,-35.34799,142.83217
3533,MITTYACK,VIC,-35.15645,142.65796
3533,MYALL,VIC,-35.53650,142.75600
3533,NANDALY,VIC,-35.30902,142.70039
3533,NINDA,VIC,-35.44222,142.72470
3533,NYARRIN,VIC,-35.38806,142.68588
3533,PIER MILAN,VIC,-35.23730,142.69200
3533,SEA LAKE,VIC,-35.50554,142.85269
3533,STRATEN,VIC,-35.37970,142.57600
3533,TYENNA,VIC,-35.30470,142.61500
3533,TYRRELL,VIC,-35.45469,142.96282
3533,TYRRELL DOWNS,VIC,-35.32154,142.94054
3537,BARRAPORT,VIC,-36.03074,143.69659
3537,BARRAPORT WEST,VIC,-36.01760,143.53446
3537,BOORT,VIC,-36.11696,143.72505
3537,CANARY ISLAND,VIC,-36.01047,143.87334
3537,CATUMNAL,VIC,-36.07632,143.61833
3537,GREDGWIN,VIC,-35.97287,143.62448
3537,LEAGHUR,VIC,-35.98334,143.79490
3537,MINMINDIE,VIC,-36.02977,143.74624
3537,YANDO,VIC,-36.08882,143.80033
3540,CANNIE,VIC,-35.75460,143.44418
3540,NINYEUNOOK,VIC,-35.95739,143.42133
3540,OAKVALE,VIC,-35.93007,143.54326
3540,QUAMBATOOK,VIC,-35.84994,143.52333
3542,COKUM,VIC,-35.75468,143.25686
3542,LALBERT,VIC,-35.67327,143.37407
3542,TITTYBONG,VIC,-35.75270,143.36300
3542,TITYBONG,VIC,-35.75270,143.36342
3544,CHINANGIN,VIC,-35.52358,143.18317
3544,GOWANFORD,VIC,-35.41919,143.19224
3544,MURNUNGIN,VIC,-35.65067,143.28599
3544,SPRINGFIELD,VIC,-35.57470,143.11400
3544,ULTIMA,VIC,-35.47430,143.26081
3544,ULTIMA EAST,VIC,-35.43990,143.40329
3544,WAITCHIE,VIC,-35.37235,143.12916
3546,BOLTON,VIC,-34.96795,142.87992
3546,CHINKAPOOK,VIC,-35.19099,142.94806
3546,COCAMBA,VIC,-35.11694,142.89455
3546,GERAHMIN,VIC,-35.17251,142.79978
3546,MANANGATANG,VIC,-35.04459,142.88252
3546,TUROAR,VIC,-35.15461,143.13506
3546,WINNAMBOOL,VIC,-34.96052,142.76756
3549,ANNUELLO,VIC,-34.90694,142.86769
3549,BANNERTON,VIC,-34.67927,142.84307
3549,HAPPY VALLEY,VIC,-34.66310,142.71851
3549,LIPAROO,VIC,-34.78349,142.55637
3549,ROBINVALE,VIC,-34.58851,142.77755
3549,ROBINVALE IRRIGATION DISTRICT SECTION B,VIC,-34.61750,142.78472
3549,ROBINVALE IRRIGATION DISTRICT SECTION C,VIC,-34.62083,142.72917
3549,ROBINVALE IRRIGATION DISTRICT SECTION D,VIC,-34.63778,142.75694
3549,ROBINVALE IRRIGATION DISTRICT SECTION E,VIC,-34.66556,142.75861
3549,TOL TOL,VIC,-34.64978,142.84738
3549,WANDOWN,VIC,-34.82232,142.94276
3549,WEMEN,VIC,-34.77225,142.65234
3550,BENDIGO,VIC,-36.76427,144.27860
3550,BENDIGO SOUTH,VIC,-36.77649,144.29829
3550,DIAMOND HILL,VIC,-36.82279,144.26983
3550,EAST BENDIGO,VIC,-36.74301,144.31939
3550,FLORA HILL,VIC,-36.77931,144.29481
3550,IRONBARK,VIC,-36.75552,144.26341
3550,KENNINGTON,VIC,-36.76894,144.30573
3550,LONG GULLY,VIC,-36.74257,144.25658
3550,NORTH BENDIGO,VIC,-36.73596,144.27842
3550,QUARRY HILL,VIC,-36.76667,144.28333
3550,SANDHURST EAST,VIC,-36.73040,144.26300
3550,SPRING GULLY,VIC,-36.79768,144.28662
3550,STRATHDALE,VIC,-36.76328,144.31666
3550,TYSONS REEF,VIC,-36.74580,144.28900
3550,WEST BENDIGO,VIC,-36.75293,144.24566
3550,WHITE HILLS,VIC,-36.73333,144.30000
3551,ARNOLD,VIC,-36.67236,143.81865
3551,ARNOLD WEST,VIC,-36.68482,143.78163
3551,ASCOT,VIC,-36.71111,144.33246
3551,AXE CREEK,VIC,-36.83636,144.39387
3551,AXEDALE,VIC,-36.77687,144.50401
3551,BAGSHOT,VIC,-36.67367,144.38703
3551,BAGSHOT NORTH,VIC,-36.59946,144.42635
3551,BENDIGO FORWARD,VIC,-36.75700,144.27900
3551,CORNELLA,VIC,-36.71268,144.77232
3551,CREEK VIEW,VIC,-36.69750,144.32800
3551,EMU CREEK,VIC,-36.84852,144.35218
3551,EPPALOCK,VIC,-36.85125,144.45610
3551,EPSOM,VIC,-36.70000,144.31667
3551,HUNTLY,VIC,-36.66493,144.32895
3551,HUNTLY NORTH,VIC,-36.61730,144.33544
3551,JUNORTOUN,VIC,-36.77782,144.37952
3551,KIMBOLTON,VIC,-36.92569,144.53071
3551,LAKE EPPALOCK,VIC,-36.87320,144.56800
3551,LLANELLY,VIC,-36.72685,143.81661
3551,LOCKWOOD,VIC,-36.81548,144.16110
3551,LOCKWOOD SOUTH,VIC,-36.85475,144.16246
3551,LONGLEA,VIC,-36.75512,144.42327
3551,MAIDEN GULLY,VIC,-36.74300,144.20900
3551,MANDURANG,VIC,-36.81884,144.31292
3551,MANDURANG SOUTH,VIC,-36.85651,144.27481
3551,MINTO,VIC,-34.02646,150.85070
3551,MOSQUITO CREEK,VIC,-36.85000,144.48000
3551,MURPHYS CREEK,VIC,-36.72961,143.79185
3551,MYOLA,VIC,-36.61349,144.69145
3551,MYOLA EAST,VIC,-36.65880,144.71003
3551,MYRTLE CREEK,VIC,-36.93580,144.40400
3551,NEWBRIDGE,VIC,-36.77282,143.90857
3551,PAINSWICK,VIC,-36.78900,143.74415
3551,PILCHERS BRIDGE,VIC,-36.93748,144.37131
3551,SEDGWICK,VIC,-36.87995,144.31188
3551,STRATHFIELDSAYE,VIC,-36.80000,144.36667
3551,TARNAGULLA,VIC,-36.76704,143.82747
3551,TOOLLEEN,VIC,-36.74081,144.69605
3551,WAANYARRA,VIC,-36.83084,143.84716
3551,WELLSFORD,VIC,-36.68859,144.39011
3551,WOODSTOCK ON LODDON,VIC,-36.77060,143.98713
3552,BENDIGO,VIC,-36.76427,144.27860
3554,BENDIGO DC,VIC,-36.75700,144.27900
3555,BIG HILL,VIC,-36.83357,144.23944
3555,GOLDEN GULLY,VIC,-36.79014,144.26477
3555,GOLDEN SQUARE,VIC,-36.76667,144.25000
3555,KANGAROO FLAT,VIC,-36.78333,144.23333
3555,LANSELL PLAZA,VIC,-36.81041,144.24242
3555,SPECIMEN HILL,VIC,-36.76600,144.24861
3556,CALIFORNIA GULLY,VIC,-36.73031,144.26204
3556,CAMPBELLS FOREST,VIC,-36.59851,144.11510
3556,COMET HILL,VIC,-36.64780,144.19400
3556,EAGLEHAWK,VIC,-36.71667,144.25000
3556,EAGLEHAWK NORTH,VIC,-36.69072,144.25658
3556,JACKASS FLAT,VIC,-36.71667,144.28333
3556,MYERS FLAT,VIC,-36.71005,144.18291
3556,SAILORS GULLY,VIC,-36.70346,144.23202
3556,SEBASTIAN,VIC,-36.59371,144.20780
3556,WHIPSTICK,VIC,-36.65135,144.27791
3556,WOODVALE,VIC,-36.67483,144.21224
3557,BARNADOWN,VIC,-36.65587,144.51530
3557,FOSTERVILLE,VIC,-36.69674,144.49922
3557,GOORNONG,VIC,-36.64325,144.49306
3557,MUSKERRY,VIC,-36.70916,144.52945
3557,MUSKERRY EAST,VIC,-36.67670,144.62136
3558,BURNEWANG,VIC,-36.48592,144.62850
3558,COROP WEST,VIC,-36.48036,144.78584
3558,CREEK VIEW,VIC,-36.69752,144.32823
3558,ELMORE,VIC,-36.49679,144.60879
3558,HUNTER,VIC,-36.41800,144.53054
3558,RUNNYMEDE,VIC,-36.51920,144.62400
3559,AVONMORE,VIC,-36.53818,144.53345
3559,BURRAMBOOT,VIC,-36.53260,144.78600
3559,COLBINABBIN,VIC,-36.60835,144.77245
3559,COROP,VIC,-36.48036,144.78584
3559,GOBARUP,VIC,-36.68040,144.91900
3559,LYNDALE,VIC,-36.54300,144.82900
3559,MAYREEF,VIC,-36.52110,144.48800
3559,RUNNYMEDE,VIC,-36.51921,144.62389
3561,BALLENDELLA,VIC,-36.30324,144.64469
3561,BAMAWM,VIC,-36.26158,144.59716
3561,BAMAWM EXTENSION,VIC,-36.21172,144.60697
3561,BONN,VIC,-36.40990,144.73300
3561,DIGGORA,VIC,-36.35085,144.58551
3561,DIGGORA WEST,VIC,-36.35452,144.50504
3561,FAIRY DELL,VIC,-36.33509,144.74601
3561,NANNEELLA,VIC,-36.31958,144.77760
3561,ROCHESTER,VIC,-36.36667,144.70000
3561,ROCHESTER WEST,VIC,-36.36667,144.70000
3561,THE SETTLEMENT,VIC,-36.40678,144.57639
3561,TIMMERING,VIC,-36.37123,144.85421
3562,TORRUMBARRY,VIC,-36.04719,144.54372
3563,LOCKINGTON,VIC,-36.26062,144.49990
3564,BAMAWM EXTENSION,VIC,-36.21170,144.60700
3564,CAMPASPE WEST,VIC,-36.12072,144.74519
3564,ECHUCA,VIC,-36.14595,144.74480
3564,ECHUCA EAST,VIC,-36.14595,144.74480
3564,ECHUCA SOUTH,VIC,-36.14038,144.74686
3564,ECHUCA VILLAGE,VIC,-36.14929,144.81813
3564,ECHUCA WEST,VIC,-36.17312,144.69129
3564,KANYAPELLA,VIC,-36.10915,144.87003
3564,MCEVOYS,VIC,-36.11498,144.63143
3564,PATHO,VIC,-35.98901,144.42669
3564,PATHO WEST,VIC,-35.98901,144.42669
3564,ROSLYNMEAD,VIC,-36.13184,144.55548
3564,SIMMIE,VIC,-36.14541,144.74788
3564,WHARPARILLA,VIC,-36.09007,144.65818
3565,KOTTA,VIC,-36.18625,144.53276
3566,GUNBOWER,VIC,-35.95539,144.35765
3567,HORFIELD,VIC,-35.87957,144.22451
3567,LEITCHVILLE,VIC,-35.90652,144.30164
3568,BURKES BRIDGE,VIC,-35.85448,144.32451
3568,COHUNA,VIC,-35.81491,144.20951
3568,CULLEN,VIC,-35.79716,144.15953
3568,DALTONS BRIDGE,VIC,-35.82847,144.28998
3568,GANNAWARRA,VIC,-35.80212,144.21565
3568,KEELY,VIC,-35.85433,144.24293
3568,MACORNA NORTH,VIC,-35.85827,144.10697
3568,MCMILLANS,VIC,-35.85443,144.17541
3568,MEAD,VIC,-35.81256,144.12024
3568,MINCHA WEST,VIC,-35.89110,144.14099
3568,WEE WEE RUP,VIC,-35.86480,144.30121
3570,AUCHMORE,VIC,-36.43780,144.13737
3570,DRUMMARTIN,VIC,-36.43049,144.41130
3570,KAMAROOKA,VIC,-36.48738,144.38484
3570,NEILBOROUGH,VIC,-36.58447,144.24089
3570,RAYWOOD,VIC,-36.54417,144.18905
3570,SUMMERFIELD,VIC,-36.43780,144.13737
3571,DINGEE,VIC,-36.38723,144.20678
3571,KAMAROOKA NORTH,VIC,-36.40403,144.31375
3571,POMPAPIEL,VIC,-36.34291,144.09209
3571,TANDARRA,VIC,-36.43702,144.22690
3571,YALLOOK,VIC,-36.40030,144.21100
3572,MILLOO,VIC,-36.33898,144.38703
3572,PIAVELLA,VIC,-36.31473,144.32486
3572,PRAIRIE,VIC,-36.29833,144.23304
3572,TENNYSON,VIC,-36.31882,144.44164
3573,CALIVIL,VIC,-36.28930,144.09773
3573,MITIAMO,VIC,-36.21571,144.23796
3573,PINE GROVE,VIC,-36.22524,144.46883
3573,PINE GROVE EAST,VIC,-36.22524,144.46883
3573,TERRICK TERRICK EAST,VIC,-36.06368,144.33900
3575,BALD ROCK,VIC,-36.07650,144.12800
3575,GLADFIELD,VIC,-36.08274,143.94275
3575,JUNGABURRA,VIC,-36.07526,144.29525
3575,LODDON VALE,VIC,-35.98104,143.98824
3575,MINCHA,VIC,-36.00151,144.02863
3575,MOLOGA,VIC,-36.15134,144.18121
3575,PYRAMID HILL,VIC,-36.05568,144.13418
3575,SYLVATERRE,VIC,-36.08730,144.23807
3575,TERRICK TERRICK,VIC,-36.08317,144.28497
3575,YARRAWALLA,VIC,-36.13052,144.06743
3576,DURHAM OX,VIC,-36.14154,143.93240
3579,APPIN,VIC,-35.88472,143.85225
3579,APPIN SOUTH,VIC,-35.91373,143.88317
3579,BAEL BAEL,VIC,-35.71565,143.75096
3579,BEAUCHAMP,VIC,-35.61196,143.59896
3579,BENJEROOP,VIC,-35.49887,143.82886
3579,BUDGERUM EAST,VIC,-35.77020,143.65184
3579,CAPELS CROSSING,VIC,-35.61962,143.91236
3579,DINGWALL,VIC,-35.79747,143.86515
3579,EAST YEOBURN,VIC,-35.71100,144.00100
3579,FAIRLEY,VIC,-35.68566,143.79676
3579,GONN CROSSING,VIC,-35.50758,143.92697
3579,KERANG,VIC,-35.74096,143.92619
3579,KERANG EAST,VIC,-35.77249,144.03816
3579,KOROOP,VIC,-35.73378,144.01963
3579,LAKE MERAN,VIC,-35.87105,143.81118
3579,MACORNA,VIC,-35.94177,143.94101
3579,MEERING WEST,VIC,-35.90620,143.72762
3579,MILNES BRIDGE,VIC,-35.80885,144.09325
3579,MURRABIT,VIC,-35.52503,143.95400
3579,MURRABIT WEST,VIC,-35.50397,143.88450
3579,MYALL,VIC,-35.58799,144.01775
3579,MYSTIC PARK,VIC,-35.58357,143.75827
3579,NORMANVILLE,VIC,-35.80910,143.75977
3579,PINE VIEW,VIC,-35.80866,143.66479
3579,REEDY LAKE,VIC,-35.68434,143.86328
3579,SANDHILL LAKE,VIC,-35.73860,143.68944
3579,TEAL POINT,VIC,-35.67092,144.08790
3579,TRAGOWEL,VIC,-35.85627,144.00693
3579,WANDELLA,VIC,-35.75759,143.85293
3579,WESTBY,VIC,-35.63349,143.94724
3580,KOONDROOK,VIC,-35.64457,144.11749
3581,BEAUCHAMP,VIC,-35.60260,143.80200
3581,LAKE CHARM,VIC,-35.60260,143.80202
3583,TRESCO,VIC,-35.51360,143.68270
3584,LAKE BOGA,VIC,-35.43345,143.62113
3584,TRESCO WEST,VIC,-35.48076,143.63106
3585,CASTLE DONNINGTON,VIC,-35.41857,143.60447
3585,CHILLINGOLLAH,VIC,-35.26275,143.05292
3585,FISH POINT,VIC,-35.43125,143.70615
3585,GOSCHEN,VIC,-35.47283,143.45621
3585,KUNAT,VIC,-35.51401,143.53798
3585,MEATIAN,VIC,-35.57360,143.34021
3585,NOWIE,VIC,-35.36929,143.27150
3585,NYRRABY,VIC,-35.22162,143.22383
3585,PIRA,VIC,-35.25417,143.36528
3585,POLISBET,VIC,-35.29077,143.12768
3585,SPEEWA,VIC,-35.22027,143.51758
3585,SWAN HILL,VIC,-35.33963,143.55248
3585,SWAN HILL PIONEER,VIC,-35.34760,143.56400
3585,SWAN HILL WEST,VIC,-35.37849,143.44092
3585,WINLATON,VIC,-35.48285,143.75155
3586,BULGA,VIC,-35.30482,143.34508
3586,MALLAN,NSW,-35.12438,143.69235
3586,MURRAWEE,VIC,-35.29833,143.51806
3586,MURRAYDALE,VIC,-35.28750,143.55833
3586,PENTAL ISLAND,VIC,-35.39850,143.65730
3586,TYNTYNDER,VIC,-35.23967,143.55274
3586,TYNTYNDER SOUTH,VIC,-35.28694,143.51806
3586,ULTIMA EAST,VIC,-35.43990,143.40300
3588,WOORINEN SOUTH,VIC,-35.29728,143.44461
3589,WOORINEN,VIC,-35.28167,143.46556
3589,WOORINEN NORTH,VIC,-35.24736,143.44554
3590,BEVERFORD,VIC,-35.22859,143.46623
3591,VINIFERA,VIC,-35.20593,143.40141
3594,NYAH,VIC,-35.15269,143.35822
3595,NYAH WEST,VIC,-35.18325,143.33664
3596,MIRALIE,VIC,-35.12790,143.32302
3596,TOWAN,VIC,-35.17076,143.19038
3596,WOOD WOOD,VIC,-35.11333,143.34944
3597,KENLEY,VIC,-34.87083,143.33293
3597,KOOLOONONG,VIC,-34.87192,143.14050
3597,LAKE POWELL,VIC,-34.71498,142.90407
3597,NARRUNG,VIC,-34.79036,143.23659
3597,NATYA,VIC,-34.89358,143.31235
3597,PIANGIL,VIC,-35.07393,143.33008
3599,BOUNDARY BEND,VIC,-34.75075,143.11040
3607,TABILK,VIC,-36.83782,145.17070
3608,BAILIESTON,VIC,-36.76507,145.05416
3608,GOULBURN WEIR,VIC,-36.72911,145.17898
3608,GRAYTOWN,VIC,-36.85260,144.92887
3608,KIRWANS BRIDGE,VIC,-36.73734,145.13669
3608,MITCHELLSTOWN,VIC,-36.81161,145.06932
3608,NAGAMBIE,VIC,-36.78023,145.15283
3608,WAHRING,VIC,-36.71145,145.26771
3608,WIRRATE,VIC,-36.77043,144.98204
3610,DHURRINGILE,VIC,-36.51691,145.24318
3610,MOORILIM,VIC,-36.61506,145.29154
3610,MURCHISON,VIC,-36.61667,145.21667
3610,MURCHISON EAST,VIC,-36.62034,145.25907
3610,MURCHISON NORTH,VIC,-36.56325,145.25907
3612,MOORA,VIC,-36.58991,144.94294
3612,RUSHWORTH,VIC,-36.62652,145.06726
3612,WANALTA,VIC,-36.61985,144.92437
3612,WARANGA,VIC,-36.53309,145.06215
3612,WARANGA SHORES,VIC,-36.53160,145.06900
3612,WHROO,VIC,-36.70980,145.03073
3614,TOOLAMBA,VIC,-36.49994,145.33578
3614,TOOLAMBA WEST,VIC,-36.48412,145.26460
3616,COOMA,VIC,-36.41898,145.06071
3616,GILLIESTON,VIC,-36.34257,145.21246
3616,GIRGARRE EAST,VIC,-36.43999,145.06036
3616,HARSTON,VIC,-36.46779,145.09552
3616,MOOROOPNA NORTH WEST,VIC,-36.35513,145.24696
3616,TATURA,VIC,-36.43666,145.23283
3616,TATURA EAST,VIC,-36.43791,145.29776
3616,TOOLAMBA WEST,VIC,-36.46440,145.16800
3616,WARANGA,VIC,-36.49270,145.06900
3617,BYRNESIDE,VIC,-36.40054,145.17070
3618,MERRIGUM,VIC,-36.36240,145.17070
3619,KYABRAM,VIC,-36.31394,145.04681
3620,KYABRAM,VIC,-36.31394,145.04681
3620,KYABRAM SOUTH,VIC,-36.37902,145.07208
3620,LANCASTER,VIC,-36.30000,145.11667
3620,MOUNT SCOBIE,VIC,-36.35056,144.97278
3620,ST GERMAINS,VIC,-36.18024,145.14743
3620,TARIPTA,VIC,-36.26000,145.05000
3620,WYUNA,VIC,-36.19904,145.06510
3620,WYUNA EAST,VIC,-36.23695,145.10276
3621,KOYUGA SOUTH,VIC,-36.23318,144.98321
3621,KY VALLEY,VIC,-36.28368,145.01086
3621,KY WEST,VIC,-36.29901,144.96489
3621,KYVALLEY,VIC,-36.28370,145.01100
3621,TONGALA,VIC,-36.24557,144.95779
3621,YAMBUNA,VIC,-36.12448,144.98012
3622,CORNELIA CREEK,VIC,-36.24663,144.83589
3622,KOYUGA,VIC,-36.23426,144.90269
3622,STRATHALLAN,VIC,-36.24500,144.81847
3623,CARAG CARAG,VIC,-36.45697,144.92368
3623,STANHOPE,VIC,-36.43885,144.98835
3623,STANHOPE SOUTH,VIC,-36.49170,145.04102
3624,GIRGARRE,VIC,-36.40314,144.95017
3629,ARDMONA,VIC,-36.38333,145.30000
3629,COOMBOONA,VIC,-36.25620,145.26252
3629,MOOROOPNA,VIC,-36.38333,145.35000
3629,MOOROOPNA NORTH,VIC,-36.33017,145.30294
3629,UNDERA,VIC,-36.23526,145.22709
3630,BENARCH,VIC,-36.46160,145.55800
3630,BRANDITT,VIC,-36.36019,145.40197
3630,CANIAMBO,VIC,-36.45728,145.61970
3630,COLLIVER,VIC,-36.40169,145.40130
3630,DUNKIRK,VIC,-36.36957,145.40895
3630,SHEPPARTON,VIC,-36.38333,145.40000
3630,SHEPPARTON SOUTH,VIC,-36.38333,145.40000
3631,ARCADIA,VIC,-36.53159,145.34569
3631,ARCADIA SOUTH,VIC,-36.57358,145.35205
3631,BRANDITT,VIC,-36.53159,145.34569
3631,COSGROVE,VIC,-36.35731,145.62109
3631,COSGROVE SOUTH,VIC,-36.42333,145.64745
3631,GRAHAMVALE,VIC,-36.35000,145.43333
3631,KARRAMOMUS,VIC,-36.52649,145.46412
3631,KIALLA,VIC,-36.44100,145.43000
3631,KIALLA EAST,VIC,-36.45943,145.47766
3631,KIALLA WEST,VIC,-36.47374,145.39180
3631,LEMNOS,VIC,-36.35000,145.46667
3631,ORRVALE,VIC,-36.41267,145.45270
3631,PINE LODGE,VIC,-36.35006,145.55869
3631,SHEPPARTON EAST,VIC,-36.38833,145.48040
3631,SHEPPARTON NORTH,VIC,-36.32999,145.40084
3631,TAMLEUGH WEST,VIC,-36.54840,145.53100
3632,SHEPPARTON,VIC,-36.38333,145.40000
3633,CONGUPNA,VIC,-36.29271,145.48040
3634,BUNBARTHA,VIC,-36.24091,145.35376
3634,INVERGORDON SOUTH,VIC,-36.14530,145.59100
3634,KATANDRA,VIC,-36.20814,145.60199
3634,KATANDRA WEST,VIC,-36.22601,145.56908
3634,MARIONVALE,VIC,-36.25820,145.55255
3634,MARUNGI,VIC,-36.19389,145.53139
3634,TALLYGAROOPNA,VIC,-36.24560,145.42410
3634,ZEERUST,VIC,-36.27020,145.39733
3635,KAARIMBA,VIC,-36.13998,145.29431
3635,MUNDOONA,VIC,-36.17484,145.35652
3635,WUNGHNU,VIC,-36.15763,145.42432
3636,DRUMANURE,VIC,-36.14803,145.49459
3636,INVERGORDON,VIC,-36.13140,145.60236
3636,NARING,VIC,-36.07114,145.57394
3636,NUMURKAH,VIC,-36.08834,145.44232
3637,WAAIA,VIC,-36.05492,145.31228
3637,YALCA,VIC,-35.92500,145.33306
3638,KOTUPNA,VIC,-36.14833,145.13344
3638,NATHALIA,VIC,-36.05833,145.20361
3638,YIELIMA,VIC,-35.92375,145.19071
3639,BARMAH,VIC,-36.01750,144.96528
3639,LOWER MOIRA,VIC,-36.06325,145.02506
3639,PICOLA,VIC,-36.01136,145.13241
3639,PICOLA WEST,VIC,-35.96690,145.06691
3640,KATUNGA,VIC,-36.01116,145.46932
3641,BEARII,VIC,-35.90000,145.33333
3641,MYWEE,VIC,-35.85133,145.51053
3641,STRATHMERTON,VIC,-35.94019,145.47624
3641,ULUPNA,VIC,-35.83548,145.45311
3643,COBRAM,VIC,-35.96667,145.65000
3644,BAROOGA,NSW,-35.90508,145.69425
3644,COBRAM,VIC,-35.96667,145.65000
3644,COBRAM EAST,VIC,-35.96893,145.71409
3644,KOONOOMOO,VIC,-35.88868,145.57500
3644,LALALTY,NSW,-35.80122,145.76288
3644,MUCKATAH,VIC,-36.00079,145.61970
3644,YARROWEYAH,VIC,-35.93333,145.55000
3646,DOOKIE,VIC,-36.31175,145.71045
3646,MOUNT MAJOR,VIC,-36.36454,145.70471
3646,NALINGA,VIC,-36.43513,145.73040
3646,WAGGARANDALL,VIC,-36.25194,145.80056
3646,WATTVILLE,VIC,-36.24745,145.70404
3646,YABBA NORTH,VIC,-36.21639,145.68972
3646,YABBA SOUTH,VIC,-36.28244,145.69501
3646,YOUANMITE,VIC,-36.18391,145.68076
3647,DOOKIE COLLEGE,VIC,-36.39694,145.69673
3649,KATAMATITE,VIC,-36.05278,145.68354
3649,KATAMATITE EAST,VIC,-36.01103,145.74846
3658,BROADFORD,VIC,-37.21105,145.06309
3658,CLONBINANE,VIC,-37.21105,145.06309
3658,FLOWERDALE,VIC,-37.31906,145.32887
3658,HAZELDENE,VIC,-37.36327,145.27893
3658,REEDY CREEK,VIC,-37.26525,145.14862
3658,STRATH CREEK,VIC,-37.23650,145.22120
3658,SUGARLOAF CREEK,VIC,-37.13390,145.03800
3658,SUNDAY CREEK,VIC,-37.24415,145.04383
3658,TYAAK,VIC,-37.22097,145.14310
3658,WATERFORD PARK,VIC,-37.30066,145.06657
3659,SUGARLOAF CREEK,VIC,-37.13388,145.03831
3659,TALLAROOK,VIC,-37.11263,145.11551
3660,CAVEAT,VIC,-37.05574,145.48247
3660,DROPMORE,VIC,-37.03404,145.41644
3660,DYSART,VIC,-37.04348,145.10327
3660,HIGHLANDS,VIC,-37.10170,145.39279
3660,HILLDENE,VIC,-37.03950,145.03800
3660,KERRISDALE,VIC,-37.17618,145.25424
3660,KOBYBOYN,VIC,-37.04606,145.22792
3660,NORTHWOOD,VIC,-36.94826,145.10448
3660,SEYMOUR,VIC,-37.01608,145.16199
3660,SEYMOUR SOUTH,VIC,-37.02915,145.14460
3660,TRAWOOL,VIC,-37.10894,145.21556
3660,WHITEHEADS CREEK,VIC,-37.02667,145.25769
3661,SEYMOUR,VIC,-37.01608,145.16199
3662,PUCKAPUNYAL,VIC,-36.95140,144.91700
3662,PUCKAPUNYAL MILPO,VIC,-36.99760,145.02600
3663,MANGALORE,VIC,-36.93833,145.15966
3664,AVENEL,VIC,-36.90000,145.23333
3664,UPTON HILL,VIC,-36.88730,145.40900
3665,LOCKSLEY,VIC,-36.85205,145.33993
3665,LONGWOOD,VIC,-36.84882,145.40806
3665,PRANJIP,VIC,-36.71918,145.35549
3666,BALMATTUM,VIC,-36.71320,145.65439
3666,CREIGHTON,VIC,-36.77423,145.49163
3666,CREIGHTONS CREEK,VIC,-36.85677,145.53374
3666,EUROA,VIC,-36.75000,145.56667
3666,GOORAM,VIC,-36.91075,145.60028
3666,KELVIN VIEW,VIC,-36.82132,145.66827
3666,KITHBROOK,VIC,-36.81474,145.73909
3666,LONGWOOD EAST,VIC,-36.85240,145.45100
3666,MIEPOLL,VIC,-36.67386,145.48386
3666,MOGLONEMBY,VIC,-36.69019,145.55973
3666,MOLKA,VIC,-36.69683,145.36517
3666,PRANJIP,VIC,-36.71920,145.35500
3666,RIGGS CREEK,VIC,-36.66910,145.59162
3666,RUFFY,VIC,-36.92627,145.50325
3666,SHEANS CREEK,VIC,-36.77238,145.63767
3666,STRATHBOGIE,VIC,-36.87943,145.71131
3666,TARCOMBE,VIC,-37.02512,145.36240
3669,BOHO,VIC,-36.67876,145.77521
3669,BOHO SOUTH,VIC,-36.79725,145.79296
3669,CREEK JUNCTION,VIC,-36.81887,145.81387
3669,EARLSTON,VIC,-36.53700,145.69187
3669,GOWANGARDIE,VIC,-36.49625,145.72713
3669,KOONDA,VIC,-36.49566,145.74464
3669,MARRAWEENEY,VIC,-36.76030,145.74742
3669,TAMLEUGH,VIC,-36.57644,145.57532
3669,TAMLEUGH NORTH,VIC,-36.51980,145.58087
3669,UPOTIPOTPON,VIC,-36.52490,145.76800
3669,VIOLET TOWN,VIC,-36.63720,145.71411
3670,BADDAGINNIE,VIC,-36.59863,145.87393
3670,TARNOOK,VIC,-36.54408,145.87378
3670,WARRENBAYNE,VIC,-36.68012,145.93829
3671,BENALLA,VIC,-36.54622,145.96335
3672,BENALLA,VIC,-36.61817,145.98042
3672,BENALLA WEST,VIC,-36.55563,145.97330
3673,BENALLA,VIC,-36.54620,145.96300
3673,BROKEN CREEK,VIC,-36.43241,145.88610
3673,GOOMALIBEE,VIC,-36.49551,145.87671
3673,KILFEERA,VIC,-36.61150,146.11300
3673,LAKE MOKOAN,VIC,-36.46410,146.02100
3673,LIMA,VIC,-36.75003,145.95048
3673,LIMA EAST,VIC,-36.77960,145.96440
3673,LIMA SOUTH,VIC,-36.82093,146.00410
3673,LURG,VIC,-36.58282,146.16236
3673,MOLYULLAH,VIC,-36.70848,146.17353
3673,MOORNGAG,VIC,-36.72335,146.04521
3673,SAMARIA,VIC,-36.80906,146.07030
3673,SWANPOOL,VIC,-36.76250,145.99945
3673,TATONG,VIC,-36.71265,146.10098
3673,UPOTIPOTPON,VIC,-36.52487,145.76826
3673,UPPER LURG,VIC,-36.56937,146.18269
3673,UPPER RYANS CREEK,VIC,-36.63863,146.19316
3673,WINTON,VIC,-36.51792,146.08432
3673,WINTON NORTH,VIC,-36.47005,146.13818
3675,BOWEYA,VIC,-36.21596,146.12656
3675,BOWEYA NORTH,VIC,-36.21596,146.12656
3675,GLENROWAN,VIC,-36.44688,146.23217
3675,GLENROWAN WEST,VIC,-36.54612,146.15307
3675,GRETA,VIC,-36.55868,146.26290
3675,GRETA SOUTH,VIC,-36.63138,146.23915
3675,GRETA WEST,VIC,-36.52194,146.22688
3675,HANSONVILLE,VIC,-36.59286,146.25731
3675,MOUNT BRUNO,VIC,-36.32091,146.15500
3675,TAMINICK,VIC,-36.40309,146.16655
3676,WANGARATTA,VIC,-36.36828,146.31721
3677,APPIN PARK,VIC,-36.34289,146.30026
3677,WANGARATTA,VIC,-36.37424,146.32648
3677,WANGARATTA WEST,VIC,-36.35412,146.30444
3677,YARRUNGA,VIC,-36.37181,146.31775
3678,BOBINAWARRAH,VIC,-36.51198,146.47829
3678,BOORHAMAN,VIC,-36.23197,146.30482
3678,BOORHAMAN EAST,VIC,-36.15029,146.29329
3678,BOWSER,VIC,-36.30639,146.36284
3678,BYAWATHA,VIC,-36.28729,146.47306
3678,CARBOOR,VIC,-36.60234,146.51331
3678,CHESHUNT,VIC,-36.79818,146.42790
3678,CHESHUNT SOUTH,VIC,-36.92150,146.42201
3678,DOCKER,VIC,-36.52622,146.38312
3678,DOCKERS PLAINS,VIC,-36.29457,146.33853
3678,EAST WANGARATTA,VIC,-36.35896,146.38544
3678,EDI,VIC,-36.63876,146.41939
3678,EDI UPPER,VIC,-36.71812,146.46989
3678,EVERTON,VIC,-36.42749,146.53432
3678,EVERTON UPPER,VIC,-36.39720,146.54133
3678,KILLAWARRA,VIC,-36.26430,146.24753
3678,KING VALLEY,VIC,-36.69472,146.40167
3678,LACEBY,VIC,-36.43400,146.31600
3678,LONDRIGAN,VIC,-36.33790,146.43713
3678,MARKWOOD,VIC,-36.46954,146.50560
3678,MEADOW CREEK,VIC,-36.61366,146.46569
3678,MILAWA,VIC,-36.43333,146.43333
3678,NORTH WANGARATTA,VIC,-36.32856,146.36634
3678,OXLEY,VIC,-36.43494,146.35541
3678,OXLEY FLATS,VIC,-36.39849,146.39575
3678,PEECHELBA,VIC,-36.20000,146.23333
3678,PEECHELBA EAST,VIC,-36.17549,146.25696
3678,ROSE RIVER,VIC,-36.83525,146.57952
3678,TARRAWINGEE,VIC,-36.39000,146.44972
3678,WABONGA,VIC,-37.03326,146.55100
3678,WALDARA,VIC,-36.31849,146.28735
3678,WANGANDARY,VIC,-36.32651,146.23705
3678,WANGARATTA FORWARD,VIC,-36.36830,146.31700
3678,WANGARATTA SOUTH,VIC,-36.39133,146.25940
3678,WHITLANDS,VIC,-36.77528,146.36354
3682,BORALMA,VIC,-36.24652,146.40408
3682,LILLIPUT,VIC,-36.15068,146.44597
3682,NORONG,VIC,-36.07290,146.32019
3682,SPRINGHURST,VIC,-36.18333,146.46667
3683,CHILTERN,VIC,-36.15000,146.60000
3683,CHILTERN VALLEY,VIC,-36.14787,146.55849
3683,CORNISHTOWN,VIC,-36.10303,146.56095
3683,INDIGO,VIC,-36.17610,146.58400
3685,BOORHAMAN NORTH,VIC,-36.09372,146.22344
3685,BRIMIN,VIC,-36.06704,146.30478
3685,BROWNS PLAINS,VIC,-36.05545,146.63666
3685,CARLYLE,VIC,-36.01328,146.47549
3685,DUGAYS BRIDGE,VIC,-36.05950,146.30000
3685,GOORAMADDA,VIC,-35.99714,146.58092
3685,GREAT SOUTHERN,VIC,-36.08351,146.48891
3685,LAKE MOODEMERE,VIC,-36.05559,146.38942
3685,NORONG CENTRAL,VIC,-36.08260,146.33300
3685,PRENTICE NORTH,VIC,-36.03000,146.50000
3685,RUTHERGLEN,VIC,-36.05556,146.46250
3687,CARLYLE,VIC,-36.01630,146.43900
3687,WAHGUNYAH,VIC,-35.98526,146.43839
3688,BARNAWARTHA,VIC,-36.11293,146.65546
3688,BARNAWARTHA NORTH,VIC,-36.06550,146.74500
3688,INDIGO UPPER,VIC,-36.23810,146.79300
3688,INDIGO VALLEY,VIC,-36.17740,146.74641
3689,WODONGA,VIC,-36.12409,146.88176
3690,WEST WODONGA,VIC,-36.12421,146.85742
3690,WODONGA,VIC,-36.12409,146.88176
3690,WODONGA PLAZA,VIC,-36.12099,146.88233
3691,ALLANS FLAT,VIC,-36.28704,146.92637
3691,BANDIANA,VIC,-36.14790,146.92700
3691,BARANDUDA,VIC,-36.19334,146.94963
3691,BARNAWARTHA NORTH,VIC,-36.06553,146.74522
3691,BELLBRIDGE,VIC,-36.09806,147.05889
3691,BERRINGAMA,VIC,-36.21648,147.65418
3691,BETHANGA,VIC,-36.13747,147.08370
3691,BONEGILLA,VIC,-36.13049,146.98653
3691,BUNGIL,VIC,-36.04731,147.34235
3691,CASTLE CREEK,VIC,-36.18885,146.82549
3691,CORAL BANK,VIC,-36.61349,147.10368
3691,DEDERANG,VIC,-36.47388,147.01750
3691,EBDEN,VIC,-36.14160,147.01363
3691,GATEWAY ISLAND,VIC,-36.09600,146.89700
3691,GLEN CREEK,VIC,-36.44128,146.93587
3691,GUNDOWRING,VIC,-36.34799,147.07525
3691,HUME WEIR,VIC,-36.17160,147.03540
3691,HUON CREEK,VIC,-36.15207,146.81248
3691,KANCOONA,VIC,-36.59423,147.00025
3691,KANCOONA SOUTH,VIC,-36.59610,146.99900
3691,KERGUNYAH,VIC,-36.34158,147.00765
3691,KERGUNYAH SOUTH,VIC,-36.42684,147.03616
3691,KIEWA,VIC,-36.27321,147.01990
3691,KILLARA,VIC,-36.13859,146.95205
3691,LAKE HUME VILLAGE,NSW,-36.09510,147.04400
3691,LENEVA,VIC,-36.23308,146.83744
3691,LONE PINE,VIC,-36.23740,146.96600
3691,LUCYVALE,VIC,-36.28362,147.62089
3691,MONGANS BRIDGE,VIC,-36.58966,147.10033
3691,MOUNT ALFRED,VIC,-35.98600,147.61900
3691,OSBORNES FLAT,VIC,-36.30880,146.89332
3691,RUNNING CREEK,VIC,-36.53136,147.04796
3691,STAGHORN FLAT,VIC,-36.26675,146.94572
3691,TALGARNO,VIC,-36.06583,147.22082
3691,TANGAMBALANGA,VIC,-36.23333,147.03333
3691,THOLOGOLONG,VIC,-35.96899,147.40370
3691,UPPER GUNDOWRING,VIC,-36.49168,147.07102
3691,WODONGA FORWARD,VIC,-36.12410,146.88200
3694,BANDIANA,VIC,-36.14791,146.92690
3694,BANDIANA MILPO,VIC,-36.14320,146.92139
3695,CHARLEROI,VIC,-36.28960,147.12422
3695,HUON,VIC,-36.20612,147.04686
3695,RED BLUFF,VIC,-36.30429,147.12367
3695,SANDY CREEK,VIC,-36.35814,147.13162
3697,TAWONGA,VIC,-36.66733,147.16898
3698,TAWONGA SOUTH,VIC,-36.76290,147.13500
3699,BOGONG,VIC,-36.80257,147.22417
3699,FALLS CREEK,VIC,-36.86588,147.28698
3699,MOUNT BEAUTY,VIC,-36.73582,147.17682
3699,NELSE,VIC,-36.83250,147.36000
3700,BULLIOH,VIC,-36.19370,147.38581
3700,GEORGES CREEK,VIC,-36.16142,147.26528
3700,JARVIS CREEK,VIC,-36.17134,147.21891
3700,TALLANGATTA,VIC,-36.21940,147.19331
3700,TALLANGATTA EAST,VIC,-36.20238,147.30492
3701,DARTMOUTH,VIC,-36.53247,147.49618
3701,ESKDALE,VIC,-36.45266,147.24034
3701,FERNVALE,VIC,-27.45958,152.66380
3701,GRANITE FLAT,VIC,-36.70440,147.34200
3701,GRANYA,VIC,-36.04854,147.26951
3701,MITTA MITTA,VIC,-36.49232,147.35830
3701,OLD TALLANGATTA,VIC,-36.20240,147.24900
3701,SHELLEY,VIC,-36.18694,147.54443
3701,TALLANDOON,VIC,-36.39660,147.24900
3701,TALLANGATTA SOUTH,VIC,-36.29780,147.23500
3701,TALLANGATTA VALLEY,VIC,-36.29091,147.39416
3704,KOETONG,VIC,-36.11920,147.53063
3705,CUDGEWA,VIC,-36.16226,147.80269
3705,NARIEL VALLEY,VIC,-36.16230,147.80300
3707,BIGGARA,VIC,-36.32004,148.03710
3707,BRINGENBRONG,NSW,-36.13302,148.06726
3707,COLAC COLAC,VIC,-36.22741,147.84814
3707,CORRYONG,VIC,-36.19665,147.90235
3707,DEEP CREEK NSW 2460 CORRYONG,VIC,-36.32004,148.03710
3707,NARIEL VALLEY,VIC,-36.32085,147.82610
3707,THOWGLA VALLEY,VIC,-36.23921,147.94786
3707,TOM GROGGIN,VIC,-36.59554,148.08054
3707,TOWONG,VIC,-36.13030,147.97521
3707,TOWONG UPPER,VIC,-36.20490,148.02918
3708,TINTALDRA,VIC,-36.06601,147.90489
3709,BURROWYE,VIC,-36.01837,147.54443
3709,GUYS FOREST,VIC,-36.07453,147.64568
3709,MOUNT ALFRED,VIC,-35.98597,147.61929
3709,PINE MOUNTAIN,VIC,-35.98721,147.83426
3709,WALWA,VIC,-35.96428,147.68145
3711,BUXTON,VIC,-37.43040,145.70228
3712,RUBICON,VIC,-37.29890,145.82838
3712,THORNTON,VIC,-37.26051,145.83498
3713,EILDON,VIC,-37.23430,145.89765
3713,LAKE EILDON,VIC,-37.12004,145.89689
3713,TAYLOR BAY,VIC,-37.20940,145.87800
3714,ACHERON,VIC,-37.27296,145.70406
3714,ALEXANDRA,VIC,-37.19439,145.70807
3714,CATHKIN,VIC,-37.15500,145.57775
3714,CRYSTAL CREEK,VIC,-37.27352,145.63660
3714,DEVILS RIVER,VIC,-37.19060,145.78400
3714,FAWCETT,VIC,-37.10986,145.70817
3714,KORIELLA,VIC,-37.17127,145.67209
3714,MAINTONGOON,VIC,-37.13830,145.75900
3714,TAGGERTY,VIC,-37.31609,145.73166
3714,WHANREGARWEN,VIC,-37.22250,145.60000
3715,ANCONA,VIC,-36.94837,145.84633
3715,MERTON,VIC,-36.98333,145.71667
3715,WOODFIELD,VIC,-37.07729,145.81135
3717,FLOWERDALE,VIC,-37.31906,145.32887
3717,GHIN GHIN,VIC,-37.13710,145.37450
3717,GLENBURN,VIC,-37.41986,145.44578
3717,HOMEWOOD,VIC,-37.19209,145.33025
3717,KILLINGWORTH,VIC,-37.18691,145.41243
3717,LIMESTONE,VIC,-37.24047,145.49459
3717,MURRINDINDI,VIC,-37.36184,145.53928
3717,YEA,VIC,-37.22294,145.40702
3718,MOLESWORTH,VIC,-37.16962,145.51364
3719,GOBUR,VIC,-37.01201,145.62752
3719,KANUMBRA,VIC,-37.04465,145.70436
3719,TERIP TERIP,VIC,-37.02418,145.52938
3719,YARCK,VIC,-37.09673,145.60306
3720,BONNIE DOON,VIC,-37.02070,145.86906
3722,BARWITE,VIC,-36.98502,146.17899
3722,MANSFIELD,VIC,-37.06253,146.08215
3722,MIRIMBAH,VIC,-37.11034,146.39650
3723,ARCHERTON,VIC,-36.89707,146.26207
3723,BARJARG,VIC,-36.92422,145.99504
3723,BOOROLITE,VIC,-37.13558,146.21820
3723,BRIDGE CREEK,VIC,-36.95406,146.12050
3723,DELATITE,VIC,-37.14008,146.16480
3723,ENOCHS POINT,VIC,-37.42260,146.10100
3723,GAFFNEYS CREEK,VIC,-37.50113,146.20664
3723,GOUGHS BAY,VIC,-37.16464,146.06890
3723,HOWES CREEK,VIC,-37.12348,146.00514
3723,HOWQUA,VIC,-37.22634,146.18705
3723,HOWQUA HILLS,VIC,-37.19212,146.32620
3723,HOWQUA INLET,VIC,-37.23254,146.13376
3723,JAMIESON,VIC,-37.29773,146.16096
3723,KEVINGTON,VIC,-37.34407,146.13654
3723,KNOCKWOOD,VIC,-37.42950,146.23000
3723,MACS COVE,VIC,-37.20912,146.14213
3723,MAINDAMPLE,VIC,-37.02435,145.95883
3723,MATLOCK,VIC,-37.58900,146.16847
3723,MERRIJIG,VIC,-37.08317,146.27458
3723,MOUNT BULLER,VIC,-37.14679,146.44897
3723,MOUNTAIN BAY,VIC,-37.19731,146.09879
3723,NILLAHCOOTIE,VIC,-36.87516,145.99992
3723,PIRIES,VIC,-37.15933,146.12739
3723,SAWMILL SETTLEMENT,VIC,-37.11922,146.36564
3723,TOLMIE,VIC,-36.93874,146.24334
3723,WOODS POINT,VIC,-37.56972,146.25417
3724,MANSFIELD,VIC,-37.06253,146.08215
3725,BOXWOOD,VIC,-36.30827,145.78842
3725,CHESNEY VALE,VIC,-36.41359,146.08703
3725,GOORAMBAT,VIC,-36.43915,145.93934
3725,MAJOR PLAINS,VIC,-36.35305,145.77974
3725,STEWARTON,VIC,-36.43374,145.79328
3726,BUNGEET,VIC,-36.28644,146.05316
3726,BUNGEET WEST,VIC,-36.36026,146.01350
3726,DEVENISH,VIC,-36.34641,145.90454
3726,THOONA,VIC,-36.33051,146.08529
3727,ALMONDS,VIC,-36.24423,146.05601
3727,LAKE ROWAN,VIC,-36.26972,145.96694
3727,PELLUEBLA,VIC,-36.19980,146.00375
3727,ST JAMES,VIC,-36.27999,145.89202
3727,WAGGARANDALL,VIC,-36.25190,145.80100
3727,YUNDOOL,VIC,-36.26027,145.82169
3728,BOOMAHNOOMOONAH,VIC,-36.13798,146.08037
3728,TUNGAMAH,VIC,-36.15753,145.86976
3728,WILBY,VIC,-36.15778,146.01583
3728,YOUARANG,VIC,-36.16662,145.79293
3730,BATHUMI,VIC,-36.03833,146.08472
3730,BOOSEY,VIC,-36.00309,145.79640
3730,BUNDALONG,VIC,-36.02935,146.13027
3730,BUNDALONG SOUTH,VIC,-36.09611,146.18944
3730,BURRAMINE,VIC,-35.99761,145.91846
3730,BURRAMINE SOUTH,VIC,-36.07825,145.86653
3730,ESMOND,VIC,-36.07806,146.18167
3730,TELFORD,VIC,-36.09267,145.92959
3730,YARRAWONGA,VIC,-36.02711,145.99906
3730,YARRAWONGA SOUTH,VIC,-36.08978,146.04819
3732,MOYHU,VIC,-36.57830,146.37850
3732,MYRRHEE,VIC,-36.71424,146.33924
3733,WHITFIELD,VIC,-36.74831,146.41600
3735,BOWMANS FOREST,VIC,-36.46941,146.63771
3735,WHOROULY,VIC,-36.48966,146.57265
3735,WHOROULY EAST,VIC,-36.53200,146.63877
3735,WHOROULY SOUTH,VIC,-36.56954,146.60371
3736,MYRTLEFORD,VIC,-36.55554,146.72379
3737,ABBEYARD,VIC,-37.02132,146.76407
3737,BARWIDGEE,VIC,-36.50984,146.77702
3737,BUFFALO RIVER,VIC,-36.61838,146.68152
3737,DANDONGADALE,VIC,-36.91185,146.69992
3737,GAPSTED,VIC,-36.51407,146.65630
3737,HAVILAH,VIC,-36.62701,146.89128
3737,HAVILLAH,VIC,-36.62700,146.89100
3737,MERRIANG,VIC,-36.57119,146.69067
3737,MERRIANG SOUTH,VIC,-36.60773,146.66836
3737,MUDGEGONGA,VIC,-36.46850,146.86836
3737,MYRTLEFORD,VIC,-36.55554,146.72379
3737,NUG NUG,VIC,-36.66636,146.69587
3737,ROSEWHITE,VIC,-36.58709,146.84306
3737,SELWYN,VIC,-37.06711,146.99988
3737,WONNANGATTA,VIC,-37.13824,146.81567
3738,OVENS,VIC,-36.61208,146.77491
3739,EUROBIN,VIC,-36.63320,146.84236
3740,BUCKLAND,VIC,-36.75005,146.87961
3740,MOUNT BUFFALO,VIC,-36.78333,146.78333
3740,POREPUNKAH,VIC,-36.69443,146.92641
3741,BRIGHT,VIC,-36.73215,146.98362
3741,FREEBURGH,VIC,-36.77318,147.03024
3741,GERMANTOWN,VIC,-36.74494,147.01979
3741,HARRIETVILLE,VIC,-36.88867,147.06504
3741,HOTHAM HEIGHTS,VIC,-36.99404,147.15207
3741,MOUNT HOTHAM,VIC,-36.97530,147.13300
3741,SMOKO,VIC,-36.81849,147.06104
3744,WANDILIGONG,VIC,-36.79080,146.97738
3746,ELDORADO,VIC,-36.32254,146.52802
3747,BAARMUTHA,VIC,-36.39810,146.66000
3747,BEECHWORTH,VIC,-36.35330,146.68772
3747,HURDLE FLAT,VIC,-36.38900,146.74400
3747,MURMUNGEE,VIC,-36.44368,146.65735
3747,SILVER CREEK,VIC,-36.37790,146.72700
3747,STANLEY,VIC,-36.40592,146.75267
3747,WOOLSHED,VIC,-36.30944,146.61546
3747,WOORAGEE,VIC,-36.29517,146.69123
3749,BRUARONG,VIC,-36.42461,146.90683
3749,YACKANDANDAH,VIC,-36.31306,146.83917
3750,WOLLERT,VIC,-37.58919,144.99423
3751,WOODSTOCK,VIC,-37.53651,145.06036
3752,MORANG SOUTH,VIC,-37.65139,145.08956
3752,SOUTH MORANG,VIC,-37.63775,145.08242
3753,BEVERIDGE,VIC,-37.48228,144.98321
3754,DOREEN,VIC,-37.60500,145.14600
3754,MERNDA,VIC,-37.58928,145.10379
3755,YAN YEAN,VIC,-37.54748,145.14862
3756,CHINTIN,VIC,-37.39062,144.83449
3756,DARRAWEIT GUIM,VIC,-37.40000,144.90000
3756,HIDDEN VALLEY,VIC,-37.39522,144.99036
3756,UPPER PLENTY,VIC,-37.42381,145.06036
3756,WALLAN,VIC,-37.40669,144.97982
3756,WALLAN EAST,VIC,-37.41729,145.00715
3757,BRUCES CREEK,VIC,-37.51911,145.12567
3757,EDEN PARK,VIC,-37.48900,145.07000
3757,HUMEVALE,VIC,-37.49700,145.17500
3757,KINGLAKE CENTRAL,VIC,-37.49395,145.32541
3757,KINGLAKE WEST,VIC,-37.46667,145.23333
3757,PHEASANT CREEK,VIC,-37.48333,145.28333
3757,WHITTLESEA,VIC,-37.51389,145.11389
3758,HEATHCOTE JUNCTION,VIC,-37.38533,145.04383
3758,WANDONG,VIC,-37.33602,145.03998
3759,PANTON HILL,VIC,-37.64004,145.24249
3760,SMITHS GULLY,VIC,-37.62670,145.28671
3761,ST ANDREWS,VIC,-37.59200,145.28100
3762,BYLANDS,VIC,-37.35640,144.97200
3763,KINGLAKE,VIC,-37.51838,145.35913
3763,MOUNT SLIDE,VIC,-37.55505,145.37607
3764,FORBES,VIC,-37.30782,144.88412
3764,GLENAROUA,VIC,-37.05801,144.96187
3764,HIGH CAMP,VIC,-37.19322,144.89377
3764,KILMORE,VIC,-37.30166,144.94972
3764,KILMORE EAST,VIC,-37.29304,144.98115
3764,MORANDING,VIC,-37.23610,144.95017
3764,TANTARABOO,VIC,-37.23722,144.82500
3764,WILLOWMAVIN,VIC,-37.25543,144.87175
3765,MONTROSE,VIC,-37.80839,145.35306
3766,KALORAMA,VIC,-37.81949,145.38626
3767,MOUNT DANDENONG,VIC,-37.84216,145.34200
3770,COLDSTREAM,VIC,-37.73400,145.38300
3770,GRUYERE,VIC,-37.73400,145.45000
3770,YERING,VIC,-37.70022,145.35825
3775,CHRISTMAS HILLS,VIC,-37.65150,145.31730
3775,DIXONS CREEK,VIC,-37.60000,145.41667
3775,STEELS CREEK,VIC,-37.59400,145.37400
3775,TARRAWARRA,VIC,-37.64698,145.43638
3775,YARRA GLEN,VIC,-37.64889,145.37194
3777,BADGER CREEK,VIC,-37.68500,145.53800
3777,CASTELLA,VIC,-37.52472,145.43333
3777,CHUM CREEK,VIC,-37.60600,145.48800
3777,HEALESVILLE,VIC,-37.65611,145.51389
3777,HEALESVILLE MAIN STREET,VIC,-37.65650,145.51500
3777,HEALESVILLE POST SHOP,VIC,-37.65410,145.51500
3777,MOUNT TOOLEBEWONG,VIC,-37.70200,145.57200
3777,TOOLANGI,VIC,-37.53333,145.46667
3778,FERNSHAW,VIC,-37.61612,145.63836
3778,NARBETHONG,VIC,-37.52333,145.67105
3779,CAMBARVILLE,VIC,-37.61053,146.01298
3779,MARYSVILLE,VIC,-37.50839,145.74742
3781,COCKATOO,VIC,-37.93500,145.49200
3781,MOUNT BURNETT,VIC,-37.97676,145.51457
3781,NANGANA,VIC,-37.86667,145.53333
3782,AVONSLEIGH,VIC,-37.92500,145.48194
3782,CLEMATIS,VIC,-37.93221,145.42224
3782,EMERALD,VIC,-37.93306,145.43694
3782,MACCLESFIELD,VIC,-37.88300,145.47700
3783,GEMBROOK,VIC,-37.95240,145.60236
3785,TREMONT,VIC,-37.87829,145.31711
3786,FERNY CREEK,VIC,-37.87591,145.33094
3787,SASSAFRAS,VIC,-37.86459,145.35306
3787,SASSAFRAS GULLY,VIC,-37.86221,145.35386
3788,OLINDA,VIC,-37.85327,145.37520
3789,SHERBROOKE,VIC,-37.89639,145.36413
3791,KALLISTA,VIC,-37.90510,145.41117
3792,THE PATCH,VIC,-37.88877,145.39733
3793,MONBULK,VIC,-37.86894,145.43609
3795,SILVAN,VIC,-37.83429,145.43055
3796,MOUNT EVELYN,VIC,-37.77916,145.39180
3797,GILDEROY,VIC,-37.85140,145.72498
3797,GLADYSDALE,VIC,-37.81667,145.65000
3797,POWELLTOWN,VIC,-37.86500,145.75300
3797,THREE BRIDGES,VIC,-37.83333,145.68333
3797,YARRA JUNCTION,VIC,-37.77900,145.60600
3799,BIG PATS CREEK,VIC,-37.76390,145.75083
3799,EAST WARBURTON,VIC,-37.73704,145.74212
3799,MCMAHONS CREEK,VIC,-37.69810,145.83603
3799,MILLGROVE,VIC,-37.74485,145.65070
3799,REEFTON,VIC,-37.66875,145.85354
3799,WARBURTON,VIC,-37.75254,145.69484
3799,WESBURN,VIC,-37.76700,145.64700
3800,MONASH UNIVERSITY,VIC,-37.91056,145.13625
3802,ENDEAVOUR HILLS,VIC,-37.97802,145.25907
3803,HALLAM,VIC,-38.00695,145.27565
3804,NARRE WARREN EAST,VIC,-37.96100,145.36700
3804,NARRE WARREN NORTH,VIC,-37.98200,145.31400
3805,FOUNTAIN GATE,VIC,-38.01756,145.30384
3805,NARRE WARREN,VIC,-38.03025,145.30329
3805,NARRE WARREN SOUTH,VIC,-38.05500,145.30300
3806,BERWICK,VIC,-38.03094,145.34375
3806,HARKAWAY,VIC,-37.99900,145.34400
3807,BEACONSFIELD,VIC,-38.04900,145.37100
3807,GUYS HILL,VIC,-38.01700,145.38600
3808,BEACONSFIELD UPPER,VIC,-37.99821,145.42379
3808,DEWHURST,VIC,-37.98444,145.46655
3809,OFFICER,VIC,-38.06112,145.41509
3809,OFFICER SOUTH,VIC,-38.10040,145.41325
3810,PAKENHAM,VIC,-38.07357,145.48513
3810,PAKENHAM SOUTH,VIC,-38.13434,145.50256
3810,PAKENHAM UPPER,VIC,-38.00347,145.50256
3810,RYTHDALE,VIC,-38.15000,145.45600
3812,MARYKNOLL,VIC,-38.03200,145.60200
3812,NAR NAR GOON,VIC,-38.08194,145.57500
3812,NAR NAR GOON NORTH,VIC,-38.01900,145.55100
3813,TYNONG,VIC,-38.08333,145.61667
3813,TYNONG NORTH,VIC,-38.03455,145.62941
3814,CORA LYNN,VIC,-38.14528,145.60583
3814,GARFIELD,VIC,-38.09991,145.68007
3814,GARFIELD NORTH,VIC,-38.05000,145.68333
3814,VERVALE,VIC,-38.13333,145.66667
3815,BUNYIP,VIC,-38.10005,145.71894
3815,BUNYIP NORTH,VIC,-38.07383,145.74678
3815,IONA,VIC,-38.15000,145.68333
3815,TONIMBUK,VIC,-38.02068,145.71825
3816,LABERTOUCHE,VIC,-38.03069,145.80538
3816,LONGWARRY,VIC,-38.11108,145.76633
3816,LONGWARRY NORTH,VIC,-38.07600,145.76340
3816,MODELLA,VIC,-38.18333,145.71667
3818,ATHLONE,VIC,-38.23868,145.75853
3818,DROUIN,VIC,-38.13538,145.84874
3818,DROUIN EAST,VIC,-38.11959,145.88854
3818,DROUIN SOUTH,VIC,-38.18144,145.81343
3818,DROUIN WEST,VIC,-38.08661,145.85237
3818,HALLORA,VIC,-38.26358,145.83568
3818,JINDIVICK,VIC,-38.03333,145.90000
3818,RIPPLEBROOK,VIC,-38.20010,145.77250
3818,TARAGO,VIC,-38.05980,145.91200
3820,BONA VISTA,VIC,-38.20751,145.96371
3820,LILLICO,VIC,-38.12320,145.96371
3820,WARRAGUL,VIC,-38.15375,145.92978
3821,BRANDY CREEK,VIC,-38.10063,145.91637
3821,BRAVINGTON,VIC,-38.08371,145.92194
3821,BULN BULN,VIC,-38.08333,145.93333
3821,BULN BULN EAST,VIC,-38.07216,146.00828
3821,CROSSOVER,VIC,-38.06646,145.96357
3821,ELLINBANK,VIC,-38.25552,145.92472
3821,FERNDALE,VIC,-38.31127,145.92339
3821,LARDNER,VIC,-38.21565,145.87462
3821,NAYOOK,VIC,-37.91510,145.93000
3821,NEERIM JUNCTION,VIC,-37.92270,145.96800
3821,NEERIM NORTH,VIC,-37.91670,146.00000
3821,NILMA,VIC,-38.17045,145.97206
3821,NILMA NORTH,VIC,-38.13495,146.01385
3821,ROKEBY,VIC,-38.06667,145.93333
3821,SEAVIEW,VIC,-38.28281,145.91707
3821,SHADY CREEK,VIC,-38.09890,146.04521
3821,TETOORA ROAD,VIC,-38.27867,145.88854
3821,TORWOOD,VIC,-38.26240,145.87500
3821,WARRAGUL SOUTH,VIC,-38.21810,145.92472
3821,WARRAGUL WEST,VIC,-38.16927,145.88297
3822,CLOVERLEA,VIC,-38.25665,146.00027
3822,DARNUM,VIC,-38.18333,146.01667
3822,GAINSBOROUGH,VIC,-38.22663,145.97206
3823,ALLAMBEE,VIC,-38.29054,146.01967
3823,YARRAGON,VIC,-38.20000,146.06667
3823,YARRAGON SOUTH,VIC,-38.23634,146.08149
3824,CHILDERS,VIC,-38.30178,146.10865
3824,NARRACAN,VIC,-38.26401,146.23705
3824,THORPDALE SOUTH,VIC,-38.33367,146.14003
3824,TRAFALGAR,VIC,-38.20000,146.15000
3824,TRAFALGAR EAST,VIC,-38.15569,146.19237
3824,TRAFALGAR SOUTH,VIC,-38.24220,146.17004
3825,ABERFELDY,VIC,-37.72060,146.38859
3825,AMOR,VIC,-37.93937,146.41040
3825,BOOLA,VIC,-38.04857,146.46056
3825,CARINGAL,VIC,-37.99359,146.34571
3825,COALVILLE,VIC,-38.24027,146.26499
3825,COOPERS CREEK,VIC,-37.98864,146.42440
3825,ERICA,VIC,-37.97567,146.37683
3825,FUMINA,VIC,-37.95000,146.11667
3825,FUMINA SOUTH,VIC,-37.95000,146.11667
3825,HERNES OAK,VIC,-38.21725,146.30971
3825,HILL END,VIC,-38.01021,146.15120
3825,JACOB CREEK,VIC,-38.00533,146.41040
3825,JERICHO,VIC,-37.66621,146.22889
3825,MOE,VIC,-38.17222,146.26778
3825,MOE SOUTH,VIC,-38.21426,146.24264
3825,MOONDARRA,VIC,-38.02408,146.37088
3825,NEWBOROUGH,VIC,-38.17608,146.29853
3825,NEWBOROUGH EAST,VIC,-38.17608,146.29853
3825,RAWSON,VIC,-37.95000,146.40000
3825,TANJIL,VIC,-37.94475,146.22939
3825,TANJIL SOUTH,VIC,-38.10829,146.24112
3825,THALLOO,VIC,-38.08719,146.30691
3825,THALOO,VIC,-38.08720,146.30700
3825,THOMSON,VIC,-37.99336,146.74195
3825,TOOMBON,VIC,-37.72119,146.43932
3825,WALHALLA,VIC,-37.93827,146.45073
3825,WALHALLA EAST,VIC,-37.93260,146.58100
3825,WESTBURY,VIC,-38.14131,146.22029
3825,WILLOW GROVE,VIC,-38.06905,146.16236
3825,YALLOURN,VIC,-38.18028,146.31827
3825,YALLOURN NORTH,VIC,-38.15962,146.36126
3831,NEERIM,VIC,-37.96667,145.95000
3831,NEERIM EAST,VIC,-37.96226,146.00062
3831,NEERIM SOUTH,VIC,-38.01667,145.96667
3832,NAYOOK,VIC,-37.91514,145.93029
3832,NEERIM JUNCTION,VIC,-37.92274,145.96778
3832,NEERIM NORTH,VIC,-37.91667,146.00000
3833,ADA,VIC,-37.84222,145.85186
3833,BAW BAW,VIC,-37.78656,146.06960
3833,BAW BAW VILLAGE,VIC,-37.84146,146.25800
3833,GENTLE ANNIE,VIC,-37.93840,145.83661
3833,ICY CREEK,VIC,-37.88333,146.10000
3833,LOCH VALLEY,VIC,-37.84022,145.99770
3833,MT BAW BAW,VIC,-37.83833,146.27361
3833,NOOJEE,VIC,-37.88333,146.00000
3833,PIEDMONT,VIC,-37.89386,145.94421
3833,TANJIL BREN,VIC,-37.82472,146.17750
3833,TOORONGO,VIC,-37.77553,146.08689
3833,VESPER,VIC,-37.87422,146.06402
3835,THORPDALE,VIC,-38.29268,146.18120
3840,DRIFFIELD,VIC,-38.28505,146.29643
3840,HAZELWOOD,VIC,-38.31337,146.36214
3840,HAZELWOOD NORTH,VIC,-38.26519,146.48511
3840,HAZELWOOD SOUTH,VIC,-38.31481,146.46639
3840,JEERALANG,VIC,-38.36555,146.43862
3840,JEERALANG JUNCTION,VIC,-38.34363,146.41040
3840,MARYVALE,VIC,-38.19881,146.39326
3840,MID VALLEY,VIC,-38.23646,146.42895
3840,MORWELL,VIC,-38.22759,146.41462
3840,MORWELL EAST,VIC,-38.22759,146.41462
3840,MORWELL UPPER,VIC,-38.22759,146.41462
3841,GIPPSLAND MC,VIC,-37.58320,147.46300
3842,CHURCHILL,VIC,-38.32200,146.41600
3844,BLACKWARRY,VIC,-38.41933,146.60626
3844,CALLIGNEE,VIC,-38.32382,146.57964
3844,CALLIGNEE NORTH,VIC,-38.32006,146.60405
3844,CALLIGNEE SOUTH,VIC,-38.37560,146.61400
3844,CARRAJUNG,VIC,-38.36667,146.68333
3844,CARRAJUNG LOWER,VIC,-38.38250,146.76100
3844,CARRAJUNG SOUTH,VIC,-38.38710,146.79900
3844,FLYNN,VIC,-38.17072,146.71177
3844,FLYNNS CREEK,VIC,-38.26096,146.63771
3844,KOORNALLA,VIC,-38.32671,146.53224
3844,LOY YANG,VIC,-38.25514,146.61264
3844,MOUNT TASSIE,VIC,-38.38863,146.56190
3844,TRARALGON,VIC,-38.20335,146.51979
3844,TRARALGON EAST,VIC,-38.18365,146.58258
3844,TRARALGON SOUTH,VIC,-38.29863,146.53690
3844,TYERS,VIC,-38.15000,146.46667
3844,WILLUNG SOUTH,VIC,-38.33763,146.72225
3847,HIAMDALE,VIC,-38.26431,146.75544
3847,NAMBROK,VIC,-38.05329,146.83884
3847,ROSEDALE,VIC,-38.15000,146.78300
3847,WILLUNG,VIC,-38.24485,146.80371
3847,WILLUNG SOUTH,VIC,-38.33760,146.72200
3850,GIFFARD,VIC,-38.36765,147.16132
3850,GUTHRIDGE,VIC,-38.10750,147.08200
3850,SALE,VIC,-38.10260,147.07303
3850,SALE NORTH,VIC,-38.10260,147.07303
3850,WURRUK,VIC,-38.10779,147.02807
3851,AIRLY,VIC,-38.02797,147.11493
3851,BUNDALAGUAH,VIC,-38.03076,147.02173
3851,CLYDEBANK,VIC,-38.04632,147.14748
3851,COBAINS,VIC,-38.07920,147.12316
3851,DARRIMAN,VIC,-38.40368,146.83938
3851,DUTSON,VIC,-38.17386,147.20742
3851,DUTSON DOWNS,VIC,-38.20329,147.31939
3851,FLAMINGO BEACH,VIC,-38.27031,147.31293
3851,FULHAM,VIC,-38.07798,146.95416
3851,GIFFARD,VIC,-38.36760,147.16100
3851,GIFFARD WEST,VIC,-38.35060,146.98970
3851,GLOMAR BEACH,VIC,-38.29898,147.27622
3851,GOLDEN BEACH,VIC,-38.22809,147.37577
3851,KILMANY,VIC,-38.11406,146.90774
3851,LAKE WELLINGTON,VIC,-38.09049,147.31747
3851,LOCH SPORT,VIC,-38.07398,147.54195
3851,LONGFORD,VIC,-38.16417,147.08694
3851,MONTGOMERY,VIC,-38.05187,147.07135
3851,MYRTLEBANK,VIC,-38.06644,147.01680
3851,PARADISE BEACH,VIC,-38.19921,147.40335
3851,PEARSONDALE,VIC,-38.13435,147.01349
3851,SEACOMBE,VIC,-38.11945,147.44022
3851,SEASPRAY,VIC,-38.29363,147.14677
3851,SOMERTON PARK,VIC,-38.09763,147.09740
3851,STRADBROKE,VIC,-38.27202,147.05694
3851,THE HEART,VIC,-38.10284,147.16934
3851,THE HONEYSUCKLES,VIC,-38.35299,147.21906
3852,EAST SALE,VIC,-38.10540,147.14100
3852,EAST SALE RAAF,VIC,-38.10549,147.12335
3852,SALE EAST RAAF,VIC,-38.10550,147.12300
3853,SALE,VIC,-38.10260,147.07303
3854,GLENGARRY,VIC,-38.13526,146.56375
3854,GLENGARRY NORTH,VIC,-38.08824,146.57496
3854,GLENGARRY WEST,VIC,-38.15207,146.52451
3856,TOONGABBIE,VIC,-38.03261,146.53923
3857,COWWARR,VIC,-38.01324,146.68506
3858,ARBUCKLE,VIC,-37.36900,146.82900
3858,BILLABONG,VIC,-37.25890,146.82800
3858,BURAGWONDUC,VIC,-37.49090,146.77100
3858,CROOKAYAN,VIC,-37.48410,146.62100
3858,DAWSON,VIC,-37.96803,146.69517
3858,DENISON,VIC,-38.02548,146.84236
3858,GILLUM,VIC,-37.75350,146.73500
3858,GLEN FALLOCH,VIC,-37.66919,146.64725
3858,GLENFALLOCH,VIC,-37.66920,146.64700
3858,GLENMAGGIE,VIC,-37.91638,146.74612
3858,HEYFIELD,VIC,-37.98274,146.79116
3858,HOWITT PLAINS,VIC,-37.20630,146.68600
3858,LICOLA,VIC,-37.57354,146.62456
3858,LICOLA NORTH,VIC,-37.51490,146.55180
3858,REYNARD,VIC,-37.35590,146.62500
3858,SARGOOD,VIC,-37.58640,146.73900
3858,SEATON,VIC,-37.93806,146.68436
3858,TAMBORITHA,VIC,-37.43348,146.71011
3858,WINNINDOO,VIC,-38.05987,146.76297
3858,WORROWING,VIC,-37.66890,146.74200
3858,YANGOURA,VIC,-37.82200,146.56800
3859,MAFFRA WEST UPPER,VIC,-37.87298,146.81768
3859,MEWBURN PARK,VIC,-37.95299,146.93900
3859,NEWRY,VIC,-37.90506,146.90070
3859,TINAMBA,VIC,-37.96553,146.91969
3859,TINAMBA WEST,VIC,-37.93300,146.84974
3860,BOISDALE,VIC,-37.88407,146.99454
3860,BRIAGOLONG,VIC,-37.82207,147.07173
3860,BUSHY PARK,VIC,-37.83815,147.00307
3860,COONGULLA,VIC,-37.88631,146.78545
3860,KOOROOL,VIC,-37.72620,146.94300
3860,MAFFRA,VIC,-37.96191,146.98862
3860,MONOMAK,VIC,-37.72390,146.79300
3860,MOROKA,VIC,-37.48990,146.93900
3860,NAP NAP MARRA,VIC,-37.57860,146.84600
3860,NUNTIN,VIC,-38.22437,146.43014
3860,RIVERSLEA,VIC,-38.00325,146.94572
3860,TOOLOME,VIC,-37.61650,147.05300
3860,VALENCIA CREEK,VIC,-37.82362,146.97668
3860,WOOLENOOK,VIC,-37.72950,147.06200
3860,WRATHUNG,VIC,-37.59550,146.94900
3860,WRIXON,VIC,-37.68350,146.85100
3862,BUDGEE BUDGEE,VIC,-37.54590,147.09600
3862,CASTLEBURN,VIC,-37.57617,147.17999
3862,COBBANNAH,VIC,-37.70517,147.31628
3862,COWA,VIC,-37.38890,147.18000
3862,CROOKED RIVER,VIC,-37.31407,147.10187
3862,DARGO,VIC,-37.46192,147.25101
3862,HAWKHURST,VIC,-37.41956,147.11892
3862,HOLLANDS LANDING,VIC,-38.04800,147.46100
3862,LLOWALONG,VIC,-37.91135,147.03616
3862,MEERLIEU,VIC,-38.00712,147.38569
3862,MIOWERA,VIC,-37.48000,147.15300
3862,MOORNAPA,VIC,-37.62800,147.20300
3862,MUNRO,VIC,-37.93182,147.20072
3862,PERRY BRIDGE,VIC,-38.00442,147.26528
3862,STOCKDALE,VIC,-37.80979,147.16229
3862,STRATFORD,VIC,-37.96667,147.08333
3862,WATERFORD,VIC,-37.51624,147.20149
3862,WONGUNGARRA,VIC,-37.34420,147.15300
3864,FERNBANK,VIC,-37.81517,147.32917
3864,GLENALADALE,VIC,-37.75109,147.32670
3864,THE FINGERBOARD,VIC,-37.81996,147.30445
3865,LINDENOW,VIC,-37.79943,147.46838
3869,JUMBUK,VIC,-38.37480,146.40516
3869,YINNAR,VIC,-38.31667,146.31667
3869,YINNAR SOUTH,VIC,-38.38333,146.38333
3870,BOOLARRA,VIC,-38.38333,146.26667
3870,BOOLARRA SOUTH,VIC,-38.41908,146.26660
3870,BUDGEREE,VIC,-38.42016,146.34117
3870,BUDGEREE EAST,VIC,-38.45000,146.38000
3870,GRAND RIDGE,VIC,-38.44315,146.31845
3870,JOHNSTONES HILL,VIC,-38.38040,146.29100
3870,MIRBOO EAST,VIC,-38.39506,146.14984
3871,ALLAMBEE RESERVE,VIC,-38.30225,146.05287
3871,ALLAMBEE SOUTH,VIC,-38.34856,146.10865
3871,BAROMI,VIC,-38.40245,146.17701
3871,DARLIMURLA,VIC,-38.41481,146.21227
3871,DELBURN,VIC,-38.31883,146.22644
3871,DOLLAR,VIC,-38.55730,146.17600
3871,LIMONITE,VIC,-38.41870,146.23700
3871,MIRBOO,VIC,-38.39506,146.14984
3871,MIRBOO NORTH,VIC,-38.39506,146.14984
3871,TARWIN EAST,VIC,-38.40500,146.18100
3873,GORMANDALE,VIC,-38.30160,146.67383
3874,CARRAJUNG SOUTH,VIC,-38.38711,146.79914
3874,CHERRILONG,VIC,-38.58000,146.88000
3874,MCLOUGHLINS BEACH,VIC,-38.60861,146.90389
3874,WOODSIDE,VIC,-38.52062,146.89508
3874,WOODSIDE BEACH,VIC,-38.54525,146.97457
3874,WOODSIDE NORTH,VIC,-38.42191,146.82268
3875,BAIRNSDALE,VIC,-37.83333,147.61667
3875,BANKSIA PENINSULA,VIC,-37.95180,147.67400
3875,BENGWORDEN,VIC,-37.97497,147.46296
3875,BROADLANDS,VIC,-37.84681,147.67992
3875,BULLUMWAAL,VIC,-37.67164,147.56572
3875,CALULU,VIC,-37.78182,147.51931
3875,CLIFTON CREEK,VIC,-37.71146,147.69121
3875,DEPTFORD,VIC,-37.56621,147.68838
3875,EAST BAIRNSDALE,VIC,-37.83617,147.64957
3875,EASTWOOD,VIC,-37.81340,147.63000
3875,ELLASWOOD,VIC,-37.78371,147.57514
3875,FAIRY DELL,VIC,-37.68874,147.75736
3875,FLAGGY CREEK,VIC,-37.75531,147.47970
3875,FORGE CREEK,VIC,-37.93118,147.61416
3875,GOON NURE,VIC,-37.97678,147.58718
3875,GRANITE ROCK,VIC,-37.75733,147.67224
3875,HILLSIDE,VIC,-37.82700,147.53668
3875,HOLLANDS LANDING,VIC,-38.04800,147.46100
3875,IGUANA CREEK,VIC,-37.75240,147.36448
3875,LINDENOW SOUTH,VIC,-37.82611,147.43886
3875,LUCKNOW,VIC,-37.81151,147.67791
3875,MARTHAVALE,VIC,-37.44430,147.50800
3875,MELWOOD,VIC,-37.74173,147.50516
3875,MERRIJIG,VIC,-37.70747,147.53753
3875,MOUNT TAYLOR,VIC,-37.73225,147.58930
3875,NEWLANDS ARM,VIC,-37.92776,147.69208
3875,RYANS,VIC,-37.55190,147.47400
3875,SARSFIELD,VIC,-37.74387,147.76865
3875,TABBERABBERA,VIC,-37.54802,147.40142
3875,WALPA,VIC,-37.79397,147.38921
3875,WATERHOLES,VIC,-37.64863,147.71964
3875,WENTWORTH,VIC,-37.30860,147.48800
3875,WOODGLEN,VIC,-37.77494,147.38921
3875,WUK WUK,VIC,-37.75631,147.43091
3875,WY YUNG,VIC,-37.80352,147.61913
3878,EAGLE POINT,VIC,-37.90676,147.67791
3880,BOOLE POOLE,VIC,-37.89932,147.79024
3880,OCEAN GRANGE,VIC,-37.99686,147.68938
3880,PAYNESVILLE,VIC,-37.91126,147.71233
3880,RAYMOND ISLAND,VIC,-37.91667,147.73333
3882,NICHOLSON,VIC,-37.80720,147.75730
3885,BRUMBY,VIC,-37.01610,148.07000
3885,BRUTHEN,VIC,-37.71352,147.83390
3885,BUCHAN,VIC,-37.51215,148.16584
3885,BUCHAN SOUTH,VIC,-37.53999,148.12390
3885,BUTCHERS RIDGE,VIC,-37.24712,148.25073
3885,GELANTIPY,VIC,-37.14754,148.25267
3885,MOSSIFACE,VIC,-37.74512,147.81972
3885,MURRINDAL,VIC,-37.39872,148.21528
3885,SUGGAN BUGGAN,VIC,-36.94068,148.34785
3885,TAMBO UPPER,VIC,-37.77180,147.81170
3885,TIMBARRA,VIC,-37.49120,147.93333
3885,W TREE,VIC,-37.32172,148.23804
3885,WISELEIGH,VIC,-37.71260,147.79134
3885,WULGULMERANG,VIC,-37.00880,148.27477
3885,WULGULMERANG EAST,VIC,-37.09827,148.25445
3885,WULGULMERANG WEST,VIC,-37.22495,148.10861
3885,YALMY,VIC,-37.48098,148.28162
3886,NEWMERELLA,VIC,-37.75143,148.42875
3887,LAKE TYERS,VIC,-37.83963,148.12382
3887,NOWA NOWA,VIC,-37.73439,148.08677
3887,WAIREWA,VIC,-37.71753,148.16396
3888,BENDOC,VIC,-37.13475,148.91055
3888,BETE BOLONG,VIC,-37.70926,148.39380
3888,BETE BOLONG NORTH,VIC,-37.58924,148.29089
3888,BONANG,VIC,-37.17647,148.68252
3888,BRODRIBB RIVER,VIC,-37.77847,148.54396
3888,CABANANDRA,VIC,-37.09997,148.69105
3888,CAPE CONRAN,VIC,-37.79274,148.71886
3888,CORRINGLE,VIC,-37.78244,148.44338
3888,DEDDICK VALLEY,VIC,-37.08047,148.41123
3888,DELEGATE RIVER,VIC,-37.06340,148.79800
3888,DELEGATE RIVER EAST,VIC,-37.06340,148.79791
3888,DELLICKNORA,VIC,-37.11413,148.67154
3888,GOONGERAH,VIC,-37.35000,148.70000
3888,HAYDENS BOG,VIC,-37.10492,148.86966
3888,JARRAHMOND,VIC,-37.69028,148.41565
3888,LOCHEND,VIC,-37.74043,148.50527
3888,MARLO,VIC,-37.79600,148.53100
3888,MARTINS CREEK,VIC,-32.55000,151.61667
3888,NURRAN,VIC,-37.39658,148.59129
3888,OMEO VALLEY,VIC,-36.95468,147.63605
3888,ORBOST,VIC,-37.70283,148.46535
3888,SIMPSONS CREEK,VIC,-37.74508,148.35238
3888,TOSTAREE,VIC,-37.75033,148.18965
3888,TUBBUT,VIC,-37.10515,148.63550
3888,WAYGARA,VIC,-37.75045,148.31861
3888,WOMBAT CREEK,VIC,-37.75731,148.28914
3889,BELL BIRD CREEK,VIC,-37.65350,148.81400
3889,BELLBIRD CREEK,VIC,-37.65352,148.81375
3889,BEMM RIVER,VIC,-37.75902,148.96061
3889,CABBAGE TREE CREEK,VIC,-37.69835,148.71581
3889,CLUB TERRACE,VIC,-37.51872,148.93030
3889,COMBIENBAR,VIC,-37.40594,149.00878
3889,ERRINUNDRA,VIC,-37.46486,148.75059
3889,MANORINA,VIC,-37.67255,148.79364
3890,BULDAH,VIC,-37.27886,149.14400
3890,CANN RIVER,VIC,-37.56667,149.15000
3890,CHANDLERS CREEK,VIC,-37.33438,149.20431
3890,NOORINBEE,VIC,-37.50965,149.17058
3890,NOORINBEE NORTH,VIC,-37.42473,149.19426
3890,TAMBOON,VIC,-37.79893,149.27522
3890,TONGHI CREEK,VIC,-37.56191,149.06182
3890,WEERAGUA,VIC,-37.56217,149.19605
3891,GENOA,VIC,-37.45108,149.69609
3891,GIPSY POINT,VIC,-37.48360,149.67381
3891,MARAMINGO CREEK,VIC,-37.43236,149.63087
3891,WALLAGARAUGH,VIC,-37.34277,149.67263
3891,WANGARABELL,VIC,-37.38983,149.51104
3891,WINGAN RIVER,VIC,-37.53461,149.39219
3891,WROXHAM,VIC,-37.34257,149.48090
3892,MALLACOOTA,VIC,-37.51307,149.77181
3893,DOUBLE BRIDGES,VIC,-37.62781,147.84840
3893,STIRLING,VIC,-37.45189,147.71010
3893,TAMBO CROSSING,VIC,-37.49600,147.85485
3895,DOCTORS FLAT,VIC,-37.29961,147.74028
3895,ENSAY,VIC,-37.38204,147.81511
3895,ENSAY NORTH,VIC,-37.32372,147.83746
3895,REEDY CREEK,VIC,-37.26525,145.14862
3895,REEDY FLAT,VIC,-37.39970,147.91300
3896,BINDI,VIC,-37.14295,147.81511
3896,BROOKVILLE,VIC,-37.31253,147.64001
3896,NUNNIONG,VIC,-37.22415,147.95417
3896,SWIFTS CREEK,VIC,-37.25028,147.71222
3896,TONGIO,VIC,-37.18758,147.72540
3898,ANGLERS REST,VIC,-36.99390,147.48196
3898,BINGO,VIC,-37.01623,147.57488
3898,BINGO MUNJIE,VIC,-37.01623,147.57488
3898,BUNDARA,VIC,-36.97782,147.33976
3898,CASSILIS,VIC,-37.21097,147.59880
3898,COBUNGRA,VIC,-37.08817,147.40364
3898,DINNER PLAIN,VIC,-37.02383,147.24139
3898,GLEN VALLEY,VIC,-36.88056,147.46944
3898,GLEN WILLS,VIC,-36.83683,147.49712
3898,HINNOMUNJIE,VIC,-37.01800,147.64902
3898,OMEO,VIC,-37.10000,147.60000
3898,OMEO VALLEY,VIC,-36.95470,147.63600
3898,SHANNONVALE,VIC,-36.93348,147.42313
3900,BENAMBRA,VIC,-36.91801,147.77361
3900,COBBERAS,VIC,-36.85154,148.09183
3900,UPLANDS,VIC,-36.90090,147.87082
3902,BUMBERRAH,VIC,-37.79002,147.83391
3902,JOHNSONVILLE,VIC,-37.81772,147.80447
3903,SWAN REACH,VIC,-37.80973,147.85946
3904,METUNG,VIC,-37.86005,147.83675
3909,KALIMNA,VIC,-37.86637,147.96740
3909,KALIMNA WEST,VIC,-37.84797,147.92976
3909,LAKE BUNGA,VIC,-37.86164,148.03847
3909,LAKE TYERS BEACH,VIC,-37.86068,148.06691
3909,LAKES ENTRANCE,VIC,-37.85112,147.99582
3909,NUNGURNER,VIC,-37.85521,147.89921
3909,NYERIMILANG,VIC,-37.87102,147.92154
3909,TOORLOO ARM,VIC,-37.78946,148.05056
3910,LANGWARRIN,VIC,-38.16090,145.19278
3911,BAXTER,VIC,-38.19600,145.15700
3911,LANGWARRIN SOUTH,VIC,-38.18900,145.18900
3912,PEARCEDALE,VIC,-38.20300,145.23100
3912,SOMERVILLE,VIC,-38.22600,145.17700
3913,TYABB,VIC,-38.26511,145.17070
3915,HASTINGS,VIC,-38.30600,145.18900
3915,TUERONG,VIC,-38.30000,145.10500
3916,MERRICKS,VIC,-38.39000,145.08900
3916,POINT LEO,VIC,-38.42100,145.07500
3916,SHOREHAM,VIC,-38.42700,145.05000
3918,BITTERN,VIC,-38.33294,145.16518
3919,CRIB POINT,VIC,-38.35344,145.19831
3920,FLINDERS NAVAL DEPOT,VIC,-38.39430,145.20900
3920,HMAS CERBERUS,VIC,-38.39430,145.20900
3921,ELIZABETH ISLAND,VIC,-38.41680,145.36900
3921,FRENCH ISLAND,VIC,-38.34893,145.33647
3921,TANKERTON,VIC,-38.38734,145.29150
3922,COWES,VIC,-38.45111,145.24194
3922,SILVERLEAVES,VIC,-38.45306,145.26472
3922,SMITHS BEACH,VIC,-38.50067,145.25631
3922,SUMMERLANDS,VIC,-38.51111,145.14611
3922,SUNDERLAND BAY,VIC,-38.50163,145.27289
3922,SUNSET STRIP,VIC,-38.49582,145.26598
3922,SURF BEACH,VIC,-38.50909,145.29500
3922,VENTNOR,VIC,-38.48341,145.17277
3922,WIMBLEDON HEIGHTS,VIC,-38.47998,145.23283
3923,RHYLL,VIC,-38.47241,145.27565
3925,CAPE WOOLAMAI,VIC,-38.52611,145.33694
3925,CHURCHILL ISLAND,VIC,-38.49971,145.33812
3925,NEWHAVEN,VIC,-38.51250,145.35833
3925,SAN REMO,VIC,-38.52542,145.37685
3926,BALNARRING,VIC,-38.37100,145.11800
3926,BALNARRING BEACH,VIC,-38.38899,145.11827
3926,MERRICKS BEACH,VIC,-38.39800,145.10600
3926,MERRICKS NORTH,VIC,-38.35400,145.07500
3927,SOMERS,VIC,-38.37937,145.16518
3928,MAIN RIDGE,VIC,-38.40188,144.97220
3929,FLINDERS,VIC,-38.45745,144.97220
3930,KUNYUNG,VIC,-38.19128,145.07892
3930,MOUNT ELIZA,VIC,-38.19522,145.08793
3931,MORNINGTON,VIC,-38.22771,145.06036
3933,MOOROODUC,VIC,-38.25016,145.12655
3934,MOUNT MARTHA,VIC,-38.28704,145.01627
3936,ARTHURS SEAT,VIC,-38.35200,144.95300
3936,DROMANA,VIC,-38.33800,144.96500
3936,SAFETY BEACH,VIC,-38.32200,144.98600
3937,RED HILL,VIC,-38.35500,145.01600
3937,RED HILL SOUTH,VIC,-38.38400,145.02400
3938,MCCRAE,VIC,-38.35628,144.93365
3939,BONEO,VIC,-38.41300,144.88800
3939,CAPE SCHANCK,VIC,-38.46100,144.90500
3939,FINGAL,VIC,-38.42111,144.86111
3939,ROSEBUD,VIC,-38.35600,144.91800
3939,ROSEBUD PLAZA,VIC,-38.36157,144.89136
3940,CAPEL SOUND,VIC,-38.37450,144.87900
3940,ROSEBUD WEST,VIC,-38.37450,144.87900
3941,RYE,VIC,-38.37700,144.83800
3941,ST ANDREWS BEACH,VIC,-38.41900,144.83000
3941,TOOTGAROOK,VIC,-38.37400,144.84900
3942,BLAIRGOWRIE,VIC,-38.36459,144.76867
3943,SORRENTO,VIC,-38.34778,144.74670
3944,PORTSEA,VIC,-38.32000,144.71300
3945,BELLVIEW,VIC,-38.38158,145.69705
3945,JEETHO,VIC,-38.41308,145.72520
3945,KROWERA,VIC,-38.44197,145.66421
3945,LOCH,VIC,-38.37384,145.68770
3945,WOODLEIGH,VIC,-38.39544,145.63358
3946,BENA,VIC,-38.45069,145.72450
3950,KARDELLA SOUTH,VIC,-38.45845,145.87462
3950,KORUMBURRA,VIC,-38.43784,145.81509
3950,KORUMBURRA SOUTH,VIC,-38.46618,145.84701
3950,STRZELECKI,VIC,-38.34166,145.90245
3950,WHITELAW,VIC,-38.43608,145.77174
3951,ARAWATA,VIC,-38.39506,145.88923
3951,FAIRBANK,VIC,-38.40784,145.91915
3951,JUMBUNNA,VIC,-38.46232,145.77625
3951,KARDELLA,VIC,-38.42115,145.87462
3951,KONGWAK,VIC,-38.51746,145.70961
3951,MOYARRA,VIC,-38.48003,145.72172
3951,OUTTRIM,VIC,-38.51163,145.76965
3951,RANCEBY,VIC,-38.37909,145.83641
3953,BERRYS CREEK,VIC,-38.41889,146.08076
3953,BOOROOL,VIC,-38.44639,146.03789
3953,HALLSTON,VIC,-38.36398,146.02072
3953,KOOROOMAN,VIC,-38.48409,146.04278
3953,LEONGATHA,VIC,-38.47403,145.94367
3953,LEONGATHA NORTH,VIC,-38.41967,145.96928
3953,LEONGATHA SOUTH,VIC,-38.53307,145.90663
3953,MARDAN,VIC,-38.47796,146.09540
3953,MOUNT ECCLES,VIC,-38.36919,145.98081
3953,MOUNT ECCLES SOUTH,VIC,-38.41461,145.99295
3953,NERRENA,VIC,-38.49253,146.01176
3953,RUBY,VIC,-38.43583,145.91915
3953,TRIDA,VIC,-38.32703,145.97694
3953,WILD DOG VALLEY,VIC,-38.36696,145.94547
3953,WOOREEN,VIC,-38.40230,146.03800
3954,KOONWARRA,VIC,-38.56151,145.94700
3956,DUMBALK,VIC,-38.53389,146.09444
3956,DUMBALK NORTH,VIC,-38.50478,146.15957
3956,MEENIYAN,VIC,-38.58351,146.01385
3956,MIDDLE TARWIN,VIC,-38.67730,145.92300
3956,MIRBOO SOUTH,VIC,-38.39506,146.14984
3956,TARWIN,VIC,-38.73779,145.90872
3956,TARWIN LOWER,VIC,-38.73779,145.90872
3956,VENUS BAY,VIC,-38.68333,145.80000
3956,WALKERVILLE,VIC,-38.82491,145.96962
3956,WALKERVILLE NORTH,VIC,-38.84190,145.99900
3956,WALKERVILLE SOUTH,VIC,-38.86117,145.99783
3957,GRASSY SPUR,VIC,-38.62038,146.10820
3957,STONY CREEK,VIC,-38.59415,146.10307
3958,BUFFALO,VIC,-38.67660,146.01385
3958,BUFFALO CREEK,VIC,-38.65930,146.01962
3959,FISH CREEK,VIC,-38.70435,146.08773
3959,HODDLE,VIC,-38.68788,146.12821
3959,SANDY POINT,VIC,-38.82560,146.13410
3959,WARATAH BAY,VIC,-38.79999,146.06402
3959,WARATAH NORTH,VIC,-38.77088,146.07331
3960,BENNISON,VIC,-38.67075,146.27337
3960,BOOLARONG,VIC,-38.58132,146.23878
3960,FOSTER,VIC,-38.65000,146.20000
3960,FOSTER NORTH,VIC,-38.59742,146.17004
3960,GUNYAH,VIC,-38.52561,146.25512
3960,MOUNT BEST,VIC,-38.58799,146.29853
3960,RUMBUG,VIC,-38.57920,146.19500
3960,SHALLOW INLET,VIC,-38.81667,146.16667
3960,TIDAL RIVER,VIC,-39.03172,146.32131
3960,TURTONS CREEK,VIC,-38.55394,146.22798
3960,WILSONS PROMONTORY,VIC,-38.95886,146.36823
3960,WONGA,VIC,-38.59880,146.24753
3960,WOORARRA WEST,VIC,-38.59193,146.21750
3960,YANAKIE,VIC,-38.80715,146.22239
3962,AGNES,VIC,-38.65778,146.38195
3962,CHRISTIES,VIC,-35.13500,138.47700
3962,GRAND RIDGE,VIC,-38.61830,146.34900
3962,TOORA,VIC,-38.65978,146.30412
3962,TOORA NORTH,VIC,-38.61834,146.34886
3962,WONYIP,VIC,-38.57733,146.37893
3962,WOORARRA,VIC,-38.57179,146.38935
3962,WOORARRA EAST,VIC,-38.60408,146.37683
3964,PORT FRANKLIN,VIC,-38.68473,146.27337
3965,PORT WELSHPOOL,VIC,-38.69271,146.47759
3966,BINGINWARRI,VIC,-38.59707,146.45441
3966,HAZEL PARK,VIC,-38.63571,146.38802
3966,WELSHPOOL,VIC,-38.66667,146.43333
3967,HEDLEY,VIC,-38.67060,146.53923
3971,ALBERTON,VIC,-38.61667,146.66667
3971,ALBERTON WEST,VIC,-38.60000,146.59056
3971,BALOOK,VIC,-38.43120,146.54255
3971,BAROMI,VIC,-38.40240,146.17700
3971,CALROSSIE,VIC,-38.50157,146.66822
3971,DEVON NORTH,VIC,-38.51888,146.64367
3971,GELLIONDALE,VIC,-38.62774,146.60475
3971,HIAWATHA,VIC,-38.53855,146.47304
3971,HUNTERSTON,VIC,-38.59946,146.78299
3971,JACK RIVER,VIC,-38.57028,146.55389
3971,LANGSBOROUGH,VIC,-38.64990,146.67103
3971,MACKS CREEK,VIC,-38.47902,146.64262
3971,MADALYA,VIC,-38.50832,146.49895
3971,MANNS BEACH,VIC,-38.64505,146.77552
3971,PORT ALBERT,VIC,-38.66528,146.68833
3971,ROBERTSONS BEACH,VIC,-38.65449,146.72822
3971,SNAKE ISLAND,VIC,-38.77040,146.54500
3971,STACEYS BRIDGE,VIC,-38.56031,146.52872
3971,TARRA VALLEY,VIC,-38.46718,146.58022
3971,TARRAVILLE,VIC,-38.62805,146.72050
3971,WON WRON,VIC,-38.46106,146.70822
3971,YARRAM,VIC,-38.56559,146.67510
3975,LYNBROOK,VIC,-38.05000,145.25200
3975,LYNDHURST,VIC,-38.07047,145.24249
3976,HAMPTON PARK,VIC,-38.03496,145.27565
3977,BOTANIC RIDGE,VIC,-38.14400,145.26700
3977,CANNONS CREEK,VIC,-38.21300,145.31500
3977,CRANBOURNE,VIC,-38.10500,145.27900
3977,CRANBOURNE EAST,VIC,-38.11633,145.30761
3977,CRANBOURNE NORTH,VIC,-38.07000,145.29100
3977,CRANBOURNE SOUTH,VIC,-38.15811,145.25354
3977,CRANBOURNE WEST,VIC,-38.10217,145.25354
3977,DEVON MEADOWS,VIC,-38.16200,145.30300
3977,FIVE WAYS,VIC,-38.16710,145.32000
3977,JUNCTION VILLAGE,VIC,-38.13200,145.29300
3977,SANDHURST,VIC,-38.08100,145.20700
3977,SKYE,VIC,-38.11900,145.20000
3978,CARDINIA,VIC,-38.14700,145.42300
3978,CLYDE,VIC,-38.13200,145.32700
3978,CLYDE NORTH,VIC,-38.10628,145.34843
3979,ALMURTA,VIC,-38.47231,145.62118
3979,GLEN ALVIE,VIC,-38.52879,145.64881
3979,KERNOT,VIC,-38.44010,145.62005
3979,KORRINE,VIC,-38.51316,145.64196
3980,BLIND BIGHT,VIC,-38.21386,145.33991
3980,TOORADIN,VIC,-38.21111,145.38000
3980,WARNEET,VIC,-38.22400,145.30900
3981,BAYLES,VIC,-38.18200,145.57500
3981,CATANI,VIC,-38.18333,145.65000
3981,DALMORE,VIC,-38.19000,145.42500
3981,HEATH HILL,VIC,-38.24400,145.69200
3981,KOO WEE RUP,VIC,-38.19800,145.48900
3981,KOO WEE RUP NORTH,VIC,-38.14869,145.53859
3981,YANNATHAN,VIC,-38.23333,145.63333
3984,ADAMS ESTATE,VIC,-38.42567,145.53235
3984,CALDERMEADE,VIC,-38.23802,145.57645
3984,CORINELLA,VIC,-38.42423,145.46378
3984,CORONET BAY,VIC,-38.43333,145.45000
3984,GRANTVILLE,VIC,-38.40000,145.53333
3984,JAM JERRUP,VIC,-38.32178,145.52042
3984,LANG LANG,VIC,-38.26667,145.56667
3984,LANG LANG EAST,VIC,-38.27290,145.65231
3984,MONOMEITH,VIC,-38.21556,145.53789
3984,PIONEER BAY,VIC,-38.38050,145.55037
3984,QUEENSFERRY,VIC,-38.41931,145.50117
3984,TENBY POINT,VIC,-38.41469,145.47347
3984,THE GURDIES,VIC,-38.38639,145.56593
3987,NYORA,VIC,-38.30545,145.68007
3988,MOUNTAIN VIEW,VIC,-38.29752,145.85021
3988,POOWONG,VIC,-38.35000,145.75000
3988,POOWONG EAST,VIC,-38.31826,145.82648
3988,POOWONG NORTH,VIC,-38.28626,145.79119
3989,ST HELIER,VIC,-31.82510,144.96394
3990,GLEN FORBES,VIC,-38.43998,145.52473
3991,BASS,VIC,-38.47349,145.45824
3992,BLACKWOOD FOREST,VIC,-38.49676,145.61308
3992,DALYSTON,VIC,-38.56488,145.53428
3992,RYANSTON,VIC,-38.49940,145.59127
3992,WEST CREEK,VIC,-38.55221,145.62941
3995,ANDERSON,VIC,-38.52271,145.45270
3995,ARCHIES CREEK,VIC,-38.54806,145.56361
3995,CAPE PATERSON,VIC,-38.67170,145.61980
3995,HARMERS HAVEN,VIC,-38.65495,145.57740
3995,HICKSBOROUGH,VIC,-38.59225,145.58964
3995,KILCUNDA,VIC,-38.54980,145.47610
3995,LANCE CREEK,VIC,-38.55141,145.65404
3995,NORTH WONTHAGGI,VIC,-38.60895,145.59110
3995,POWLETT RIVER,VIC,-38.57876,145.53329
3995,SOUTH DUDLEY,VIC,-38.59000,145.57740
3995,ST CLAIR,VIC,-38.57780,145.65526
3995,WATTLE BANK,VIC,-38.57400,145.69950
3995,WONTHAGGI,VIC,-38.60895,145.59110
3995,WOOLAMAI,VIC,-38.51331,145.49217
3996,INVERLOCH,VIC,-38.63340,145.72780
3996,POUND CREEK,VIC,-38.60412,145.86280
4000,BRISBANE,QLD,-27.46610,153.02359
4000,BRISBANE ADELAIDE STREET,QLD,-27.46662,153.02737
4000,BRISBANE CITY,QLD,-27.46980,153.02500
4000,BRISBANE CITY DC,QLD,-27.46790,153.02800
4000,BRISBANE GPO,QLD,-27.46790,153.02800
4000,BRISBANE-CITY,QLD,-27.46980,153.02500
4000,PARLIAMENT HOUSE,QLD,-27.47540,153.02700
4000,PETRIE TERRACE,QLD,-27.46260,153.01300
4000,SPRING HILL,QLD,-27.46000,153.02600
4001,BRISBANE,QLD,-27.46977,153.02512
4001,CENTRAL PLAZA,QLD,-27.46706,153.02911
4001,RIVERSIDE CENTRE,QLD,-27.46710,153.03034
4001,WATERFRONT PLACE,QLD,-27.46998,153.03048
4002,BRISBANE ALBERT STREET BC,QLD,-27.47260,153.02800
4002,CITY EAST,QLD,-27.47260,153.02800
4002,WINTERGARDEN,QLD,-27.46930,153.02700
4003,GEORGE STREET,QLD,-27.47098,153.02358
4004,SPRING HILL,QLD,-27.46000,153.02600
4005,NEW FARM,QLD,-27.46800,153.04800
4005,TENERIFFE,QLD,-27.45640,153.04900
4006,BOWEN BRIDGE,QLD,-27.44320,153.03800
4006,BOWEN HILLS,QLD,-27.44319,153.03839
4006,BRISBANE EXHIBITION,QLD,-27.45080,153.03300
4006,FORTITUDE VALLEY,QLD,-27.45650,153.03450
4006,FORTITUDE VALLEY BC,QLD,-27.45620,153.03500
4006,HERSTON,QLD,-27.44515,153.02069
4006,MAYNE,QLD,-27.44480,153.03700
4006,NEWSTEAD,QLD,-27.44764,153.04567
4007,ASCOT,QLD,-27.43194,153.06500
4007,BRISBANE AIRPORT,QLD,-27.43670,153.06500
4007,DOOMBEN,QLD,-27.42860,153.07400
4007,HAMILTON,QLD,-27.43700,153.05900
4007,HAMILTON CENTRAL,QLD,-27.43700,153.05900
4007,WHINSTANES,QLD,-27.43810,153.08200
4008,BRISBANE AIRPORT,QLD,-27.39410,153.11500
4008,BULWER ISLAND,QLD,-27.41760,153.13000
4008,MEEANDAH,QLD,-27.43040,153.10900
4008,MYRTLETOWN,QLD,-27.40040,153.13200
4008,PINKENBA,QLD,-27.43333,153.11667
4009,EAGLE FARM,QLD,-27.43302,153.08299
4009,EAGLE FARM BC,QLD,-27.43330,153.08300
4010,ALBION,QLD,-27.43075,153.04272
4010,ALBION BC,QLD,-27.43050,153.04600
4010,ALBION DC,QLD,-27.43190,153.04600
4010,BREAKFAST CREEK,QLD,-27.44070,153.04600
4011,CLAYFIELD,QLD,-27.41594,153.05838
4011,EAGLE JUNCTION,QLD,-27.41510,153.05000
4011,HENDRA,QLD,-27.41923,153.07369
4012,NUNDAH,QLD,-27.40345,153.06044
4012,TOOMBUL,QLD,-27.41003,153.06212
4012,WAVELL HEIGHTS,QLD,-27.39300,153.04800
4012,WAVELL HEIGHTS NORTH,QLD,-27.38967,153.04922
4013,NORTHGATE,QLD,-27.39449,153.07069
4013,NORTHGATE MC,QLD,-27.39450,153.07100
4014,BANYO,QLD,-27.37967,153.08125
4014,NUDGEE,QLD,-27.37100,153.09000
4014,NUDGEE BEACH,QLD,-27.35400,153.10100
4014,VIRGINIA,QLD,-27.37600,153.06500
4014,VIRGINIA BC,QLD,-27.36990,153.06000
4014,VIRGINIA DC,QLD,-27.36990,153.06000
4017,BRACKEN RIDGE,QLD,-27.32375,153.02661
4017,BRIGHTON,QLD,-27.29900,153.05700
4017,BRIGHTON EVENTIDE,QLD,-27.29793,153.06182
4017,BRIGHTON NATHAN STREET,QLD,-27.30318,153.05374
4017,DEAGON,QLD,-27.32800,153.06000
4017,NASHVILLE,QLD,-27.30750,153.05000
4017,SANDGATE,QLD,-27.32380,153.07100
4017,SANDGATE DC,QLD,-27.31900,153.06900
4017,SHORNCLIFFE,QLD,-27.32700,153.07900
4018,FITZGIBBON,QLD,-27.35000,153.03333
4018,TAIGUM,QLD,-27.35000,153.05000
4019,CLONTARF,QLD,-27.24630,153.08270
4019,CLONTARF BEACH,QLD,-27.26094,153.08150
4019,CLONTARF DC,QLD,-27.25720,153.08600
4019,HUMPYBONG,QLD,-27.24610,153.10900
4019,MARGATE,QLD,-27.24300,153.10250
4019,MARGATE BEACH,QLD,-27.24468,153.11168
4019,SCOTTS POINT,QLD,-27.25220,153.11000
4019,WOODY POINT,QLD,-27.25440,153.10160
4020,NEWPORT,QLD,-27.21050,153.09000
4020,REDCLIFFE,QLD,-27.22580,153.10630
4020,REDCLIFFE NORTH,QLD,-27.21719,153.11219
4020,SCARBOROUGH,QLD,-27.20470,153.11020
4021,KIPPA-RING,QLD,-27.22316,153.08247
4022,ROTHWELL,QLD,-27.21443,153.05271
4025,BULWER,QLD,-27.07528,153.36917
4025,CAPE MORETON,QLD,-27.03333,153.46667
4025,COWAN COWAN,QLD,-27.12482,153.36714
4025,KOORINGAL,QLD,-27.35481,153.42574
4025,MORETON ISLAND,QLD,-27.34630,153.42400
4025,TANGALOOMA,QLD,-27.17890,153.37309
4029,ROYAL BRISBANE HOSPITAL,QLD,-27.44698,153.02847
4030,EILDON HILL,QLD,-27.43070,153.02500
4030,KALINGA,QLD,-27.41040,153.04800
4030,LUTWYCHE,QLD,-27.42300,153.03400
4030,WINDSOR,QLD,-27.43268,153.03201
4030,WOOLOOWIN,QLD,-27.42234,153.04106
4031,GLEN KEDRON,QLD,-27.40740,153.03600
4031,GORDON PARK,QLD,-27.41600,153.02700
4031,KEDRON,QLD,-27.40001,153.03158
4032,CHERMSIDE,QLD,-27.38593,153.02948
4032,CHERMSIDE BC,QLD,-27.38300,153.03200
4032,CHERMSIDE CENTRE,QLD,-27.38304,153.03207
4032,CHERMSIDE SOUTH,QLD,-27.39091,153.03175
4032,CHERMSIDE WEST,QLD,-27.38139,153.01222
4032,CRAIGSLEA,QLD,-27.38250,153.01500
4034,ASPLEY,QLD,-27.36390,153.01570
4034,BOONDALL,QLD,-27.35336,153.06063
4034,CARSELDINE,QLD,-27.34590,153.01249
4034,GEEBUNG,QLD,-27.37100,153.04800
4034,ZILLMERE,QLD,-27.35833,153.05000
4035,ALBANY CREEK,QLD,-27.34694,152.96806
4035,BRIDGEMAN DOWNS,QLD,-27.35500,152.99420
4035,CASHS CROSSING,QLD,-27.34250,152.96200
4036,BALD HILLS,QLD,-27.31381,153.00887
4037,EATONS HILL,QLD,-27.33920,152.93530
4051,ALDERLEY,QLD,-27.42389,153.00500
4051,ENOGGERA,QLD,-27.42800,152.97800
4051,GAYTHORNE,QLD,-27.41800,152.98300
4051,GRANGE,QLD,-27.42300,153.01500
4051,NEWMARKET,QLD,-27.43500,153.00900
4051,THE GRANGE,QLD,-27.42300,153.01500
4051,WILSTON,QLD,-27.43500,153.02100
4053,BROOKSIDE CENTRE,QLD,-27.40929,152.97921
4053,EVERTON HILLS,QLD,-27.39139,152.97194
4053,EVERTON PARK,QLD,-27.39806,152.98889
4053,MCDOWALL,QLD,-27.38694,152.99000
4053,MITCHELTON,QLD,-27.41000,152.97306
4053,OXFORD PARK,QLD,-27.40470,152.96900
4053,SOMERSET HILLS,QLD,-27.39770,153.01900
4053,STAFFORD,QLD,-27.41190,153.01020
4053,STAFFORD BC,QLD,-27.41850,153.01400
4053,STAFFORD CITY,QLD,-27.41190,153.01000
4053,STAFFORD DC,QLD,-27.41850,153.01400
4053,STAFFORD HEIGHTS,QLD,-27.39600,153.01100
4054,ARANA HILLS,QLD,-27.39750,152.95944
4054,GROVELY,QLD,-27.40080,152.96100
4054,KEPERRA,QLD,-27.41194,152.95500
4055,BUNYA,QLD,-27.36972,152.93778
4055,FERNY GROVE,QLD,-27.40306,152.92806
4055,FERNY HILLS,QLD,-27.39000,152.93300
4055,FERNY HILLS DC,QLD,-27.40030,152.93800
4055,KEDRON UPPER,QLD,-27.40000,153.03200
4055,UPPER KEDRON,QLD,-27.41889,152.91889
4059,BALLYMORE,QLD,-27.44560,153.01400
4059,ITHACA,QLD,-27.45250,153.00400
4059,KELVIN GROVE,QLD,-27.45157,153.00593
4059,KELVIN GROVE BC,QLD,-27.45130,153.01500
4059,KELVIN GROVE DC,QLD,-27.45130,153.01500
4059,NORMANBY,QLD,-27.45680,153.01500
4059,RED HILL,QLD,-27.45253,153.00446
4060,ASHGROVE,QLD,-27.44124,152.98238
4060,ASHGROVE EAST,QLD,-27.44120,152.98200
4060,ASHGROVE WEST,QLD,-27.44884,152.97844
4060,DORRINGTON,QLD,-27.43790,152.99000
4060,ST JOHNS WOOD,QLD,-27.44590,152.97200
4061,THE GAP,QLD,-27.44016,152.93824
4064,BAROONA,QLD,-27.46620,152.99700
4064,MILTON,QLD,-27.46778,153.00667
4064,MILTON BC,QLD,-27.46780,153.00700
4064,PADDINGTON,QLD,-27.46167,153.00250
4064,ROSALIE,QLD,-27.46590,152.99700
4065,BARDON,QLD,-27.46170,152.97650
4065,BARDON WEST,QLD,-27.46170,152.97600
4065,JUBILEE,QLD,-27.45260,152.98900
4065,RAINWORTH,QLD,-27.46170,152.97600
4066,AUCHENFLOWER,QLD,-27.47556,152.99167
4066,MOUNT COOT-THA,QLD,-27.46877,152.94275
4066,STUARTHOLME,QLD,-27.46860,152.97400
4066,TOOWONG,QLD,-27.48429,152.98375
4066,TOOWONG BC,QLD,-27.48710,152.99200
4066,TOOWONG DC,QLD,-27.48710,152.99200
4066,TORWOOD,QLD,-27.46990,152.99900
4067,IRONSIDE,QLD,-27.49870,152.99600
4067,ST LUCIA,QLD,-27.49916,153.00004
4067,ST LUCIA SOUTH,QLD,-27.50152,153.00689
4068,CHELMER,QLD,-27.51630,152.97590
4068,INDOOROOPILLY,QLD,-27.50201,152.97589
4068,INDOOROOPILLY CENTRE,QLD,-27.50018,152.97215
4068,LONG POCKET,QLD,-27.50970,152.99600
4068,TARINGA,QLD,-27.49381,152.98091
4069,BROOKFIELD,QLD,-27.49190,152.89790
4069,CHAPEL HILL,QLD,-27.50093,152.94685
4069,FIG TREE POCKET,QLD,-27.53172,152.96822
4069,KENMORE,QLD,-27.51900,152.93750
4069,KENMORE DC,QLD,-27.50590,152.93900
4069,KENMORE EAST,QLD,-27.51900,152.93750
4069,KENMORE HILLS,QLD,-27.50000,152.93333
4069,LONE PINE,QLD,-27.53380,152.96900
4069,PINJARRA HILLS,QLD,-27.53909,152.90588
4069,PULLENVALE,QLD,-27.51710,152.89140
4069,UPPER BROOKFIELD,QLD,-27.47778,152.86889
4070,ANSTEAD,QLD,-27.54472,152.86611
4070,BELLBOWRIE,QLD,-27.56667,152.88333
4070,MOGGILL,QLD,-27.58333,152.86667
4070,PRIORS POCKET,QLD,-27.58450,152.88900
4072,UNIVERSITY OF QUEENSLAND,QLD,-27.49750,153.01369
4073,SEVENTEEN MILE ROCKS,QLD,-27.55100,152.95900
4073,SINNAMON PARK,QLD,-27.54060,152.95190
4074,JAMBOREE HEIGHTS,QLD,-27.55715,152.93383
4074,JINDALEE,QLD,-27.53730,152.93540
4074,MIDDLE PARK,QLD,-27.55363,152.92353
4074,MOUNT OMMANEY,QLD,-27.54528,152.93139
4074,RIVERHILLS,QLD,-27.56040,152.90900
4074,SUMNER,QLD,-27.56667,152.93333
4074,SUMNER PARK BC,QLD,-27.56500,152.93300
4074,WESTLAKE,QLD,-27.55000,152.91667
4075,CORINDA,QLD,-27.54427,152.98238
4075,GRACEVILLE,QLD,-27.52092,152.98091
4075,GRACEVILLE EAST,QLD,-27.52092,152.98091
4075,OXLEY,QLD,-27.55341,152.97277
4075,SHERWOOD,QLD,-27.53139,152.98000
4076,DARRA,QLD,-27.56602,152.95321
4076,WACOL,QLD,-27.58876,152.92542
4076,WACOL EAST IMMIGRATION CENTRE,QLD,-27.58880,152.92500
4077,DOOLANDELLA,QLD,-27.61667,152.98333
4077,DURACK,QLD,-27.58333,152.98333
4077,INALA,QLD,-27.58560,152.97540
4077,INALA EAST,QLD,-27.58560,152.97540
4077,INALA HEIGHTS,QLD,-27.59718,152.98309
4077,INALA WEST,QLD,-27.59520,152.97900
4077,RICHLANDS,QLD,-27.58690,152.95296
4077,RICHLANDS BC,QLD,-27.57990,152.95100
4077,RICHLANDS DC,QLD,-27.58460,152.94500
4077,SERVICETON,QLD,-27.59410,152.97600
4078,ELLEN GROVE,QLD,-27.61667,152.95000
4078,FOREST LAKE,QLD,-27.61667,152.96667
4101,HIGHGATE HILL,QLD,-27.48700,153.01900
4101,MATER HILL,QLD,-27.48500,153.02800
4101,MATER HOSPITAL,QLD,-27.48520,153.02800
4101,SOUTH BANK,QLD,-27.47990,153.01200
4101,SOUTH BRISBANE,QLD,-27.47665,153.01667
4101,SOUTH BRISBANE BC,QLD,-27.47660,153.01700
4101,WEST END,QLD,-27.48020,153.01220
4102,BURANDA,QLD,-27.49345,153.04052
4102,DUTTON PARK,QLD,-27.49417,153.02583
4102,PRINCESS ALEXANDRA HOSPITAL,QLD,-27.49900,153.03300
4102,WOOLLOONGABBA,QLD,-27.48560,153.02910
4103,ANNERLEY,QLD,-27.51390,153.03093
4103,ANNERLEY DC,QLD,-27.51210,153.03100
4103,FAIRFIELD,QLD,-27.50650,153.02470
4103,FAIRFIELD GARDENS,QLD,-27.50900,153.02595
4103,THOMPSON ESTATE,QLD,-27.50700,153.04200
4104,YERONGA,QLD,-27.51405,153.01495
4104,YERONGA WEST,QLD,-27.51860,153.01400
4105,CLIFTON HILL,QLD,-27.52340,153.02700
4105,MOOROOKA,QLD,-27.53500,153.02600
4105,MOORVALE,QLD,-27.53300,153.02400
4105,TENNYSON,QLD,-27.52627,153.00004
4105,YEERONGPILLY,QLD,-27.53000,153.01200
4106,BRISBANE MARKET,QLD,-27.53684,153.00205
4106,ROCKLEA,QLD,-27.55339,153.00004
4106,ROCKLEA DC,QLD,-27.53650,153.00100
4107,SALISBURY,QLD,-27.54991,153.03536
4107,SALISBURY EAST,QLD,-27.54991,153.03536
4108,ARCHERFIELD,QLD,-27.56833,153.02417
4108,ARCHERFIELD BC,QLD,-27.56750,153.02200
4108,COOPERS PLAINS,QLD,-27.57030,153.03720
4109,ALTANDI,QLD,-27.58370,153.06600
4109,BANOON,QLD,-27.57670,153.04700
4109,MACGREGOR,QLD,-27.56193,153.07459
4109,ROBERTSON,QLD,-27.56570,153.05720
4109,SUNNYBANK,QLD,-27.57900,153.05900
4109,SUNNYBANK HILLS,QLD,-27.60000,153.05000
4109,SUNNYBANK SOUTH,QLD,-27.58949,153.06106
4110,ACACIA RIDGE,QLD,-27.58333,153.03333
4110,ACACIA RIDGE BC,QLD,-27.58330,153.03300
4110,ACACIA RIDGE DC,QLD,-27.59000,153.02800
4110,HEATHWOOD,QLD,-27.63333,152.98333
4110,HEATHWOOD DF,QLD,-27.63330,152.98300
4110,LARAPINTA,QLD,-27.63333,153.00000
4110,PALLARA,QLD,-27.61667,153.01667
4110,WILLAWONG,QLD,-27.60000,153.00000
4111,GRIFFITH UNIVERSITY,QLD,-27.55150,153.05600
4111,NATHAN,QLD,-27.55150,153.05597
4112,KURABY,QLD,-27.60558,153.09424
4113,EIGHT MILE PLAINS,QLD,-27.57586,153.09216
4113,FRUITGROVE,QLD,-27.59810,153.08000
4113,RUNCORN,QLD,-27.59647,153.07658
4114,KINGSTON,QLD,-27.65000,153.11667
4114,LOGAN CENTRAL,QLD,-27.64222,153.10694
4114,LOGAN CITY BC,QLD,-27.64270,153.10400
4114,LOGAN CITY DC,QLD,-27.64270,153.10400
4114,TRINDER PARK,QLD,-27.62780,153.09400
4114,WOODRIDGE,QLD,-27.63333,153.10000
4114,WOODRIDGE EAST,QLD,-27.63330,153.10000
4115,ALGESTER,QLD,-27.61139,153.03361
4115,PARKINSON,QLD,-27.63655,153.03000
4116,CALAMVALE,QLD,-27.62389,153.05000
4116,DREWVALE,QLD,-27.65000,153.05000
4116,STRETTON,QLD,-27.62333,153.06778
4117,BERRINBA,QLD,-27.65612,153.07658
4117,KARAWATHA,QLD,-27.63333,153.08333
4118,BROWNS PLAINS,QLD,-27.66204,153.05302
4118,BROWNS PLAINS BC,QLD,-27.66330,153.04300
4118,BROWNSLEIGH,QLD,-27.67500,153.05000
4118,FORESTDALE,QLD,-27.66361,153.00250
4118,HERITAGE PARK,QLD,-27.68000,153.06000
4118,HILLCREST,QLD,-27.66254,153.02948
4118,REGENTS PARK,QLD,-27.67611,153.04222
4119,UNDERWOOD,QLD,-27.60926,153.11191
4120,GREENSLOPES,QLD,-27.50967,153.05281
4120,LORETO HILL,QLD,-26.01180,111.34800
4120,STONES CORNER,QLD,-27.49871,153.04668
4121,EKIBIN,QLD,-27.51600,153.04000
4121,HOLLAND PARK,QLD,-27.51700,153.06700
4121,HOLLAND PARK EAST,QLD,-27.51700,153.06700
4121,HOLLAND PARK WEST,QLD,-27.52287,153.06032
4121,MOUNT THOMPSON,QLD,-27.52680,153.07700
4121,TARRAGINDI,QLD,-27.52423,153.04642
4121,WELLERS HILL,QLD,-27.51951,153.04993
4122,MANSFIELD,QLD,-27.53333,153.10000
4122,MANSFIELD BC,QLD,-27.53090,153.10200
4122,MANSFIELD DC,QLD,-27.53080,153.10200
4122,MOUNT GRAVATT,QLD,-27.53640,153.06714
4122,MOUNT GRAVATT EAST,QLD,-27.53200,153.08400
4122,UPPER MOUNT GRAVATT,QLD,-27.55528,153.07972
4122,UPPER MOUNT GRAVATT BC,QLD,-27.56440,153.08300
4122,WISHART,QLD,-27.55466,153.09983
4123,PRIESTS GULLY,QLD,-27.59240,153.14300
4123,ROCHEDALE,QLD,-27.56924,153.11648
4123,ROCHEDALE SOUTH,QLD,-27.59697,153.13266
4124,BORONIA HEIGHTS,QLD,-27.68333,153.01667
4124,GREENBANK,QLD,-27.68333,152.98333
4124,LYONS,QLD,-27.75531,152.88934
4124,NEW BEITH,QLD,-27.74395,152.95460
4124,SILVERBARK RIDGE,QLD,-27.78790,152.92800
4125,MUNRUBEN,QLD,-27.75000,153.03333
4125,PARK RIDGE,QLD,-27.70000,153.06667
4125,PARK RIDGE SOUTH,QLD,-27.72499,153.05597
4127,CHATSWOOD HILLS,QLD,-27.63460,153.14500
4127,DAISY HILL,QLD,-27.63610,153.15483
4127,PRIESTDALE,QLD,-27.60944,153.16492
4127,SLACKS CREEK,QLD,-27.63963,153.12660
4127,SPRINGWOOD,QLD,-27.61590,153.13747
4127,SPRINGWOOD BC,QLD,-27.61590,153.13700
4128,KIMBERLEY PARK,QLD,-27.64650,153.18700
4128,LOGAN HYPERDOME BC,QLD,-27.65890,153.17200
4128,SHAILER PARK,QLD,-27.65083,153.18350
4128,TANAH MERAH,QLD,-27.67786,153.17484
4129,LOGANDALE,QLD,-27.67340,153.21100
4129,LOGANHOLME,QLD,-27.68486,153.18849
4129,LOGANHOLME BC,QLD,-27.65890,153.17200
4129,LOGANHOLME DC,QLD,-27.68490,153.18800
4130,CARBROOK,QLD,-27.68709,153.27603
4130,CORNUBIA,QLD,-27.65000,153.20000
4131,LOGANLEA,QLD,-27.67639,153.13083
4131,MEADOWBROOK,QLD,-27.66667,153.15000
4132,CRESTMEAD,QLD,-27.68972,153.08806
4132,CRESTMEAD DC,QLD,-27.68910,153.07700
4132,MARSDEN,QLD,-27.67595,153.10091
4132,MARSDEN POSTAL DEPOT,QLD,-27.67880,153.11600
4133,CHAMBERS FLAT,QLD,-27.75340,153.09100
4133,LOGAN RESERVE,QLD,-27.70333,153.11083
4133,WATERFORD,QLD,-27.71080,153.14690
4133,WATERFORD WEST,QLD,-27.69111,153.12778
4151,COORPAROO,QLD,-27.50100,153.06199
4151,COORPAROO BC,QLD,-27.49240,153.04800
4151,COORPAROO DC,QLD,-27.49850,153.05300
4152,CAMP HILL,QLD,-27.50100,153.07900
4152,CARINA,QLD,-27.48583,153.10000
4152,CARINA HEIGHTS,QLD,-27.50700,153.09300
4152,CARINA NORTH,QLD,-27.48790,153.08800
4152,CARINDALE,QLD,-27.51984,153.11250
4152,WHITES HILL,QLD,-27.50980,153.08200
4153,BELMONT,QLD,-27.51107,153.13547
4153,BELMONT HEIGHTS,QLD,-27.48620,153.12700
4154,GUMDALE,QLD,-27.49424,153.15903
4154,RANSOME,QLD,-27.48333,153.18333
4154,WAKERLEY,QLD,-27.48333,153.16667
4155,CHANDLER,QLD,-27.51397,153.15597
4156,BURBANK,QLD,-27.55900,153.16300
4156,MACKENZIE,QLD,-27.54472,153.12139
4157,CAPALABA,QLD,-27.52299,153.19270
4157,CAPALABA BC,QLD,-27.52300,153.19300
4157,CAPALABA DC,QLD,-27.52380,153.19000
4157,CAPALABA WEST,QLD,-27.52299,153.19270
4157,SHELDON,QLD,-27.58200,153.19790
4158,THORNESIDE,QLD,-27.48649,153.20027
4159,BIRKDALE,QLD,-27.48804,153.22089
4160,EROBIN,QLD,-27.53300,153.28100
4160,ORMISTON,QLD,-27.51200,153.25400
4160,WELLINGTON POINT,QLD,-27.48700,153.23900
4161,ALEXANDRA HILLS,QLD,-27.52296,153.22059
4163,CLEVELAND,QLD,-27.53343,153.26677
4163,CLEVELAND DC,QLD,-27.52540,153.26900
4164,PINKLANDS,QLD,-27.56740,153.27500
4164,THORNLANDS,QLD,-27.56716,153.26214
4165,MOUNT COTTON,QLD,-27.61667,153.21667
4165,POINT HALLORAN,QLD,-27.56890,153.29600
4165,POINT TALBURPIN,QLD,-27.64150,153.31300
4165,REDLAND BAY,QLD,-27.63719,153.28572
4165,VICTORIA POINT,QLD,-27.58333,153.30000
4165,VICTORIA POINT WEST,QLD,-27.58932,153.28139
4169,EAST BRISBANE,QLD,-27.48200,153.05100
4169,KANGAROO POINT,QLD,-27.46667,153.03333
4169,STANLEY BRIDGE,QLD,-27.48800,153.04900
4170,CANNON HILL,QLD,-27.47300,153.09700
4170,COLMSLIE,QLD,-27.45290,153.08900
4170,MORNINGSIDE,QLD,-27.46200,153.07500
4170,NORMAN PARK,QLD,-27.47900,153.06200
4170,SEVEN HILLS,QLD,-27.47917,153.07500
4171,BALMORAL,QLD,-27.45389,153.06694
4171,BULIMBA,QLD,-27.45000,153.05800
4171,GALLOWAYS HILL,QLD,-10.78330,142.41700
4171,HAWTHORNE,QLD,-27.46700,153.05800
4172,MURARRIE,QLD,-27.45278,153.10308
4173,TINGALPA,QLD,-27.47185,153.12958
4173,TINGALPA BC,QLD,-27.47360,153.11400
4173,TINGALPA DC,QLD,-27.47360,153.11400
4174,DOBOY,QLD,-27.44590,153.11200
4174,HEMMANT,QLD,-27.44471,153.12958
4178,LINDUM,QLD,-27.44240,153.14400
4178,LYTTON,QLD,-27.41667,153.16667
4178,PORT OF BRISBANE,QLD,-27.38073,153.16400
4178,WYNNUM,QLD,-27.44369,153.17362
4178,WYNNUM CENTRAL,QLD,-27.44540,153.17000
4178,WYNNUM NORTH,QLD,-27.43268,153.16087
4178,WYNNUM PLAZA,QLD,-27.45677,153.15465
4178,WYNNUM WEST,QLD,-27.45000,153.15000
4179,LOTA,QLD,-27.46667,153.18333
4179,MANLY,QLD,-27.45000,153.18333
4179,MANLY WEST,QLD,-27.46667,153.16667
4183,AMITY,QLD,-27.39725,153.45376
4183,AMITY POINT,QLD,-27.39725,153.45376
4183,DUNWICH,QLD,-27.50000,153.40000
4183,NORTH STRADBROKE ISLAND,QLD,-27.53232,153.46261
4183,POINT LOOKOUT,QLD,-27.43465,153.53045
4184,COOCHIEMUDLO ISLAND,QLD,-27.56923,153.33140
4184,KARRAGARRA ISLAND,QLD,-27.63718,153.37182
4184,LAMB ISLAND,QLD,-27.62618,153.37709
4184,MACLEAY ISLAND,QLD,-27.61200,153.35500
4184,PEEL ISLAND,QLD,-27.50057,153.34761
4184,PERULPA ISLAND,QLD,-27.61191,153.37046
4184,RUSSELL ISLAND,QLD,-27.67051,153.38312
4205,BETHANIA,QLD,-27.68958,153.15903
4207,ALBERTON,QLD,-27.70690,153.26890
4207,BAHRS SCRUB,QLD,-27.73333,153.16667
4207,BANNOCKBURN,QLD,-27.76000,153.19222
4207,BEENLEIGH,QLD,-27.71502,153.19395
4207,BELIVAH,QLD,-27.75861,153.17500
4207,BUCCAN,QLD,-27.75000,153.13333
4207,CABBAGE TREE POINT,QLD,-27.73910,153.34600
4207,CEDAR CREEK,QLD,-27.82694,153.18139
4207,EAGLEBY,QLD,-27.70257,153.21307
4207,EDENS LANDING,QLD,-27.70288,153.17081
4207,HOLMVIEW,QLD,-27.71417,153.17000
4207,KAIRABAH,QLD,-27.84000,153.13400
4207,LOGAN VILLAGE,QLD,-27.77648,153.12074
4207,LUSCOMBE,QLD,-27.78917,153.20222
4207,MOUNT WARREN PARK,QLD,-27.73193,153.20616
4207,STAPYLTON,QLD,-27.72957,153.23885
4207,STEIGLITZ,QLD,-27.74417,153.35306
4207,WINDAROO,QLD,-27.74575,153.19438
4207,WOLFFDENE,QLD,-27.78056,153.17417
4207,WOONGOOLBA,QLD,-27.72750,153.31472
4207,YARRABILBA,QLD,-27.80231,153.10862
4207,YATALA,QLD,-27.75081,153.21747
4207,YATALA DC,QLD,-27.75820,153.23900
4207,YELLOW WOOD,QLD,-27.72790,153.23700
4208,BURNSIDE,QLD,-27.74340,153.26100
4208,GILBERTON,QLD,-27.74222,153.27361
4208,HALFWAY CREEK,QLD,-27.76330,153.23900
4208,JACOBS WELL,QLD,-27.78625,153.35953
4208,KINGSHOLME,QLD,-27.82306,153.23500
4208,NORWELL,QLD,-27.77694,153.31250
4208,ORMEAU,QLD,-27.78319,153.26386
4208,ORMEAU HILLS,QLD,-27.79889,153.23639
4209,CANOWINDRA,QLD,-27.80070,153.26700
4209,COOMERA,QLD,-27.84644,153.34395
4209,PIMPAMA,QLD,-27.82216,153.30539
4209,UPPER COOMERA,QLD,-27.88013,153.28319
4209,WILLOW VALE,QLD,-27.84278,153.26472
4210,GUANABA,QLD,-27.93333,153.23333
4210,MAUDSLAND,QLD,-27.93361,153.28056
4210,OXENFORD,QLD,-27.90471,153.30556
4210,STUDIO VILLAGE,QLD,-27.91833,153.31620
4210,WONGAWALLAN,QLD,-27.88806,153.23750
4211,ADVANCETOWN,QLD,-28.03158,153.27675
4211,BEECHMONT,QLD,-28.12600,153.18800
4211,BINNA BURRA,QLD,-28.19492,153.18921
4211,CARRARA,QLD,-28.02112,153.36185
4211,CLAGIRABA,QLD,-27.99619,153.23857
4211,GAVEN,QLD,-27.95311,153.33817
4211,GILSTON,QLD,-28.03000,153.30972
4211,HIGHLAND PARK,QLD,-28.01417,153.33417
4211,LATIMER,QLD,-28.05630,153.33700
4211,LOWER BEECHMONT,QLD,-28.04700,153.24700
4211,MOUNT NATHAN,QLD,-27.96300,153.27400
4211,NATURAL BRIDGE,QLD,-28.22672,153.23772
4211,NERANG,QLD,-27.99556,153.32222
4211,NERANG BC,QLD,-28.00000,153.34200
4211,NERANG DC,QLD,-28.00000,153.34200
4211,NUMINBAH VALLEY,QLD,-28.14113,153.22403
4211,PACIFIC PINES,QLD,-27.94660,153.32560
4211,PINDARI HILLS,QLD,-27.99560,153.32200
4211,SOUTHERN LAMINGTON,QLD,-28.30285,153.10082
4212,BOYKAMBIL,QLD,-27.87330,153.37800
4212,HELENSVALE,QLD,-27.91599,153.33455
4212,HELENSVALE TOWN CENTRE,QLD,-27.91599,153.33455
4212,HOPE ISLAND,QLD,-27.86690,153.36200
4212,MONTEREY KEYS,QLD,-27.88730,153.33600
4212,SANCTUARY COVE,QLD,-27.85257,153.36144
4212,SANTA BARBARA,QLD,-27.85620,153.35100
4213,AUSTINVILLE,QLD,-28.15917,153.30972
4213,BONOGIN,QLD,-28.14217,153.33475
4213,MUDGEERABA,QLD,-28.09052,153.36629
4213,NERANWOOD,QLD,-28.11690,153.31200
4213,SPRINGBROOK,QLD,-28.18333,153.28333
4213,TALLAI,QLD,-28.06778,153.33000
4213,WORONGARY,QLD,-28.04420,153.33877
4214,ARUNDEL,QLD,-27.93614,153.36032
4214,ARUNDEL BC,QLD,-27.93460,153.38000
4214,ARUNDEL DC,QLD,-27.93460,153.38000
4214,ASHMORE,QLD,-27.98639,153.38222
4214,ASHMORE CITY,QLD,-27.98639,153.38222
4214,MOLENDINAR,QLD,-27.97443,153.35900
4214,PARKWOOD,QLD,-27.95484,153.36530
4215,AUSTRALIA FAIR,QLD,-27.96859,153.41551
4215,CHIRN PARK,QLD,-27.95540,153.40000
4215,KEEBRA PARK,QLD,-27.98480,153.40000
4215,LABRADOR,QLD,-27.94801,153.39773
4215,SOUTHPORT,QLD,-27.96551,153.40363
4215,SOUTHPORT BC,QLD,-27.96810,153.41100
4215,SOUTHPORT PARK,QLD,-27.98544,153.41014
4215,SUNDALE,QLD,-27.97410,153.42000
4216,ANGLERS PARADISE,QLD,-27.91550,153.39800
4216,BIGGERA WATERS,QLD,-27.93080,153.39610
4216,COOMBABAH,QLD,-27.90335,153.38257
4216,CURRIGEE,QLD,-27.86450,153.42400
4216,HOLLYWELL,QLD,-27.89708,153.40068
4216,PARADISE POINT,QLD,-27.88333,153.40000
4216,PARADISE POINT KEYS,QLD,-27.88330,153.40000
4216,RUNAWAY BAY,QLD,-27.91546,153.39773
4216,SOUTH STRADBROKE,QLD,-27.82452,153.41280
4216,SOVEREIGN ISLANDS,QLD,-27.87400,153.40600
4217,BENOWA,QLD,-28.00732,153.38299
4217,BUNDALL,QLD,-28.01200,153.40500
4217,BUNDALL BC,QLD,-28.00320,153.41200
4217,BUNDALL DC,QLD,-28.00320,153.41200
4217,CHEVRON ISLAND,QLD,-27.99734,153.41985
4217,GOLD COAST MC,QLD,-28.00210,153.42700
4217,ISLE OF CAPRI,QLD,-28.01101,153.42429
4217,MAIN BEACH,QLD,-27.96300,153.42600
4217,PARADISE ISLAND,QLD,-28.00630,153.42600
4217,PARADISE WATERS,QLD,-27.98430,153.42400
4217,SORRENTO,QLD,-28.01200,153.40500
4217,SURFERS PARADISE,QLD,-28.00000,153.41667
4217,THE SPIT,QLD,-27.93530,153.43300
4218,BROADBEACH,QLD,-28.03083,153.43194
4218,BROADBEACH WATERS,QLD,-28.02938,153.41005
4218,CYPRESS GARDENS,QLD,-28.03170,153.40300
4218,FLORIDA GARDENS,QLD,-28.01730,153.42900
4218,MERMAID BEACH,QLD,-28.04400,153.43700
4218,MERMAID KEYS,QLD,-28.04420,153.40800
4218,MERMAID WATERS,QLD,-28.04778,153.42167
4218,MIAMI KEYS,QLD,-28.02870,153.42600
4218,MOANA PARK,QLD,-28.02630,153.41500
4218,NOBBY BEACH,QLD,-28.05343,153.44104
4218,PACIFIC FAIR,QLD,-28.03640,153.42802
4218,Q SUPERCENTRE,QLD,-28.04557,153.40790
4218,RIALTO,QLD,-28.03970,153.42100
4218,RIO VISTA,QLD,-28.03810,153.41500
4219,WEST BURLEIGH,QLD,-28.11216,153.44147
4220,BURLEIGH BC,QLD,-28.09950,153.42400
4220,BURLEIGH DC,QLD,-28.10770,153.42400
4220,BURLEIGH HEADS,QLD,-28.09635,153.43312
4220,BURLEIGH TOWN,QLD,-28.09635,153.43312
4220,BURLEIGH WATERS,QLD,-28.08800,153.43600
4220,MIAMI,QLD,-28.06722,153.43694
4220,TALLY VALLEY,QLD,-28.09640,153.43300
4221,ELANORA,QLD,-28.13300,153.45000
4221,PALM BEACH,QLD,-28.12226,153.46945
4222,GRIFFITH UNIVERSITY,QLD,-27.96390,153.38100
4223,CURRUMBIN,QLD,-28.13600,153.48300
4223,CURRUMBIN DC,QLD,-28.13560,153.48900
4223,CURRUMBIN VALLEY,QLD,-28.17000,153.43417
4223,CURRUMBIN WATERS,QLD,-28.15800,153.46900
4224,TUGUN,QLD,-28.14695,153.49191
4224,TUGUN HEIGHTS,QLD,-28.14958,153.49809
4225,BILINGA,QLD,-28.16000,153.51000
4225,COOLANGATTA,QLD,-28.16000,153.51000
4225,GREENMOUNT,QLD,-28.16400,153.54800
4225,KIRRA,QLD,-28.16740,153.53100
4225,RAINBOW BAY,QLD,-28.16350,153.54600
4226,CLEAR ISLAND WATERS,QLD,-28.04200,153.39800
4226,KERRYDALE,QLD,-28.07410,153.38900
4226,MERRIMAC,QLD,-28.05156,153.37414
4226,ROBINA,QLD,-28.06486,153.38594
4226,ROBINA DC,QLD,-28.07780,153.38500
4227,REEDY CREEK,QLD,-28.11444,153.40333
4227,VARSITY LAKES,QLD,-28.08455,153.41665
4228,INGLESIDE,QLD,-28.16690,153.38100
4228,TALLEBUDGERA,QLD,-28.14889,153.41806
4228,TALLEBUDGERA VALLEY,QLD,-28.18389,153.36694
4229,BOND UNIVERSITY,QLD,-28.07309,153.41664
4230,ROBINA TOWN CENTRE,QLD,-28.07758,153.38520
4270,TAMBORINE,QLD,-27.88561,153.12367
4270,TAMBORINE VILLAGE,QLD,-27.88560,153.12400
4271,EAGLE HEIGHTS,QLD,-27.92259,153.20907
4272,MOUNT TAMBORINE,QLD,-27.94964,153.19732
4272,NORTH TAMBORINE,QLD,-27.92491,153.18537
4272,TAMBORINE MOUNTAIN,QLD,-27.94964,153.19732
4275,BENOBBLE,QLD,-27.98795,153.15987
4275,BIDDADDABA,QLD,-27.99547,153.11357
4275,BLOOMFLEET,QLD,-28.03800,153.18000
4275,BOYLAND,QLD,-27.93889,153.13000
4275,CANUNGRA,QLD,-28.01716,153.16472
4275,FERNY GLEN,QLD,-28.07221,153.16198
4275,FLYING FOX,QLD,-28.09634,153.17376
4275,ILLINBAH,QLD,-28.12833,153.15222
4275,LAMINGTON NATIONAL PARK,QLD,-28.21667,153.15000
4275,O’REILLY,QLD,-27.98795,153.15987
4275,O'REILLY,QLD,-27.98795,153.15987
4275,O'REILLYS,QLD,-28.23420,153.13600
4275,SARABAH,QLD,-28.09261,153.11297
4275,WITHEREN,QLD,-28.03639,153.17973
4275,WONGLEPONG,QLD,-27.96920,153.16130
4280,FLAGSTONE,QLD,-27.80910,152.95600
4280,GLENLOGAN,QLD,-27.83190,153.00500
4280,JIMBOOMBA,QLD,-27.83159,153.02832
4280,MACLEAN,QLD,-27.78000,153.01000
4280,NORTH MACLEAN,QLD,-27.76611,152.99778
4280,RIVERBEND,QLD,-27.82060,152.98100
4280,SOUTH MACLEAN,QLD,-27.78981,152.98120
4280,STOCKLEIGH,QLD,-27.76667,153.06667
4285,ALLENVIEW,QLD,-27.89082,152.93533
4285,BEAUDESERT,QLD,-27.98816,153.00189
4285,BIRNAM,QLD,-27.95000,153.06667
4285,BROMELTON,QLD,-27.97342,152.97063
4285,CAINBABLE,QLD,-28.12582,153.08136
4285,CEDAR GROVE,QLD,-27.85905,152.97503
4285,CEDAR VALE,QLD,-27.87972,153.01472
4285,CHINGHEE CREEK,QLD,-28.27326,152.98707
4285,CHRISTMAS CREEK,QLD,-28.16677,152.99011
4285,CRYNA,QLD,-28.03497,152.98533
4285,DARLINGTON,QLD,-28.24222,153.05969
4285,FLINDERS LAKES,QLD,-27.83090,152.90100
4285,GLENEAGLE,QLD,-27.93679,152.95590
4285,HILLVIEW,QLD,-28.21639,153.00639
4285,ILBOGAN,QLD,-28.01500,152.96800
4285,INNISPLAIN,QLD,-28.18579,152.90956
4285,JOSEPHVILLE,QLD,-28.01194,152.92222
4285,KAGARU,QLD,-27.85725,152.93641
4285,KERRY,QLD,-28.10038,153.02285
4285,KNAPP CREEK,QLD,-28.12484,152.83064
4285,KOORALBYN,QLD,-28.08400,152.84200
4285,LAMINGTON,QLD,-28.28864,153.03757
4285,LARAVALE,QLD,-28.08937,152.93898
4285,MONARCH GLEN,QLD,-27.82630,152.92500
4285,MOUNT GIPPS,QLD,-28.31043,152.99424
4285,MUNDOOLUN,QLD,-27.89417,153.07083
4285,NINDOOINBAH,QLD,-28.06062,153.05229
4285,OAKY CREEK,QLD,-28.19528,152.94781
4285,TABOOBA,QLD,-28.13386,152.96399
4285,TABRAGALBA,QLD,-27.98373,153.06061
4285,TAMROOKUM,QLD,-28.12309,152.91802
4285,TAMROOKUM CREEK,QLD,-28.17804,152.88075
4285,UNDULLAH,QLD,-27.89005,152.83704
4285,VERESDALE,QLD,-27.90890,152.97800
4285,VERESDALE SCRUB,QLD,-27.92010,153.01310
4285,WOODHILL,QLD,-27.88500,152.97306
4287,BARNEY VIEW,QLD,-28.23750,152.76444
4287,MOUNT BARNEY,QLD,-28.22950,152.74834
4287,MOUNT LINDESAY,QLD,-28.34888,152.73496
4287,PALEN CREEK,QLD,-28.26936,152.81581
4287,RATHDOWNEY,QLD,-28.21095,152.85661
4287,RUNNING CREEK,QLD,-28.30190,152.90956
4300,AUGUSTINE HEIGHTS,QLD,-27.66917,152.89361
4300,BELLBIRD PARK,QLD,-27.63832,152.88823
4300,BROOKWATER,QLD,-27.66111,152.89861
4300,CAMIRA,QLD,-27.63449,152.91604
4300,CAROLE PARK,QLD,-27.61667,152.93333
4300,GAILES,QLD,-27.61075,152.91584
4300,GOODNA,QLD,-27.61670,152.90000
4300,GOODNA DC,QLD,-27.60930,152.89600
4300,GOODNA EAST,QLD,-27.61670,152.90000
4300,OPOSSUM CREEK,QLD,-27.66480,152.90700
4300,SPRING MOUNTAIN,QLD,-27.64540,152.90900
4300,SPRINGFIELD,QLD,-27.65000,152.90000
4300,SPRINGFIELD CENTRAL,QLD,-27.68540,152.90600
4300,SPRINGFIELD LAKES,QLD,-27.68333,152.91667
4301,COLLINGWOOD PARK,QLD,-27.61667,152.85000
4301,GREENWOOD VILLAGE,QLD,-27.64270,152.83600
4301,REDBANK,QLD,-27.60000,152.86667
4301,REDBANK PLAINS,QLD,-27.65000,152.85000
4303,DINMORE,QLD,-27.60000,152.83333
4303,NEW CHUM,QLD,-27.61667,152.83333
4303,RIVERVIEW,QLD,-27.59278,152.84750
4304,BLACKSTONE,QLD,-27.63055,152.80000
4304,BOOVAL,QLD,-27.61436,152.78886
4304,BOOVAL BC,QLD,-27.61660,152.78900
4304,BOOVAL DC,QLD,-27.61660,152.78900
4304,BOOVAL FAIR,QLD,-27.61594,152.79008
4304,BUNDAMBA,QLD,-27.60000,152.81667
4304,EBBW VALE,QLD,-27.60845,152.82353
4304,NORTH BOOVAL,QLD,-27.59787,152.79265
4304,SILKSTONE,QLD,-27.62278,152.79000
4305,BASIN POCKET,QLD,-27.60100,152.77180
4305,BRASSALL,QLD,-27.59100,152.73500
4305,BRASSALL HEIGHTS,QLD,-27.59100,152.73500
4305,BREMER,QLD,-27.64169,152.75278
4305,CHURCHILL,QLD,-27.63528,152.75111
4305,COALFALLS,QLD,-27.60626,152.74268
4305,EAST IPSWICH,QLD,-27.60935,152.77648
4305,EASTERN HEIGHTS,QLD,-27.62583,152.77444
4305,FLINDERS VIEW,QLD,-27.65000,152.78333
4305,IPSWICH,QLD,-27.62300,152.76000
4305,LEICHHARDT,QLD,-27.61667,152.73333
4305,LIMESTONE RIDGES,QLD,-27.83444,152.72833
4305,MOORES POCKET,QLD,-27.60000,152.78333
4305,NEWTOWN,QLD,-27.61642,152.77795
4305,NORTH IPSWICH,QLD,-27.58397,152.75884
4305,NORTH TIVOLI,QLD,-27.58333,152.78333
4305,ONE MILE,QLD,-27.63333,152.73333
4305,RACEVIEW,QLD,-27.63333,152.78333
4305,RAYMONDS HILL,QLD,-27.63730,152.76800
4305,SADLIERS CROSSING,QLD,-27.61229,152.74562
4305,TIVOLI,QLD,-27.58769,152.77648
4305,WEST IPSWICH,QLD,-27.61667,152.75000
4305,WOODEND,QLD,-27.60000,152.75000
4305,WULKURAKA,QLD,-27.61022,152.72945
4305,YAMANTO,QLD,-27.65000,152.73333
4306,AMBERLEY,QLD,-27.63333,152.70000
4306,AVOCA VALE,QLD,-26.75683,152.23518
4306,BANKS CREEK,QLD,-27.41263,152.72548
4306,BARELLAN POINT,QLD,-27.57217,152.84411
4306,BELLHAVEN,QLD,-27.52240,152.68500
4306,BENARKIN,QLD,-26.88694,152.13778
4306,BENARKIN NORTH,QLD,-26.85166,152.15127
4306,BLACKBUTT,QLD,-26.88333,152.10000
4306,BLACKBUTT NORTH,QLD,-26.86581,152.11611
4306,BLACKBUTT SOUTH,QLD,-26.90058,152.10561
4306,BLACKSOIL,QLD,-27.57819,152.70594
4306,BLACKWALL,QLD,-27.54700,152.78100
4306,BORALLON,QLD,-27.50000,152.70000
4306,CHERRY CREEK,QLD,-26.91243,152.11190
4306,CHUWAR,QLD,-27.56389,152.77917
4306,COLINTON,QLD,-26.96003,152.30152
4306,DEEBING HEIGHTS,QLD,-27.68333,152.76667
4306,DUNDAS,QLD,-27.33919,152.66700
4306,ENGLAND CREEK,QLD,-27.41817,152.66561
4306,FAIRNEY VIEW,QLD,-27.48333,152.65000
4306,FERNVALE,QLD,-27.45958,152.66380
4306,FOREST GLADE,QLD,-27.52240,152.68500
4306,GLAMORGAN VALE,QLD,-27.50000,152.61667
4306,GOOGA CREEK,QLD,-26.97223,152.06704
4306,GOOLMAN,QLD,-27.73670,152.75207
4306,HAIGSLEA,QLD,-27.56667,152.63333
4306,HARLIN,QLD,-27.52242,152.68536
4306,HOLTS HILL,QLD,-27.51650,152.82300
4306,IRONBARK,QLD,-27.55528,152.67472
4306,KARALEE,QLD,-27.56667,152.81667
4306,KARANA DOWNS,QLD,-27.55000,152.82222
4306,KARRABIN,QLD,-27.60450,152.70990
4306,KHOLO,QLD,-27.52400,152.76400
4306,LAKE MANCHESTER,QLD,-27.48872,152.74525
4306,LARK HILL,QLD,-27.52204,152.59429
4306,LINVILLE,QLD,-26.83914,152.27549
4306,LOAMSIDE,QLD,-27.66890,152.74100
4306,MONSILDALE,QLD,-26.70880,152.40200
4306,MOORE,QLD,-26.89606,152.29822
4306,MOUNT BINGA,QLD,-26.99366,151.98941
4306,MOUNT CROSBY,QLD,-27.54000,152.80400
4306,MOUNT MARROW,QLD,-27.60000,152.61667
4306,MOUNT STANLEY,QLD,-26.66259,152.19966
4306,MUIRLEA,QLD,-27.56667,152.73333
4306,NUKKU,QLD,-26.84241,152.06906
4306,PEAK CROSSING,QLD,-27.78917,152.75528
4306,PINE MOUNTAIN,QLD,-27.53333,152.71667
4306,PURGA,QLD,-27.66030,152.71630
4306,RIPLEY,QLD,-27.66667,152.78333
4306,SOUTH RIPLEY,QLD,-27.71214,152.81471
4306,SPLIT YARD CREEK,QLD,-27.38104,152.64478
4306,SWANBANK,QLD,-27.66667,152.81667
4306,TAROMEO,QLD,-26.82696,152.11959
4306,TEELAH,QLD,-26.79898,152.08070
4306,THAGOONA,QLD,-27.63333,152.63333
4306,VERNOR,QLD,-27.46667,152.61667
4306,WALLOON,QLD,-27.60274,152.66365
4306,WANORA,QLD,-27.51667,152.66667
4306,WASHPOOL,QLD,-27.83070,152.75200
4306,WEST AMBERLEY,QLD,-27.63330,152.70000
4306,WHITE ROCK,QLD,-27.68048,152.83457
4306,WILLOWBANK,QLD,-27.68333,152.66667
4306,WIVENHOE,QLD,-27.42410,152.61900
4306,WIVENHOE POCKET,QLD,-27.43194,152.61806
4307,COLEYVILLE,QLD,-27.79190,152.57960
4307,HARRISVILLE,QLD,-27.81167,152.66889
4307,MUTDAPILLY,QLD,-27.74222,152.66417
4307,RADFORD,QLD,-27.85182,152.63248
4307,SILVERDALE,QLD,-27.90983,152.60383
4307,WARRILL VIEW,QLD,-27.82583,152.62146
4307,WILSONS PLAINS,QLD,-27.84604,152.65598
4309,ARATULA,QLD,-27.98139,152.54861
4309,CHARLWOOD,QLD,-28.00786,152.57960
4309,CLUMBER,QLD,-28.04322,152.48510
4309,FASSIFERN,QLD,-27.95848,152.58841
4309,FASSIFERN VALLEY,QLD,-27.97639,152.60898
4309,FRAZERVIEW,QLD,-27.94983,152.57189
4309,KALBAR,QLD,-27.93333,152.61667
4309,KENTS LAGOON,QLD,-27.89504,152.63248
4309,KULGUN,QLD,-27.93003,152.68243
4309,MILORA,QLD,-27.85357,152.69124
4309,MOOGERAH,QLD,-28.08127,152.51353
4309,MORWINCHA,QLD,-27.96801,152.58254
4309,MOUNT EDWARDS,QLD,-28.01519,152.53849
4309,MUNBILLA,QLD,-27.87430,152.66000
4309,OBUM OBUM,QLD,-27.92167,152.65598
4309,TAROME,QLD,-27.98904,152.47718
4309,TEVIOTVILLE,QLD,-27.94830,152.67949
4309,WASHPOOL,QLD,-27.83075,152.75223
4310,ALLANDALE,QLD,-27.98610,152.73312
4310,ANTHONY,QLD,-27.87518,152.69124
4310,BLANTYRE,QLD,-27.90302,152.68243
4310,BOONAH,QLD,-27.99266,152.69059
4310,BUNBURRA,QLD,-28.05213,152.67581
4310,BUNJURGEN,QLD,-28.04368,152.62073
4310,BURNETT CREEK,QLD,-28.23913,152.55647
4310,CANNON CREEK,QLD,-28.07251,152.73312
4310,CARNEYS CREEK,QLD,-28.19247,152.54364
4310,COOCHIN,QLD,-28.11836,152.64496
4310,COULSON,QLD,-27.95169,152.72063
4310,CROFTBY,QLD,-28.13219,152.62146
4310,DUGANDAN,QLD,-28.02139,152.67778
4310,FRENCHES CREEK,QLD,-28.02462,152.63248
4310,HOYA,QLD,-27.96991,152.67949
4310,KENTS POCKET,QLD,-27.98980,152.65892
4310,LAKE MOOGERAH,QLD,-28.04550,152.54100
4310,MAROON,QLD,-28.16724,152.69223
4310,MAROON DAM,QLD,-28.20230,152.64700
4310,MILBONG,QLD,-27.88270,152.72651
4310,MILFORD,QLD,-28.03146,152.71475
4310,MOUNT ALFORD,QLD,-28.06808,152.60471
4310,MOUNT FRENCH,QLD,-28.00051,152.62073
4310,ROADVALE,QLD,-27.91667,152.70000
4310,TEMPLIN,QLD,-27.97316,152.64423
4310,WALLACES CREEK,QLD,-28.06205,152.65598
4310,WOOLOOMAN,QLD,-27.87618,152.76252
4310,WYARALONG,QLD,-27.93882,152.77213
4311,ATKINSONS DAM,QLD,-27.43167,152.45083
4311,BRIGHTVIEW,QLD,-27.50827,152.49151
4311,BUARABA,QLD,-27.35176,152.37119
4311,BUARABA SOUTH,QLD,-27.41649,152.23325
4311,CHURCHABLE,QLD,-27.42248,152.36825
4311,CLARENDON,QLD,-27.43899,152.51575
4311,COOLANA,QLD,-27.51778,152.55000
4311,COOMINYA,QLD,-27.39194,152.50000
4311,LAKE WIVENHOE,QLD,-27.40260,152.42700
4311,LOCKYER WATERS,QLD,-27.45829,152.40933
4311,LOWOOD,QLD,-27.47145,152.57303
4311,MINDEN,QLD,-27.55000,152.53333
4311,MOUNT TARAMPA,QLD,-27.46252,152.47977
4311,PATRICK ESTATE,QLD,-27.42425,152.57960
4311,PRENZLAU,QLD,-27.53333,152.51667
4311,RIFLE RANGE,QLD,-27.45000,152.53333
4311,TARAMPA,QLD,-27.48639,152.54722
4311,WIVENHOE HILL,QLD,-27.37164,152.53528
4312,BRYDEN,QLD,-27.24361,152.57098
4312,CABOONBAH,QLD,-27.15495,152.47096
4312,COAL CREEK,QLD,-27.17485,152.45112
4312,CROSSDALE,QLD,-27.19966,152.53047
4312,ESK,QLD,-27.23333,152.41667
4312,ESKDALE,QLD,-27.18663,152.25310
4312,GLEN ESK,QLD,-27.25530,152.46876
4312,MOOMBRA,QLD,-27.26954,152.49624
4312,MOUNT BYRON,QLD,-27.14794,152.64643
4312,MOUNT HALLEN,QLD,-27.31938,152.39172
4312,MURRUMBA,QLD,-27.20411,152.46234
4312,REDBANK CREEK,QLD,-27.26363,152.35329
4312,SOMERSET DAM,QLD,-27.11894,152.55142
4313,BIARRA,QLD,-27.17198,152.36312
4313,BRAEMORE,QLD,-27.04219,152.38585
4313,COOEEIMBARDI,QLD,-27.10489,152.50705
4313,CRESSBROOK,QLD,-27.07378,152.43281
4313,FULHAM,QLD,-27.05817,152.45657
4313,GREGORS CREEK,QLD,-26.99886,152.39539
4313,IVORY CREEK,QLD,-27.05674,152.33310
4313,LOWER CRESSBROOK,QLD,-27.07671,152.46106
4313,MOUNT BEPPO,QLD,-27.12306,152.43444
4313,OTTABA,QLD,-27.14804,152.39686
4313,SCRUB CREEK,QLD,-27.04210,152.41655
4313,TOOGOOLAWAH,QLD,-27.08333,152.38333
4313,YIMBUN,QLD,-27.02847,152.35945
4314,AVOCA VALE,QLD,-26.75680,152.23500
4314,BENARKIN,QLD,-26.88690,152.13800
4314,BENARKIN NORTH,QLD,-26.85170,152.15100
4314,BLACKBUTT,QLD,-26.88330,152.10000
4314,BLACKBUTT NORTH,QLD,-26.86580,152.11600
4314,BLACKBUTT SOUTH,QLD,-26.90060,152.10600
4314,CHERRY CREEK,QLD,-26.91240,152.11200
4314,COLINTON,QLD,-26.96000,152.30200
4314,GILLA,QLD,-26.87030,152.05600
4314,GOOGA CREEK,QLD,-26.97220,152.06700
4314,HARLIN,QLD,-26.97450,152.32500
4314,LINVILLE,QLD,-26.83910,152.27500
4314,MOORE,QLD,-26.89610,152.29800
4314,MOUNT BINGA,QLD,-26.99370,151.98900
4314,MOUNT STANLEY,QLD,-26.66260,152.20000
4314,NUKKU,QLD,-26.84240,152.06900
4314,TAROMEO,QLD,-26.82700,152.12000
4314,TEELAH,QLD,-26.79900,152.08100
4340,ASHWELL,QLD,-27.62846,152.56010
4340,CALVERT,QLD,-27.67291,152.50325
4340,EBENEZER,QLD,-27.68333,152.61667
4340,GRANDCHESTER,QLD,-27.66667,152.46667
4340,JEEBROPILLY,QLD,-27.65000,152.65000
4340,LANEFIELD,QLD,-27.65054,152.55023
4340,LOWER MOUNT WALKER,QLD,-27.71702,152.53262
4340,MERRYVALE,QLD,-27.80001,152.49151
4340,MOORANG,QLD,-27.90227,152.48234
4340,MOUNT FORBES,QLD,-27.73208,152.60310
4340,MOUNT MORT,QLD,-27.79379,152.43732
4340,MOUNT WALKER,QLD,-27.77670,152.55710
4340,MOUNT WALKER WEST,QLD,-27.76405,152.51863
4340,ROSEVALE,QLD,-27.85222,152.48186
4340,ROSEWOOD,QLD,-27.63875,152.59287
4340,TALLEGALLA,QLD,-27.58333,152.55000
4340,THE BLUFF,QLD,-27.61667,152.53333
4340,WOOLSHED,QLD,-27.57757,152.51029
4341,BLENHEIM,QLD,-27.65389,152.31306
4341,HATTON VALE,QLD,-27.56667,152.48333
4341,KENSINGTON GROVE,QLD,-27.53820,152.47977
4341,KENTVILLE,QLD,-27.48242,152.42107
4341,LAIDLEY,QLD,-27.64117,152.41027
4341,LAIDLEY CREEK WEST,QLD,-27.66507,152.35358
4341,LAIDLEY HEIGHTS,QLD,-27.63188,152.36238
4341,LAIDLEY NORTH,QLD,-27.60957,152.40933
4341,LAIDLEY SOUTH,QLD,-27.66932,152.38585
4341,MOUNT BERRYMAN,QLD,-27.72124,152.32733
4341,MULGOWIE,QLD,-27.72490,152.36825
4341,PLAINLAND,QLD,-27.58382,152.41520
4341,REGENCY DOWNS,QLD,-27.53897,152.43281
4341,SUMMERHOLM,QLD,-27.59388,152.46216
4341,THORNTON,QLD,-27.81611,152.36898
4341,TOWNSON,QLD,-27.87092,152.37925
4342,CROWLEY VALE,QLD,-27.54800,152.37412
4342,FOREST HILL,QLD,-27.58333,152.35000
4342,GLEN CAIRN,QLD,-27.61350,152.32718
4342,GLENORE GROVE,QLD,-27.52314,152.40933
4342,LOCKROSE,QLD,-27.49306,152.46111
4342,LYNFORD,QLD,-27.47455,152.44748
4343,ADARE,QLD,-27.51127,152.30372
4343,BLACK DUCK CREEK,QLD,-27.82680,152.16812
4343,CAFFEY,QLD,-27.70153,152.21922
4343,COLLEGE VIEW,QLD,-27.55709,152.35358
4343,EAST HALDON,QLD,-27.83401,152.20678
4343,FORDSDALE,QLD,-27.71116,152.14138
4343,GATTON,QLD,-27.56358,152.27998
4343,INGOLDSBY,QLD,-27.69847,152.25057
4343,JUNCTION VIEW,QLD,-27.81320,152.16641
4343,LAKE CLARENDON,QLD,-27.52136,152.35065
4343,LAWES,QLD,-27.56996,152.31692
4343,LEFTHAND BRANCH,QLD,-27.76448,152.24841
4343,LOWER TENTHILL,QLD,-27.60556,152.23917
4343,MORTON VALE,QLD,-27.48569,152.38585
4343,MOUNT SYLVIA,QLD,-27.72576,152.21942
4343,PLACID HILLS,QLD,-27.56295,152.23041
4343,RINGWOOD,QLD,-27.52184,152.22748
4343,ROCKSIDE,QLD,-27.70315,152.28592
4343,ROPELEY,QLD,-27.65482,152.26853
4343,SPRING CREEK,QLD,-27.45565,152.32132
4343,UPPER TENTHILL,QLD,-27.65133,152.22748
4343,VINEGAR HILL,QLD,-27.50063,152.24947
4343,WOODBINE,QLD,-27.77829,152.19038
4343,WOODLANDS,QLD,-27.60339,152.28026
4344,CARPENDALE,QLD,-27.58628,152.15127
4344,EGYPT,QLD,-27.66286,152.11135
4344,FLAGSTONE CREEK,QLD,-27.61284,152.09048
4344,HELIDON,QLD,-27.55000,152.12556
4344,HELIDON SPA,QLD,-27.55199,152.09268
4344,IREDALE,QLD,-27.58280,152.11000
4344,LILYDALE,QLD,-27.61609,152.13955
4344,LOCKYER,QLD,-27.51791,152.07693
4344,ROCKMOUNT,QLD,-27.68564,152.02897
4344,SEVENTEEN MILE,QLD,-27.49162,152.16629
4344,SILVER PINCH,QLD,-27.61150,152.03600
4344,SILVER RIDGE,QLD,-27.60626,152.00774
4344,STOCKYARD,QLD,-27.64938,152.05570
4344,UPPER FLAGSTONE,QLD,-27.63250,152.00139
4345,GATTON COLLEGE,QLD,-27.54727,152.34024
4346,MARBURG,QLD,-27.56592,152.59419
4347,GRANTHAM,QLD,-27.58333,152.20000
4347,MA MA CREEK,QLD,-27.62870,152.19030
4347,MOUNT WHITESTONE,QLD,-27.66541,152.16094
4347,VERADILLA,QLD,-27.59127,152.19049
4347,WINWILL,QLD,-27.60750,152.20917
4350,ATHOL,QLD,-27.62744,151.77000
4350,BLUE MOUNTAIN HEIGHTS,QLD,-27.49900,151.95100
4350,CARRINGTON,QLD,-27.54400,151.88800
4350,CENTENARY HEIGHTS,QLD,-27.58600,151.96200
4350,CHARLTON,QLD,-27.51661,151.85335
4350,CLIFFORD GARDENS,QLD,-27.56444,151.93222
4350,COTSWOLD HILLS,QLD,-27.52300,151.89300
4350,CRANLEY,QLD,-27.51200,151.92600
4350,DARLING HEIGHTS,QLD,-27.60600,151.92300
4350,DRAYTON,QLD,-27.60000,151.90600
4350,DRAYTON NORTH,QLD,-27.60000,151.90600
4350,EAST TOOWOOMBA,QLD,-27.56200,151.96900
4350,EASTLAKE,QLD,-27.55650,151.95300
4350,FINNIE,QLD,-27.63200,151.88400
4350,GLENVALE,QLD,-27.56700,151.89700
4350,GLENVALE PARK,QLD,-27.56630,151.88500
4350,GOWRIE,QLD,-27.55370,151.94900
4350,GOWRIE MOUNTAIN,QLD,-27.51308,151.82191
4350,HARLAXTON,QLD,-27.53100,151.95500
4350,HARRISTOWN,QLD,-27.57800,151.92600
4350,KEARNEYS SPRING,QLD,-27.60400,151.94100
4350,MACDONALDTOWN,QLD,-27.58870,151.93000
4350,MIDDLE RIDGE,QLD,-27.60800,151.96900
4350,MOUNT KYNOCH,QLD,-27.51000,151.94800
4350,MOUNT LOFTY,QLD,-27.53700,151.98400
4350,MOUNT RASCAL,QLD,-27.63200,151.91800
4350,NEWTOWN,QLD,-27.55400,151.93000
4350,NORTH TOOWOOMBA,QLD,-27.54600,151.95400
4350,NORTHLANDS,QLD,-27.54396,151.96123
4350,NORTHPOINT,QLD,-27.62744,151.77000
4350,PICNIC POINT,QLD,-27.57990,151.98600
4350,PRINCE HENRY HEIGHTS,QLD,-27.55300,151.99400
4350,RANGEVILLE,QLD,-27.58500,151.99100
4350,REDWOOD,QLD,-27.56800,151.98900
4350,ROCKVILLE,QLD,-27.53600,151.93900
4350,SOUTH TOOWOOMBA,QLD,-27.57600,151.95400
4350,SOUTHTOWN,QLD,-27.58050,151.96400
4350,TOOWOOMBA,QLD,-27.55649,151.95332
4350,TOOWOOMBA BC,QLD,-27.56020,151.94800
4350,TOOWOOMBA CITY,QLD,-27.55982,151.95067
4350,TOOWOOMBA DC,QLD,-27.56020,151.94800
4350,TOOWOOMBA EAST,QLD,-27.56200,151.96900
4350,TOOWOOMBA SOUTH,QLD,-27.57600,151.95400
4350,TOOWOOMBA VILLAGE FAIR,QLD,-27.56179,151.95163
4350,TOOWOOMBA WEST,QLD,-27.58190,151.93950
4350,TOP CAMP,QLD,-27.63200,151.93400
4350,TORRINGTON,QLD,-27.53800,151.88500
4350,WELLCAMP,QLD,-27.55706,151.85876
4350,WESTBROOK,QLD,-27.60753,151.82922
4350,WILSONTON,QLD,-27.54000,151.91800
4350,WILSONTON HEIGHTS,QLD,-27.53200,151.92600
4350,WYALLA PLAZA,QLD,-27.55329,151.92018
4352,AMIENS,QLD,-28.58870,151.80900
4352,BALLARD,QLD,-27.51232,151.97078
4352,BAPAUME,QLD,-28.57245,151.84677
4352,BIRNAM,QLD,-27.49100,151.92700
4352,BLANCHVIEW,QLD,-27.57861,152.03417
4352,BRANCHVIEW,QLD,-27.61615,151.34861
4352,CABARLAH,QLD,-27.43333,152.00000
4352,CAWDOR,QLD,-27.46600,151.90822
4352,CEMENT MILLS,QLD,-28.34064,151.50621
4352,COALBANK,QLD,-27.11862,151.84933
4352,CONDAMINE PLAINS,QLD,-27.67345,151.26161
4352,CUTELLA,QLD,-27.44757,151.81167
4352,DERRYMORE,QLD,-27.59796,152.06082
4352,DJUAN,QLD,-27.19113,151.92248
4352,DOCTOR CREEK,QLD,-27.18183,151.79595
4352,EVERGREEN,QLD,-27.15753,151.73089
4352,FIFTEEN MILE,QLD,-27.42514,152.05904
4352,GEHAM,QLD,-27.38640,152.00900
4352,GLENCOE,QLD,-27.45000,151.86667
4352,GORE,QLD,-28.29969,151.35717
4352,GOWRIE JUNCTION,QLD,-27.49194,151.88889
4352,GOWRIE LITTLE PLAIN,QLD,-27.43372,151.84677
4352,GRAPE TREE,QLD,-27.32310,152.08900
4352,GRAPETREE,QLD,-27.32306,152.08876
4352,GROOMSVILLE,QLD,-27.35246,151.93207
4352,HAMPTON,QLD,-27.35530,152.06600
4352,HIGHFIELDS,QLD,-27.46407,151.94735
4352,HIGHGROVE,QLD,-27.13049,151.76611
4352,HODGSON VALE,QLD,-27.66500,151.95100
4352,IREDALE,QLD,-27.58277,152.11025
4352,KARARA,QLD,-28.20107,151.58004
4352,KLEINTON,QLD,-27.41667,151.95000
4352,KULPI,QLD,-27.19051,151.72231
4352,KURROWAH,QLD,-27.71713,151.10605
4352,LILYVALE,QLD,-27.43139,151.87310
4352,LYRA,QLD,-28.82590,151.85079
4352,MACLAGAN,QLD,-27.06526,151.66001
4352,MALLING,QLD,-27.08582,151.58479
4352,MERINGANDAN,QLD,-27.41262,151.92285
4352,MERINGANDAN WEST,QLD,-27.41529,151.88859
4352,MERRITTS CREEK,QLD,-27.35592,152.03410
4352,MOUNT LUKE,QLD,-27.38749,152.04288
4352,MUNIGANEEN,QLD,-27.38455,151.86359
4352,MURPHYS CREEK,QLD,-27.46667,152.03333
4352,NARKO,QLD,-27.10280,151.70239
4352,NORTH MACLAGAN,QLD,-27.01953,151.70538
4352,NUTGROVE,QLD,-27.04835,151.74624
4352,OMAN AMA,QLD,-28.39195,151.30608
4352,PALM TREE,QLD,-27.40040,152.11800
4352,PALMTREE,QLD,-27.40045,152.11831
4352,PAMPAS,QLD,-27.78569,151.40890
4352,PECHEY,QLD,-27.29956,152.05570
4352,PERANGA,QLD,-27.12830,151.66805
4352,PERSEVERANCE,QLD,-27.36667,152.10000
4352,POSTMANS RIDGE,QLD,-27.53357,152.05753
4352,POZIERES,QLD,-28.53486,151.87018
4352,PRESTON,QLD,-27.66500,151.96800
4352,RAMSAY,QLD,-27.72962,151.99310
4352,RANGEMORE,QLD,-27.01168,151.68678
4352,RAVENSBOURNE,QLD,-27.35610,152.16559
4352,SEVERNLEA,QLD,-28.70200,151.92285
4352,SILVER RIDGE,QLD,-27.60630,152.00800
4352,SPRING BLUFF,QLD,-27.46200,151.97900
4352,ST AUBYN,QLD,-27.07704,151.89395
4352,THORNVILLE,QLD,-27.05458,151.81417
4352,TOOWOOMBA MC,QLD,-27.55980,151.95100
4352,TUMMAVILLE,QLD,-27.90560,151.40632
4352,UMBIRAM,QLD,-27.65772,151.76707
4352,UPPER LOCKYER,QLD,-27.48474,152.08096
4352,VALE VIEW,QLD,-27.66100,151.90400
4352,WHICHELLO,QLD,-27.29255,151.98908
4352,WHITE MOUNTAIN,QLD,-27.43400,152.10037
4352,WITHCOTT,QLD,-27.55000,152.01667
4352,WOODLEIGH,QLD,-27.08622,151.67426
4352,WOOLMER,QLD,-27.45240,151.91992
4352,WUTUL,QLD,-27.01770,151.81342
4352,WYREEMA,QLD,-27.65000,151.86667
4352,YALANGUR,QLD,-27.41038,151.84165
4352,YANDILLA,QLD,-27.84808,151.33017
4353,BERGEN,QLD,-27.27713,151.89322
4353,EAST COOYAR,QLD,-27.02503,151.87493
4353,HADEN,QLD,-27.22400,151.88300
4353,MOUNT DARRY,QLD,-27.27713,151.89322
4354,DOUGLAS,QLD,-27.31990,151.91480
4354,GOOMBUNGEE,QLD,-27.30421,151.84897
4354,KILBIRNIE,QLD,-27.25766,151.82703
4355,ANDURAMBA,QLD,-27.15117,152.10622
4355,CRESSBROOK CREEK,QLD,-27.22728,152.12251
4355,CROWS NEST,QLD,-27.26667,152.05000
4355,EMU CREEK,QLD,-27.08582,151.99237
4355,GENAVEN,QLD,-27.15690,151.97300
4355,GLENAVEN,QLD,-27.15690,151.97300
4355,GLENHAVEN,QLD,-27.15690,151.97300
4355,JONES GULLY,QLD,-27.18748,152.01470
4355,MOUNTAIN CAMP,QLD,-27.20482,152.03410
4355,NUKINENDA,QLD,-27.12300,152.09500
4355,PIERCE CREEK,QLD,-27.14820,152.02600
4355,PIERCES CREEK,QLD,-27.16049,152.03190
4355,PINELANDS,QLD,-27.22961,151.99896
4355,PLAINBY,QLD,-27.26380,151.97151
4355,SYLVIA VALE,QLD,-27.07830,151.97200
4355,THE BLUFF,QLD,-27.19671,152.13958
4355,UPPER PINELANDS,QLD,-27.21304,151.96451
4356,BONGEEN,QLD,-27.53689,151.43923
4356,BROXBURN,QLD,-27.71667,151.68333
4356,EVANSLEA,QLD,-27.54537,151.48915
4356,IRONGATE,QLD,-27.62400,151.53623
4356,KINCORA,QLD,-27.83299,151.55704
4356,LINTHORPE,QLD,-27.56399,151.68043
4356,MOTLEY,QLD,-27.54031,151.60998
4356,MOUNT TYSON,QLD,-27.57472,151.56833
4356,NORTH BRANCH,QLD,-27.84556,151.63737
4356,NORWIN,QLD,-27.51489,151.39041
4356,PITTSWORTH,QLD,-27.71667,151.63333
4356,PURRAWUNDA,QLD,-27.51667,151.61667
4356,ROSSVALE,QLD,-27.64539,151.58874
4356,SCRUBBY MOUNTAIN,QLD,-27.78379,151.57858
4356,SPRINGSIDE,QLD,-27.67784,151.59444
4356,ST HELENS,QLD,-27.68184,151.48224
4356,STONELEIGH,QLD,-27.66896,151.61911
4356,YARRANLEA,QLD,-27.71611,151.56398
4357,BRINGALILY,QLD,-28.12366,151.19074
4357,BULLI CREEK,QLD,-28.00407,150.85739
4357,CANNING CREEK,QLD,-28.22738,151.16142
4357,CAPTAINS MOUNTAIN,QLD,-27.93948,151.16253
4357,CLONTARF,QLD,-27.97174,151.22795
4357,CONDAMINE FARMS,QLD,-27.89756,150.94968
4357,CYPRESS GARDENS,QLD,-27.98029,151.02967
4357,DOMVILLE,QLD,-27.92825,151.27954
4357,FOREST RIDGE,QLD,-27.96091,151.02676
4357,GRAYS GATE,QLD,-27.95807,151.30316
4357,KOOROONGARRA,QLD,-28.09279,151.26307
4357,LAVELLE,QLD,-27.97735,151.26956
4357,LEMONTREE,QLD,-27.79237,151.29879
4357,MILLMERRAN,QLD,-27.87933,151.26583
4357,MILLMERRAN DOWNS,QLD,-27.98829,151.06460
4357,MILLMERRAN WOODS,QLD,-28.01323,151.06090
4357,MILLWOOD,QLD,-27.99732,151.22311
4357,MOUNT EMLYN,QLD,-28.02869,151.27455
4357,PUNCHS CREEK,QLD,-28.00041,151.38035
4357,ROCKY CREEK,QLD,-27.99474,151.33023
4357,STONEHENGE,QLD,-28.10320,151.38600
4357,THE PINES,QLD,-27.97427,150.96855
4357,TURALLIN,QLD,-27.82748,151.21134
4357,WATTLE RIDGE,QLD,-28.00209,150.98026
4357,WESTERN CREEK,QLD,-27.92136,150.84307
4357,WOONDUL,QLD,-28.08599,151.03432
4358,CAMBOOYA,QLD,-27.71184,151.85701
4358,FELTON,QLD,-27.77580,151.79047
4358,FELTON EAST,QLD,-27.80100,151.77100
4358,FELTON SOUTH,QLD,-27.89291,151.70531
4358,RAMSAY,QLD,-27.72960,151.99300
4358,VALE VIEW,QLD,-27.66100,151.90400
4359,ASCOT,QLD,-27.81750,151.96700
4359,BUDGEE,QLD,-27.80271,151.99347
4359,EAST GREENMOUNT,QLD,-27.78330,151.95000
4359,GREENMOUNT,QLD,-27.78333,151.90000
4359,GREENMOUNT EAST,QLD,-27.78333,151.95000
4359,HIRSTGLEN,QLD,-27.82679,152.10806
4359,WEST HALDON,QLD,-27.80570,152.10549
4360,NOBBY,QLD,-27.85455,151.90286
4361,BACK PLAINS,QLD,-27.88338,151.77877
4361,CLIFTON,QLD,-27.93731,151.91660
4361,ELLANGOWAN,QLD,-27.91579,151.72979
4361,ELPHINSTONE,QLD,-27.97383,151.88993
4361,HEADINGTON HILL,QLD,-27.91056,152.01140
4361,KINGS CREEK,QLD,-27.90846,151.90023
4361,MANAPOURI,QLD,-27.85457,151.99530
4361,MISSEN FLAT,QLD,-27.90039,151.98121
4361,MOUNT MOLAR,QLD,-27.89235,151.85262
4361,NEVILTON,QLD,-27.88311,151.97371
4361,PILTON,QLD,-27.88372,152.03683
4361,RYEFORD,QLD,-27.92975,151.81825
4361,SANDY CAMP,QLD,-27.96330,151.85339
4361,SPRING CREEK,QLD,-27.95137,151.99824
4361,UPPER PILTON,QLD,-27.91338,152.09780
4361,VICTORIA HILL,QLD,-28.01194,151.81730
4362,ALLORA,QLD,-28.03333,151.98333
4362,BERAT,QLD,-28.03350,152.05679
4362,DEUCHAR,QLD,-28.09986,151.94041
4362,ELLINTHORP,QLD,-28.04965,151.91992
4362,FOREST SPRINGS,QLD,-28.03333,151.98333
4362,GOOMBURRA,QLD,-27.99076,152.27952
4362,HENDON,QLD,-28.06667,151.95000
4362,MOUNT MARSHALL,QLD,-28.07233,152.03776
4362,OLD TALGAI,QLD,-28.03333,151.98333
4362,TALGAI,QLD,-28.04720,151.86945
4363,SOUTHBROOK,QLD,-27.68346,151.71556
4364,BROOKSTEAD,QLD,-27.75694,151.45133
4365,LEYBURN,QLD,-28.03642,151.58369
4370,ALLAN,QLD,-28.18839,151.95212
4370,BONY MOUNTAIN,QLD,-28.12645,151.83322
4370,CANNINGVALE,QLD,-28.24655,152.06924
4370,CHERRY GULLY,QLD,-28.40664,152.06277
4370,CLINTONVALE,QLD,-28.09693,152.13050
4370,CUNNINGHAM,QLD,-28.17601,151.82703
4370,DANDEROO,QLD,-28.25045,152.23334
4370,ELBOW VALLEY,QLD,-28.39056,152.13442
4370,FREESTONE,QLD,-28.14221,152.14761
4370,GLADFIELD,QLD,-28.07180,152.19450
4370,GLENGALLAN,QLD,-28.09749,152.07876
4370,GLENNIE HEIGHTS,QLD,-28.20110,152.02900
4370,GREYMARE,QLD,-28.21907,151.76013
4370,JUNABEE,QLD,-28.24880,152.15860
4370,LESLIE,QLD,-28.15953,151.90064
4370,LESLIE DAM,QLD,-28.19343,151.91898
4370,LOCH LOMOND,QLD,-28.30893,152.17838
4370,MARYVALE,QLD,-28.07797,152.24887
4370,MASSIE,QLD,-28.14181,151.92065
4370,MONTROSE,QLD,-28.15641,151.77897
4370,MORGAN PARK,QLD,-28.26286,152.04581
4370,MOUNT COLLIERY,QLD,-28.28777,152.28392
4370,MOUNT STURT,QLD,-28.17210,152.20700
4370,MOUNT TABOR,QLD,-28.21098,152.06631
4370,MURRAYS BRIDGE,QLD,-28.33184,152.13003
4370,NORTH BRANCH,QLD,-28.03075,152.27495
4370,PRATTEN,QLD,-28.08383,151.77914
4370,RODGERS CREEK,QLD,-28.18681,151.79704
4370,ROSEHILL,QLD,-28.17729,151.99896
4370,ROSENTHAL,QLD,-28.26210,151.97000
4370,ROSENTHAL HEIGHTS,QLD,-28.26209,151.96968
4370,SILVERWOOD,QLD,-28.33335,152.02165
4370,SLADEVALE,QLD,-28.15908,152.08682
4370,SWAN CREEK,QLD,-28.19300,152.14100
4370,THANE,QLD,-28.16106,151.71246
4370,THANES CREEK,QLD,-28.12249,151.68656
4370,THE GLEN,QLD,-28.36045,151.91431
4370,THE HERMITAGE,QLD,-28.21133,152.10439
4370,TOOLBURRA,QLD,-28.16932,151.96602
4370,TREGONY,QLD,-28.06213,152.35172
4370,UPPER FREESTONE,QLD,-28.14323,152.20586
4370,UPPER WHEATVALE,QLD,-28.14058,151.88188
4370,WARWICK,QLD,-28.21573,152.02817
4370,WARWICK DC,QLD,-28.23470,152.04500
4370,WHEATVALE,QLD,-28.16130,151.86945
4370,WILDASH,QLD,-28.34611,152.03227
4370,WILLOWVALE,QLD,-28.12397,152.05523
4370,WIYARRA,QLD,-28.26910,152.19890
4370,WOMINA,QLD,-28.17690,152.04581
4371,EMU VALE,QLD,-28.22840,152.24186
4371,SWANFELS,QLD,-28.17363,152.26633
4371,YANGAN,QLD,-28.19760,152.20800
4372,TANNYMOREL,QLD,-28.29146,152.24764
4373,KILLARNEY,QLD,-28.33333,152.30000
4373,THE FALLS,QLD,-28.32281,152.36568
4373,THE HEAD,QLD,-28.26868,152.43832
4374,DALVEEN,QLD,-28.48600,151.97100
4374,PALGRAVE,QLD,-28.48600,151.97100
4375,COTTONVALE,QLD,-28.51972,151.94897
4375,FLEURBAIX,QLD,-28.52594,151.91407
4376,THULIMBAH,QLD,-28.55135,151.94900
4377,GLEN NIVEN,QLD,-28.59061,151.97554
4377,MARYLAND,NSW,-28.56840,151.97500
4377,THE SUMMIT,QLD,-28.58012,151.92870
4378,APPLETHORPE,QLD,-28.61675,151.96663
4380,AMIENS,QLD,-28.58870,151.80900
4380,AMOSFIELD,NSW,-28.65690,152.06400
4380,BROADWATER,QLD,-28.64864,151.87603
4380,CANNON CREEK,QLD,-28.60985,151.87018
4380,DALCOUTH,QLD,-28.65753,151.98725
4380,DIAMONDVALE,QLD,-28.66500,151.96100
4380,EUKEY,QLD,-28.78779,151.97700
4380,GLENLYON,QLD,-28.97180,151.44564
4380,GOLDFIELDS,QLD,-28.58870,151.80900
4380,GREENLANDS,QLD,-28.64561,151.82666
4380,KYOOMBA,QLD,-28.68968,151.98725
4380,MINGOOLA,QLD,-28.95024,151.54663
4380,MOUNT TULLY,QLD,-28.75010,151.94626
4380,NUNDUBBERMERE,QLD,-28.71067,151.78023
4380,PASSCHENDAELE,QLD,-28.58870,151.80900
4380,PIKEDALE,QLD,-28.63040,151.72241
4380,PIKES CREEK,QLD,-28.72480,151.54300
4380,RUBY CREEK,NSW,-28.60900,152.00800
4380,SEVERNLEA,QLD,-28.70200,151.92300
4380,SPRINGDALE,QLD,-28.79182,151.60701
4380,STANTHORPE,QLD,-28.65997,151.93756
4380,STORM KING,QLD,-28.72990,151.97554
4380,SUGARLOAF,QLD,-28.69407,152.02446
4380,THORNDALE,QLD,-28.70358,151.85847
4380,UNDERCLIFFE,NSW,-28.62230,152.18700
4381,FLETCHER,QLD,-28.77040,151.87000
4381,GLEN APLIN,QLD,-28.73429,151.87603
4382,BALLANDEAN,QLD,-28.80100,151.84300
4382,GIRRAWEEN,QLD,-28.85049,151.96533
4382,LYRA,QLD,-28.82590,151.85100
4382,SOMME,QLD,-28.78813,151.81533
4382,SUNDOWN,QLD,-28.80100,151.84300
4382,WYBERBA,QLD,-28.84878,151.88846
4383,JENNINGS,NSW,-28.95100,151.94400
4383,WALLANGARRA,QLD,-28.89963,151.94985
4384,LIMEVALE,QLD,-28.72137,151.18599
4385,BEEBO,QLD,-28.71930,150.96674
4385,BONSHAW,QLD,-28.97614,151.28833
4385,CAMP CREEK,NSW,-28.84270,151.07100
4385,GLENARBON,QLD,-28.84272,151.07079
4385,MAIDENHEAD,QLD,-29.11929,151.39140
4385,RIVERTON,QLD,-29.09901,151.46069
4385,SILVER SPUR,QLD,-28.83603,151.26234
4385,SMITHLEA,QLD,-28.84272,151.07079
4385,TEXAS,QLD,-28.71930,150.96674
4385,WATSONS CROSSING,QLD,-29.08278,151.29075
4387,BRUSH CREEK,QLD,-28.62674,151.13787
4387,BYBERA,QLD,-28.27361,150.93387
4387,COOLMUNDA,QLD,-28.47548,151.21319
4387,GREENUP,QLD,-28.61841,151.29836
4387,INGLEWOOD,QLD,-28.41528,151.06679
4387,MOSQUITO CREEK,QLD,-28.25613,151.30240
4387,TERRICA,QLD,-28.50256,151.48776
4387,WARROO,QLD,-28.63279,151.41586
4387,WHETSTONE,QLD,-28.57314,150.84531
4388,KURUMBUL,QLD,-28.55315,150.45910
4388,YELARBON,QLD,-28.58237,150.74867
4390,BILLA BILLA,QLD,-28.14601,150.30201
4390,CALINGUNEE,QLD,-28.05329,150.14853
4390,CALLANDOON,QLD,-28.50220,150.11634
4390,GOODAR,QLD,-28.47748,150.24545
4390,GOONDIWINDI,QLD,-28.53871,150.29829
4390,KINDON,QLD,-28.07935,150.73964
4390,LUNDAVRA,QLD,-28.06674,150.01923
4390,WONDALLI,QLD,-28.37510,150.59231
4390,WYAGA,QLD,-28.19275,150.63292
4390,YAGABURNE,QLD,-28.08118,150.51578
4400,KINGSTHORPE,QLD,-27.47508,151.82131
4401,ACLAND,QLD,-27.31216,151.65928
4401,AUBIGNY,QLD,-27.52306,151.64611
4401,BALGOWAN,QLD,-27.24705,151.68303
4401,BIDDESTON,QLD,-27.57056,151.75139
4401,BOODUA,QLD,-27.39612,151.83262
4401,DEVON PARK,QLD,-27.35392,151.68705
4401,GREENWOOD,QLD,-27.33093,151.72943
4401,HIGHLAND PLAINS,QLD,-27.28072,151.76452
4401,KELVINHAUGH,QLD,-27.39855,151.77185
4401,KINGS SIDING,QLD,-27.31216,151.65928
4401,MOUNT IRVING,QLD,-27.50883,151.58771
4401,MULDU,QLD,-27.28270,151.69132
4401,OAKEY,QLD,-27.44418,151.72287
4401,ROSALIE PLAINS,QLD,-27.19797,151.68486
4401,SABINE,QLD,-27.35166,151.71810
4401,SILVERLEIGH,QLD,-27.31041,151.74532
4401,YARGULLEN,QLD,-27.49602,151.61181
4402,COOYAR,QLD,-26.99352,151.78864
4402,KOORALGIN,QLD,-26.92645,151.92468
4402,UPPER COOYAR CREEK,QLD,-26.97878,151.76174
4403,BRYMAROO,QLD,-27.22268,151.62568
4403,JONDARYAN,QLD,-27.37100,151.59200
4403,MALU,QLD,-27.29416,151.59282
4403,MOUNT MORIAH,QLD,-27.47566,151.48580
4403,QUINALOW,QLD,-27.15899,151.64833
4403,WEST PRAIRIE,QLD,-27.47255,151.36732
4404,BOWENVILLE,QLD,-27.25737,151.50229
4404,FORMARTIN,QLD,-27.39913,151.52401
4404,IRVINGDALE,QLD,-27.34464,151.46690
4404,WAINUI,QLD,-27.32721,151.46106
4405,BEELBEE,QLD,-27.17113,151.43151
4405,BLAXLAND,QLD,-27.17113,151.43151
4405,BRAEMAR FOREST,QLD,-27.21370,150.79600
4405,BROADWATER,QLD,-27.35040,151.09700
4405,BUNYA MOUNTAINS,QLD,-26.88448,151.59720
4405,DAANDINE,QLD,-27.06450,151.00000
4405,DALBY,QLD,-27.19442,151.26598
4405,DUCKLO,QLD,-27.29353,150.98265
4405,GRASSDALE,QLD,-27.41313,151.13924
4405,KUMBARILLA,QLD,-27.29350,150.94700
4405,KUPUNN,QLD,-27.22940,151.10100
4405,MALAKOFF,QLD,-27.03910,151.37700
4405,MARMADUA,QLD,-27.46224,150.71477
4405,MOWBULLAN,QLD,-26.89970,151.61000
4405,NANDI,QLD,-27.17113,151.43151
4405,PIRRINUAN,QLD,-27.06573,151.26526
4405,RANGES BRIDGE,QLD,-27.12999,151.11158
4405,SPRINGVALE,QLD,-27.17113,151.43151
4405,ST RUTH,QLD,-27.31302,151.27364
4405,TIPTON,QLD,-27.49139,151.23963
4405,WERANGA,QLD,-27.26720,150.70909
4405,YAMSION,QLD,-26.98200,151.58200
4406,BOONDANDILLA,QLD,-27.92203,150.60471
4406,HALLIFORD,QLD,-27.92203,150.60471
4406,HANNAFORD,QLD,-27.34189,150.06237
4406,JIMBOUR,QLD,-26.96268,151.21741
4406,JIMBOUR EAST,QLD,-27.92203,150.60471
4406,JIMBOUR WEST,QLD,-27.92203,150.60471
4406,KAIMKILLENBUN,QLD,-27.05538,151.43260
4406,KOGAN,QLD,-27.11365,150.89365
4406,MACALISTER,QLD,-26.98817,151.15816
4406,MOOLA,QLD,-27.04300,151.48500
4406,MOONIE,QLD,-27.71696,150.37003
4406,SOUTHWOOD,QLD,-27.84364,150.00314
4406,THE GUMS,QLD,-27.33612,150.19407
4406,WEIR RIVER,QLD,-27.71258,150.64817
4407,CATTLE CREEK,QLD,-27.67625,150.79903
4407,CECIL PLAINS,QLD,-27.53333,151.20000
4407,DUNMORE,QLD,-27.66182,150.95545
4407,NANGWEE,QLD,-27.57005,151.27874
4408,BELL,QLD,-26.93047,151.45048
4408,COORANGA,QLD,-26.93047,151.45048
4408,COORANGA NORTH,QLD,-26.77050,151.40900
4410,BURRA BURRI,QLD,-26.78333,151.10000
4410,DARR CREEK,QLD,-26.78333,151.10000
4410,DIAMONDY,QLD,-26.78333,151.10000
4410,JANDOWAE,QLD,-26.78333,151.10000
4410,JINGHI,QLD,-26.78333,151.10000
4410,LANGLANDS,QLD,-26.78333,151.10000
4411,TUCKERANG,QLD,-26.92340,150.94346
4411,WARRA,QLD,-26.92340,150.94346
4412,BRIGALOW,QLD,-26.91428,150.79117
4412,WYCHIE,QLD,-26.91428,150.79117
4413,AUBURN,QLD,-26.70199,150.61218
4413,BAKING BOARD,QLD,-26.70199,150.61218
4413,BARAKULA,QLD,-26.70199,150.61218
4413,BLACKSWAMP,QLD,-26.70199,150.61218
4413,BOONARGA,QLD,-26.83420,150.74068
4413,BURNCLUITH,QLD,-26.61857,150.71295
4413,CADARGA,QLD,-26.70199,150.61218
4413,CAMEBY,QLD,-26.67910,150.45300
4413,CANAGA,QLD,-26.67634,150.91813
4413,CHANCES PLAIN,QLD,-26.71832,150.68005
4413,CHANCES PLAINS,QLD,-26.71830,150.68000
4413,CHINCHILLA,QLD,-26.75540,150.62849
4413,CROSSROADS,QLD,-26.90090,150.49800
4413,DURAH,QLD,-26.30945,150.93925
4413,FAIRYLAND,QLD,-26.70199,150.61218
4413,GOOMBI,QLD,-26.70199,150.61218
4413,GREENSWAMP,QLD,-26.70199,150.61218
4413,HOPELAND,QLD,-26.84759,150.74960
4413,KRAGRA,QLD,-26.70199,150.61218
4413,MONTROSE,QLD,-27.00234,150.65302
4413,PELICAN,QLD,-26.70199,150.61218
4413,RED HILL,QLD,-26.70199,150.61218
4413,RYWUNG,QLD,-26.70199,150.61218
4413,SUJEEWONG,QLD,-26.70199,150.61218
4413,WIEAMBILLA,QLD,-27.03654,150.48415
4415,BOORTKOI,QLD,-26.53250,150.38300
4415,COLUMBOOLA,QLD,-26.59181,150.34646
4415,DALWOGAN,QLD,-26.57133,150.15053
4415,DALWOGON,QLD,-26.61950,150.17400
4415,GURULMUNDI,QLD,-26.40634,150.13151
4415,HOOKSWOOD,QLD,-26.55864,150.24426
4415,KOWGURAN,QLD,-26.47932,150.17743
4415,MILES,QLD,-26.65833,150.18722
4415,MYALL PARK,QLD,-26.58082,150.18111
4415,PELHAM,QLD,-26.29185,150.28785
4416,BARRAMORNIE,QLD,-27.06969,150.09480
4416,CONDAMINE,QLD,-26.92827,150.13186
4416,MORABY,QLD,-26.88775,149.73865
4416,NANGRAM,QLD,-26.83764,150.30513
4416,PINE HILLS,QLD,-26.89616,149.93927
4416,SUNNYSIDE,QLD,-27.06221,149.93333
4416,YULABILLA,QLD,-27.02713,149.79921
4417,NOORINDOO,QLD,-27.07565,149.07913
4417,OBERINA,QLD,-27.01709,148.88755
4417,PARKNOOK,QLD,-27.39466,149.17044
4417,SURAT,QLD,-27.15583,149.06113
4417,WARKON,QLD,-26.92790,149.42193
4417,WELLESLEY,QLD,-27.19060,149.05410
4417,WERIBONE,QLD,-27.20326,148.86970
4418,GULUGUBA,QLD,-26.24228,150.09534
4419,BUNDI,QLD,-25.68474,150.28083
4419,BUNGABAN,QLD,-25.68474,150.28083
4419,COCKATOO,QLD,-25.68474,150.28083
4419,GROSMONT,QLD,-25.94498,149.89472
4419,ROCHE CREEK,QLD,-25.68474,150.28083
4419,WANDOAN,QLD,-26.12376,149.96417
4419,WOLEEBEE,QLD,-25.68474,150.28083
4420,BAROONDAH,QLD,-25.50262,149.53747
4420,BROADMERE,QLD,-25.50262,149.53747
4420,COORADA,QLD,-24.98095,149.52498
4420,EUROMBAH,QLD,-25.50262,149.53747
4420,GHINGHINDA,QLD,-25.25137,149.79065
4420,GLEBE,QLD,-25.50262,149.53747
4420,GLENHAUGHTON,QLD,-25.28674,149.28335
4420,GWAMBEGWINE,QLD,-25.30944,149.65439
4420,HORNET BANK,QLD,-25.78266,149.47781
4420,KINNOUL,QLD,-25.50262,149.53747
4420,PEEK-A-DOO,QLD,-25.73694,149.75384
4420,SPRING CREEK,QLD,-25.46358,150.03379
4420,TAROOM,QLD,-25.64056,149.79833
4420,WAIKOLA,QLD,-25.50262,149.53747
4421,GORANBA,QLD,-27.23290,150.62343
4421,TARA,QLD,-27.27683,150.45743
4422,COOMRITH,QLD,-27.49187,149.64239
4422,FLINTON,QLD,-27.86403,149.56848
4422,INGLESTONE,QLD,-27.57805,149.75766
4422,MEANDARRA,QLD,-27.30453,149.88690
4422,WESTMAR,QLD,-27.91792,149.71610
4423,COOMRITH,QLD,-27.49190,149.64200
4423,GLENMORGAN,QLD,-27.24815,149.67660
4423,TEELBA,QLD,-27.52541,149.36829
4424,DRILLHAM,QLD,-26.64042,149.98368
4424,DRILLHAM SOUTH,QLD,-26.73494,149.96273
4424,GLENAUBYN,QLD,-26.45124,149.87884
4425,BOGANDILLA,QLD,-26.48441,149.77482
4425,DULACCA,QLD,-26.64738,149.77027
4426,JACKSON,QLD,-26.64409,149.62485
4426,JACKSON NORTH,QLD,-26.44358,149.65536
4426,JACKSON SOUTH,QLD,-26.72780,149.56331
4427,CLIFFORD,QLD,-26.15387,149.39367
4427,YULEBA,QLD,-26.61676,149.38410
4427,YULEBA NORTH,QLD,-26.45995,149.46329
4427,YULEBA SOUTH,QLD,-26.73337,149.39681
4428,PICKANJINNIE,QLD,-26.46218,149.09611
4428,WALLUMBILLA,QLD,-26.58015,149.18815
4428,WALLUMBILLA NORTH,QLD,-26.47204,149.17582
4428,WALLUMBILLA SOUTH,QLD,-26.59672,149.11077
4454,ARCADIA VALLEY,QLD,-25.58223,148.69842
4454,BAFFLE WEST,QLD,-25.58223,148.69842
4454,BEILBA,QLD,-25.64045,148.85416
4454,DURHAM DOWNS,QLD,-26.11428,149.06127
4454,HIGHLAND PLAINS,QLD,-25.86911,148.75319
4454,HUTTON CREEK,QLD,-25.68685,148.40952
4454,INJUNE,QLD,-25.84575,148.56402
4454,MOUNT HOWE,QLD,-25.58223,148.69842
4454,MOUNT HUTTON,QLD,-25.91017,148.34232
4454,PONY HILLS,QLD,-25.91134,149.02932
4454,SIMMIE,QLD,-25.73461,148.61165
4454,UPPER DAWSON,QLD,-25.38956,148.61340
4454,WESTGROVE,QLD,-25.44031,148.44047
4455,ANGELLALA,QLD,-26.40900,146.89100
4455,BALLAROO,QLD,-27.15434,148.55936
4455,BLYTHDALE,QLD,-26.57785,148.95567
4455,BUNGEWORGORAI,QLD,-26.44897,148.61761
4455,BUNGIL,QLD,-26.62323,148.80534
4455,BYMOUNT,QLD,-26.09428,148.62318
4455,CORNWALL,QLD,-26.08169,148.44180
4455,DARGAL ROAD,QLD,-26.55162,148.72020
4455,EUMAMURRIN,QLD,-26.16768,148.81092
4455,EUTHULLA,QLD,-26.52703,148.75242
4455,GUNNEWIN,QLD,-25.98720,148.55436
4455,HODGSON,QLD,-26.56398,148.64318
4455,MOOGA,QLD,-26.34257,149.01950
4455,MOUNT ABUNDANCE,QLD,-26.58617,148.52446
4455,MOUNT BINDANGO,QLD,-26.57933,148.56791
4455,ORALLO,QLD,-26.30510,148.54345
4455,ORANGE HILL,QLD,-26.51124,148.79532
4455,ROMA,QLD,-26.56945,148.78376
4455,TINGUN,QLD,-26.74828,148.91452
4455,WYCOMBE,QLD,-27.50323,148.60264
4461,MUCKADILLA,QLD,-26.64840,148.36028
4462,AMBY,QLD,-26.54872,148.18803
4462,EURELLA,QLD,-26.54872,148.18803
4462,WALHALLOW,QLD,-26.54872,148.18803
4465,BARGUNYAH,QLD,-27.14242,148.03827
4465,DUNKELD,QLD,-27.14242,148.03827
4465,FORESTVALE,QLD,-25.99736,147.88691
4465,KILMOREY FALLS,QLD,-27.14242,148.03827
4465,MITCHELL,QLD,-26.48306,147.96611
4465,MOUNT MOFFATT,QLD,-27.14242,148.03827
4465,V GATE,QLD,-26.88472,147.79996
4465,WOMALILLA,QLD,-26.48328,147.76732
4465,WOMBLEBANK,QLD,-27.14242,148.03827
4467,MUNGALLALA,QLD,-26.44363,147.54868
4467,MUNGALLALA SOUTH,QLD,-26.44363,147.54868
4467,REDFORD,QLD,-25.93990,147.41000
4467,TYRCONNEL,QLD,-26.26329,147.53751
4468,BOATMAN,QLD,-26.09019,146.92273
4468,CLARA CREEK,QLD,-26.09019,146.92273
4468,MORVEN,QLD,-26.41485,147.11489
4470,BAKERS BEND,QLD,-26.73058,146.09858
4470,CHARLEVILLE,QLD,-26.40206,146.24536
4470,GOWRIE STATION,QLD,-26.15507,146.43170
4470,LANGLO,QLD,-26.03497,145.71964
4470,MURWEH,QLD,-26.22607,146.02500
4470,RIVERSLEIGH,QLD,-26.85069,146.49230
4470,SOMMARIVA,QLD,-26.73058,146.09858
4470,WARD,QLD,-25.92520,146.14700
4471,CLAVERTON,QLD,-27.36694,145.96401
4471,NARDOO SIDING,QLD,-27.74777,145.91359
4472,BLACKALL,QLD,-24.42063,145.46727
4472,MOUNT ENNISKILLEN,QLD,-24.67146,146.05598
4474,ADAVALE,QLD,-26.58881,145.01757
4475,CHEEPIE,QLD,-26.62928,145.01420
4477,AUGATHELLA,QLD,-25.79766,146.58548
4477,CAROLINE CROSSING,QLD,-25.79766,146.58548
4477,NIVE,QLD,-25.79766,146.58548
4477,UPPER WARREGO,QLD,-25.15419,147.31967
4478,BAYRICK,QLD,-25.40353,146.07363
4478,CALDERVALE,QLD,-24.92271,146.82402
4478,LANSDOWNE,QLD,-25.13060,146.16505
4478,LUMEAH,QLD,-25.28681,145.67212
4478,MACFARLANE,QLD,-24.88869,146.00867
4478,MINNIE DOWNS,QLD,-25.08592,145.85215
4478,SCRUBBY CREEK,QLD,-25.50128,145.61086
4478,TAMBO,QLD,-24.88333,146.25000
4478,WINDEYER,QLD,-24.56712,146.40314
4478,YANDARLO,QLD,-25.12527,146.49404
4479,COOLADDI,QLD,-26.68532,145.58018
4480,EROMANGA,QLD,-26.66878,143.26759
4480,QUILPIE,QLD,-26.61667,144.26667
4481,FARRARS CREEK,QLD,-25.13719,141.42754
4481,TANBAR,QLD,-25.84350,141.92267
4481,WINDORAH,QLD,-25.42056,142.65472
4482,BIRDSVILLE,QLD,-25.46654,139.20309
4486,DIRRANBANDI,QLD,-28.58218,148.22844
4486,HEBEL,QLD,-28.97263,147.79484
4487,BEGONIA,QLD,-27.46220,148.26831
4487,ST GEORGE,QLD,-28.03847,148.58164
4488,BARGUNYAH,QLD,-28.03421,147.47722
4488,BINDEBANGO,QLD,-28.03421,147.47722
4488,BOLLON,QLD,-28.03421,147.47722
4488,NEBINE,QLD,-27.99553,146.84154
4489,WYANDRA,QLD,-27.32809,146.11423
4490,BARRINGUN,QLD,-28.86284,145.79135
4490,COONGOOLA,QLD,-27.53073,145.66690
4490,CUNNAMULLA,QLD,-28.07610,145.68770
4490,CUTTABURRA,QLD,-28.70468,145.39289
4490,HUMEBURN,QLD,-27.43108,145.28285
4490,JOBS GATE,QLD,-28.80553,146.72047
4490,LINDEN,QLD,-27.99758,146.56206
4490,NOORAMA,QLD,-28.73037,146.21749
4490,TUEN,QLD,-28.52906,145.73095
4490,WIDGEEGOARA,QLD,-28.35856,146.31439
4490,YOWAH,QLD,-27.96844,144.63469
4491,EULO,QLD,-28.17910,145.04934
4492,BULLAWARRA,QLD,-28.05581,143.50610
4492,BULLOO DOWNS,QLD,-28.59305,142.92928
4492,CAMERON CORNER,QLD,-28.05581,143.50610
4492,DURHAM,QLD,-28.05581,143.50610
4492,DYNEVOR,QLD,-28.30145,144.16446
4492,NOCCUNDRA,QLD,-28.05581,143.50610
4492,NOCKATUNGA,QLD,-27.78494,142.61141
4492,NORLEY,QLD,-27.68465,143.77645
4492,THARGOMINDAH,QLD,-27.99444,143.82293
4493,HUNGERFORD,QLD,-28.99722,144.40987
4494,BUNGUNYA,QLD,-28.42895,149.65240
4494,NORTH BUNGUNYA,QLD,-28.17829,149.52794
4494,TARAWERA,QLD,-28.09710,149.72055
4496,NORTH TALWOOD,QLD,-28.48665,149.47005
4496,SOUTH TALWOOD,QLD,-28.60783,149.32921
4496,TALWOOD,QLD,-28.48704,149.46857
4497,DAYMAR,QLD,-28.60493,149.02862
4497,THALLON,QLD,-28.63910,148.86440
4497,WEENGALLON,QLD,-28.35687,149.05456
4498,KIOMA,QLD,-28.21932,149.78053
4498,TOOBEAH,QLD,-28.41750,149.87100
4500,BRAY PARK,QLD,-27.29278,152.96222
4500,BRENDALE,QLD,-27.32818,152.97356
4500,BRENDALE BC,QLD,-27.32820,152.97400
4500,BRENDALE DC,QLD,-27.31770,152.98700
4500,CASHMERE,QLD,-27.28333,152.91667
4500,CLEAR MOUNTAIN,QLD,-27.31000,152.88000
4500,JOYNER,QLD,-27.27742,152.93824
4500,STRATHPINE,QLD,-27.30139,152.98827
4500,STRATHPINE CENTRE,QLD,-27.30716,152.99111
4500,STRATHPINE CITY,QLD,-27.30140,152.98800
4500,WARNER,QLD,-27.31243,152.95001
4501,LAWNTON,QLD,-27.28388,152.98238
4502,FRENCHS FOREST,QLD,-27.25830,152.96400
4502,PETRIE,QLD,-27.26515,152.97061
4503,DAKABIN,QLD,-27.22206,152.98533
4503,DOHLES ROCKS,QLD,-27.26840,153.01100
4503,GRIFFIN,QLD,-27.26487,153.03454
4503,KALLANGUR,QLD,-27.25075,152.99265
4503,KURWONGBAH,QLD,-27.23080,152.96900
4503,MURRUMBA DOWNS,QLD,-27.26709,153.00911
4503,WHITESIDE,QLD,-27.25500,152.93200
4504,NARANGBA,QLD,-27.20158,152.96553
4505,BURPENGARY,QLD,-27.16154,152.95807
4505,BURPENGARY DC,QLD,-27.15620,152.97300
4505,BURPENGARY EAST,QLD,-27.14160,153.00000
4506,MOORINA,QLD,-27.14722,152.87333
4506,MORAYFIELD,QLD,-27.10538,152.94767
4507,BANKSIA BEACH,QLD,-27.04714,153.13841
4507,BELLARA,QLD,-27.06280,153.15340
4507,BONGAREE,QLD,-27.08140,153.15690
4507,BRIBIE ISLAND,QLD,-26.98610,153.13252
4507,BRIBIE ISLAND DC,QLD,-26.98610,153.13300
4507,BRIBIE ISLAND NORTH,QLD,-26.90554,153.11292
4507,WELSBY,QLD,-26.98623,153.12406
4507,WHITE PATCH,QLD,-27.03083,153.12556
4507,WOORIM,QLD,-27.06770,153.20330
4508,DECEPTION BAY,QLD,-27.18593,153.02064
4509,MANGO HILL,QLD,-27.23833,153.02806
4509,NORTH LAKES,QLD,-27.22766,153.00654
4510,BALINGOOL,QLD,-27.07970,152.95200
4510,BEACHMERE,QLD,-27.13000,153.05200
4510,BELLMERE,QLD,-27.08917,152.92667
4510,CABOOLTURE,QLD,-27.06667,152.96667
4510,CABOOLTURE BC,QLD,-27.08480,152.94900
4510,CABOOLTURE SOUTH,QLD,-27.09616,152.94119
4510,DONNYBROOK,QLD,-27.00000,153.06667
4510,MELDALE,QLD,-27.03300,153.07200
4510,MOODLU,QLD,-27.05748,152.91177
4510,ROCKSBERG,QLD,-27.10000,152.83333
4510,TOORBUL,QLD,-27.03333,153.10000
4510,UPPER CABOOLTURE,QLD,-27.11000,152.90000
4511,GODWIN BEACH,QLD,-27.08600,153.11100
4511,NINGI,QLD,-27.06667,153.08333
4511,SANDSTONE POINT,QLD,-27.08333,153.13333
4512,BRACALBA,QLD,-27.00854,152.84926
4512,WAMURAN,QLD,-27.03589,152.86274
4512,WAMURAN BASIN,QLD,-27.04720,152.82600
4513,CORYMBIA,QLD,-27.09460,152.86660
4513,GREENSTONE,QLD,-27.11050,152.86930
4513,LILYWOOD,QLD,-27.10170,152.89870
4513,WAGTAIL GROVE,QLD,-27.10480,152.88080
4513,WARABA,QLD,-27.08660,152.87830
4514,BELLTHORPE,QLD,-26.84420,152.71820
4514,CEDARTON,QLD,-26.86167,152.80972
4514,COMMISSIONERS FLAT,QLD,-26.87335,152.82677
4514,D’AGUILAR,QLD,-26.84420,152.71820
4514,D'AGUILAR,QLD,-26.84420,152.71820
4514,DELANEYS CREEK,QLD,-27.01250,152.77389
4514,MOUNT ARCHER,QLD,-26.97414,152.66201
4514,MOUNT DELANEY,QLD,-27.00360,152.71562
4514,NEURUM,QLD,-26.96667,152.70000
4514,STANMORE,QLD,-26.90250,152.79472
4514,STONY CREEK,QLD,-26.92680,152.71230
4514,VILLENEUVE,QLD,-26.96167,152.63167
4514,WESTVALE,QLD,-26.84420,152.71820
4514,WOODFORD,QLD,-26.95500,152.77800
4515,GLENFERN,QLD,-26.95196,152.61092
4515,HAZELDEAN,QLD,-27.03706,152.54584
4515,JIMNA,QLD,-26.66083,152.46472
4515,KILCOY,QLD,-26.94230,152.56201
4515,KINGAHAM,QLD,-26.54055,152.37772
4515,MONSILDALE,QLD,-26.70876,152.40236
4515,MOUNT KILCOY,QLD,-26.89163,152.58768
4515,ROYSTON,QLD,-26.92557,152.65598
4515,SANDY CREEK,QLD,-26.90001,152.62585
4515,SHEEP STATION CREEK,QLD,-26.85740,152.50839
4515,WINYA,QLD,-26.94329,152.57703
4515,WOOLMAR,QLD,-26.95899,152.52748
4516,ELIMBAH,QLD,-27.03673,152.96077
4517,BEERBURRUM,QLD,-26.95347,153.02653
4518,GLASS HOUSE MOUNTAINS,QLD,-26.91233,152.93236
4519,BEERWAH,QLD,-26.85732,152.95517
4519,COOCHIN CREEK,QLD,-26.90393,153.07023
4519,CROHAMHURST,QLD,-26.81380,152.88020
4519,PEACHESTER,QLD,-26.85000,152.88333
4520,ARMSTRONG CREEK,QLD,-27.22912,152.81397
4520,CAMP MOUNTAIN,QLD,-27.39500,152.87361
4520,CEDAR CREEK,QLD,-27.33583,152.82194
4520,CLOSEBURN,QLD,-27.32640,152.86490
4520,DRAPER,QLD,-27.35000,152.89000
4520,ENOGGERA RESERVOIR,QLD,-27.42590,152.88074
4520,HIGHVALE,QLD,-27.37900,152.81200
4520,JOLLYS LOOKOUT,QLD,-27.41028,152.82694
4520,KOBBLE CREEK,QLD,-27.26667,152.80000
4520,MOUNT GLORIOUS,QLD,-27.33472,152.76722
4520,MOUNT NEBO,QLD,-27.39714,152.78369
4520,MOUNT SAMSON,QLD,-27.30364,152.85588
4520,SAMFORD,QLD,-27.37117,152.86764
4520,SAMFORD VALLEY,QLD,-27.37117,152.86764
4520,SAMFORD VILLAGE,QLD,-27.37320,152.88382
4520,SAMSONVALE,QLD,-27.26194,152.85806
4520,WIGHTS MOUNTAIN,QLD,-27.39583,152.84389
4520,YUGAR,QLD,-27.34611,152.87556
4521,CAMPBELLS POCKET,QLD,-27.07806,152.80444
4521,DAYBORO,QLD,-27.19620,152.82427
4521,KING SCRUB,QLD,-27.17194,152.82556
4521,LACEYS CREEK,QLD,-27.22211,152.73252
4521,MOUNT MEE,QLD,-27.07417,152.76972
4521,MOUNT PLEASANT,QLD,-27.16567,152.78383
4521,OCEAN VIEW,QLD,-27.12688,152.81471
4521,RUSH CREEK,QLD,-27.20917,152.87240
4550,LANDSBOROUGH,QLD,-26.82597,152.96178
4550,MOUNT MELLUM,QLD,-26.81871,152.92648
4551,AROONA,QLD,-26.78100,153.11700
4551,BANYA,QLD,-26.78100,153.11700
4551,BARINGA,QLD,-26.80710,153.07700
4551,BATTERY HILL,QLD,-26.77900,153.12900
4551,BELLS CREEK,QLD,-26.79281,153.06404
4551,CALOUNDRA,QLD,-26.79900,153.13300
4551,CALOUNDRA BC,QLD,-26.79900,153.13300
4551,CALOUNDRA DC,QLD,-26.80340,153.13400
4551,CALOUNDRA WEST,QLD,-26.80308,153.09296
4551,CORBOULD PARK,QLD,-26.78100,153.11700
4551,CURRIMUNDI,QLD,-26.77000,153.12200
4551,DIAMOND HEAD,QLD,-31.70110,152.77000
4551,DICKY BEACH,QLD,-26.78300,153.13300
4551,GAGALBA,QLD,-26.78100,153.11700
4551,GOLDEN BEACH,QLD,-26.82300,153.11800
4551,KINGS BEACH,QLD,-26.80100,153.14100
4551,LITTLE MOUNTAIN,QLD,-26.78100,153.09400
4551,MERIDAN PLAINS,QLD,-26.76281,153.09900
4551,MOFFAT BEACH,QLD,-26.79100,153.13900
4551,NIRIMBA,QLD,-26.78100,153.11700
4551,PELICAN WATERS,QLD,-26.84100,153.10100
4551,SHELLY BEACH,QLD,-26.79700,153.14700
4552,BALD KNOB,QLD,-26.77930,152.91200
4552,BALMORAL RIDGE,QLD,-26.74361,152.89139
4552,BAROON POCKET,QLD,-26.70660,152.87100
4552,BOOROOBIN,QLD,-26.80953,152.77747
4552,CAMBROON,QLD,-26.63766,152.69163
4552,CONONDALE,QLD,-26.74351,152.73144
4552,CRYSTAL WATERS,QLD,-26.78420,152.71956
4552,CURRAMORE,QLD,-26.69380,152.79466
4552,ELAMAN CREEK,QLD,-26.71668,152.77418
4552,HARPER CREEK,QLD,-26.75570,152.74784
4552,MALENY,QLD,-26.76263,152.85224
4552,MOUNTAIN VIEW,QLD,-26.77890,152.86400
4552,NORTH MALENY,QLD,-26.73049,152.86764
4552,REESVILLE,QLD,-26.75276,152.79118
4552,WITTA,QLD,-26.71414,152.81471
4552,WOOTHA,QLD,-26.78958,152.78530
4553,DIAMOND VALLEY,QLD,-26.75588,152.93824
4553,GLENVIEW,QLD,-26.76667,153.01667
4553,MOOLOOLAH,QLD,-26.76071,152.96178
4553,MOOLOOLAH VALLEY,QLD,-26.76071,152.96178
4553,PALMVIEW,QLD,-26.75892,153.04934
4554,EUDLO,QLD,-26.73333,152.96667
4554,ILKLEY,QLD,-26.73531,152.99710
4555,CHEVALLUM,QLD,-26.70000,152.98333
4555,HUNCHY,QLD,-26.68246,152.91177
4555,LANDERS SHOOT,QLD,-26.71327,152.92942
4555,PALMWOODS,QLD,-26.69348,152.95592
4556,BUDERIM,QLD,-26.68500,153.05300
4556,FOREST GLEN,QLD,-26.67300,153.00100
4556,KUNDA PARK,QLD,-26.66500,153.03400
4556,MONS,QLD,-26.69000,153.02600
4556,SIPPY DOWNS,QLD,-26.72300,153.08400
4556,TANAWHA,QLD,-26.71500,153.03400
4557,MOOLOOLABA,QLD,-26.68200,153.11800
4557,MOUNTAIN CREEK,QLD,-26.69900,153.10100
4558,COTTON TREE,QLD,-26.65609,153.09951
4558,KULUIN,QLD,-26.65700,153.05900
4558,MAROOCHYDORE,QLD,-26.65000,153.10000
4558,MAROOCHYDORE BC,QLD,-26.67350,153.09100
4558,MAROOCHYDORE DC,QLD,-26.65000,153.10000
4558,MAROOCHYDORE SOUTH,QLD,-26.65000,153.10000
4558,SUNSHINE PLAZA,QLD,-26.65486,153.08892
4559,DIDDILLIBAH,QLD,-26.65000,153.03333
4559,KIELS MOUNTAIN,QLD,-26.65722,153.00667
4559,WEST WOOMBYE,QLD,-26.66667,152.93333
4559,WOOMBYE,QLD,-26.66667,152.96667
4560,BLI BLI,QLD,-26.61800,153.03700
4560,BURNSIDE,QLD,-26.63333,152.93333
4560,COES CREEK,QLD,-26.65000,152.95000
4560,COOLOOLABIN,QLD,-26.55715,152.90719
4560,DULONG,QLD,-26.63985,152.90294
4560,FLAXTON,QLD,-26.65917,152.86917
4560,HIGHWORTH,QLD,-26.61500,152.92611
4560,IMAGE FLAT,QLD,-26.60000,152.93333
4560,KIAMBA,QLD,-26.57456,152.90294
4560,KULANGOOR,QLD,-26.58752,152.95296
4560,KUREELPA,QLD,-26.60721,152.90294
4560,MAPLETON,QLD,-26.63333,152.86667
4560,MONTVILLE,QLD,-26.68333,152.88333
4560,NAMBOUR,QLD,-26.62370,152.95877
4560,NAMBOUR BC,QLD,-26.62610,152.96000
4560,NAMBOUR DC,QLD,-26.62610,152.96000
4560,NAMBOUR WEST,QLD,-26.62370,152.95877
4560,PARKLANDS,QLD,-26.60000,152.96667
4560,PERWILLOWEN,QLD,-26.63591,152.92353
4560,ROSEMOUNT,QLD,-26.62647,152.99710
4560,SUNSHINE COAST MC,QLD,-26.62810,152.95900
4560,TOWEN MOUNTAIN,QLD,-26.64679,152.92353
4561,BRIDGES,QLD,-26.53825,152.93824
4561,MAROOCHY RIVER,QLD,-26.58194,153.01778
4561,NINDERRY,QLD,-26.53333,152.98333
4561,NORTH ARM,QLD,-26.51667,152.95000
4561,VALDORA,QLD,-26.55000,153.00000
4561,YANDINA,QLD,-26.56468,152.95734
4561,YANDINA CREEK,QLD,-26.53333,153.03333
4562,BELLI PARK,QLD,-26.51667,152.81667
4562,DOONAN,QLD,-26.44009,153.00734
4562,EERWAH VALE,QLD,-26.48333,152.91667
4562,EUMUNDI,QLD,-26.48333,152.95000
4562,VERRIERDALE,QLD,-26.48333,153.01667
4562,WEYBA DOWNS,QLD,-26.45000,153.05000
4563,BLACK MOUNTAIN,QLD,-26.41500,152.86800
4563,CARTERS RIDGE,QLD,-26.45012,152.77354
4563,COOROY,QLD,-26.41821,152.91126
4563,COOROY MOUNTAIN,QLD,-26.43200,152.95100
4563,LAKE MACDONALD,QLD,-26.39000,152.93900
4563,RIDGEWOOD,QLD,-26.45700,152.83400
4563,SUNRISE HILLS,QLD,-26.42400,152.88500
4563,TINBEERWAH,QLD,-26.40700,152.97600
4564,MARCOOLA,QLD,-26.60288,153.06604
4564,MUDJIMBA,QLD,-26.61900,153.09200
4564,PACIFIC PARADISE,QLD,-26.62300,153.07300
4564,TWIN WATERS,QLD,-26.63300,153.08100
4565,BOREEN,QLD,-26.28500,152.99300
4565,BOREEN POINT,QLD,-26.28500,152.99300
4565,COOROIBAH,QLD,-26.35417,152.99710
4565,COOTHARABA,QLD,-26.28111,152.93236
4565,LAKE COOTHARABA,QLD,-26.25660,153.02700
4565,NOOSA NORTH SHORE,QLD,-26.36411,153.05417
4565,NORTH SHORE,QLD,-26.36410,153.05400
4565,RINGTAIL CREEK,QLD,-26.35199,152.93604
4565,TEEWAH,QLD,-26.27520,153.06700
4565,TEWANTIN,QLD,-26.39200,153.03900
4566,MUNNA POINT,QLD,-26.39480,153.07400
4566,NOOSAVILLE,QLD,-26.41349,153.05058
4566,NOOSAVILLE BC,QLD,-26.41500,153.05400
4566,NOOSAVILLE DC,QLD,-26.41350,153.05100
4567,CASTAWAYS BEACH,QLD,-26.43200,153.10100
4567,LITTLE COVE,QLD,-26.38560,153.09600
4567,NOOSA HEADS,QLD,-26.39800,153.09300
4567,SUNRISE BEACH,QLD,-26.41700,153.10500
4567,SUNSHINE BEACH,QLD,-26.40700,153.10500
4568,FEDERAL,QLD,-26.39800,152.80900
4568,PINBARREN,QLD,-26.33500,152.84900
4568,POMONA,QLD,-26.36299,152.85600
4569,COORAN,QLD,-26.33764,152.80883
4570,AMAMOOR,QLD,-26.34860,152.67570
4570,AMAMOOR CREEK,QLD,-26.38288,152.50478
4570,ANDERLEIGH,QLD,-25.98970,152.68026
4570,ARALUEN,QLD,-26.15700,152.65600
4570,BANKS POCKET,QLD,-26.15053,152.67214
4570,BEENAAM VALLEY,QLD,-26.18760,152.82059
4570,BELLA CREEK,QLD,-26.47338,152.56438
4570,BELLS BRIDGE,QLD,-26.12245,152.55487
4570,BOLLIER,QLD,-26.47211,152.73165
4570,BROOLOO,QLD,-26.50000,152.70000
4570,CALGOA,QLD,-25.86373,152.25656
4570,CALICO CREEK,QLD,-26.30392,152.64423
4570,CANINA,QLD,-26.14056,152.75003
4570,CEDAR POCKET,QLD,-26.20884,152.79118
4570,CHATSWORTH,QLD,-26.14400,152.61400
4570,COLES CREEK,QLD,-26.35585,152.73827
4570,COONDOO,QLD,-26.19526,152.87872
4570,CORELLA,QLD,-26.11014,152.63762
4570,CURRA,QLD,-26.06667,152.58333
4570,DAGUN,QLD,-26.32100,152.68100
4570,DOWNSFIELD,QLD,-26.04979,152.72871
4570,EAST DEEP CREEK,QLD,-26.19869,152.71475
4570,FISHERMANS POCKET,QLD,-26.16283,152.60604
4570,GILLDORA,QLD,-26.29816,152.68243
4570,GLANMIRE,QLD,-26.22600,152.69600
4570,GLASTONBURY,QLD,-26.21214,152.53620
4570,GLEN ECHO,QLD,-25.90708,152.39055
4570,GLENWOOD,QLD,-25.93500,152.62100
4570,GOOMBOORIAN,QLD,-26.07336,152.76766
4570,GREENS CREEK,QLD,-26.17323,152.75003
4570,GUNALDA,QLD,-26.01455,152.60305
4570,GYMPIE,QLD,-26.18335,152.66575
4570,GYMPIE DC,QLD,-26.19060,152.66500
4570,IMBIL,QLD,-26.45000,152.68333
4570,JONES HILL,QLD,-26.23100,152.66900
4570,KANDANGA,QLD,-26.38548,152.69712
4570,KANDANGA CREEK,QLD,-26.39693,152.62073
4570,KANIGAN,QLD,-25.94796,152.57960
4570,KIA ORA,QLD,-26.02979,152.76766
4570,KYBONG,QLD,-26.28800,152.71100
4570,LAGOON POCKET,QLD,-26.27641,152.68243
4570,LAKE BORUMBA,QLD,-26.53009,152.51421
4570,LANGSHAW,QLD,-26.31878,152.58768
4570,LONG FLAT,QLD,-26.26282,152.65598
4570,LOWER WONGA,QLD,-26.12003,152.45408
4570,MARODIAN,QLD,-25.84832,152.29321
4570,MARYS CREEK,QLD,-26.24501,152.58254
4570,MCINTOSH CREEK,QLD,-26.26253,152.64129
4570,MELAWONDI,QLD,-26.41389,152.66222
4570,MIVA,QLD,-25.94882,152.45592
4570,MONKLAND,QLD,-26.21000,152.68600
4570,MOOLOO,QLD,-26.29131,152.61265
4570,MOTHAR MOUNTAIN,QLD,-26.24759,152.76766
4570,MUNNA CREEK,QLD,-25.88824,152.46546
4570,NAHRUNDA,QLD,-26.20498,152.61926
4570,NEERDIE,QLD,-26.01069,152.74318
4570,NEUSA VALE,QLD,-26.18434,152.83639
4570,NORTH DEEP CREEK,QLD,-26.09592,152.69124
4570,PATERSON,QLD,-25.88908,152.51610
4570,PIE CREEK,QLD,-26.23142,152.60898
4570,ROSS CREEK,QLD,-26.09701,152.75003
4570,SANDY CREEK,QLD,-26.90000,152.62600
4570,SCOTCHY POCKET,QLD,-25.98633,152.53775
4570,SCRUBBY CREEK,QLD,-26.22085,152.57079
4570,SEXTON,QLD,-26.07273,152.50656
4570,SOUTHSIDE,QLD,-26.21100,152.64600
4570,ST MARY,QLD,-25.77125,152.47867
4570,TAMAREE,QLD,-26.13600,152.66400
4570,TANDUR,QLD,-26.28449,152.76178
4570,THE DAWN,QLD,-26.24900,152.68500
4570,THE PALMS,QLD,-26.19396,152.58548
4570,THEEBINE,QLD,-25.95795,152.55153
4570,TOOLARA,QLD,-26.00080,152.86100
4570,TOOLARA FOREST,QLD,-26.00077,152.86116
4570,TRAVESTON,QLD,-26.32020,152.78340
4570,TUCHEKOI,QLD,-26.40419,152.76178
4570,TWO MILE,QLD,-26.17200,152.63500
4570,UPPER GLASTONBURY,QLD,-26.27088,152.48120
4570,UPPER KANDANGA,QLD,-26.41415,152.58731
4570,VETERAN,QLD,-26.14900,152.70400
4570,VICTORY HEIGHTS,QLD,-26.17600,152.69400
4570,WALLU,QLD,-25.95038,152.90735
4570,WIDGEE,QLD,-26.21770,152.43057
4570,WIDGEE CROSSING NORTH,QLD,-26.18700,152.61779
4570,WIDGEE CROSSING SOUTH,QLD,-26.20090,152.60604
4570,WILSONS POCKET,QLD,-26.13074,152.80883
4570,WOLVI,QLD,-26.15306,152.83823
4570,WOOLOOGA,QLD,-25.98444,152.40273
4570,WOONDUM,QLD,-26.25071,152.73129
4571,COMO,QLD,-26.21708,152.93586
4571,KIN KIN,QLD,-26.26500,152.86800
4571,WAHPUNGA,QLD,-26.24710,152.89600
4572,ALEXANDRA HEADLAND,QLD,-26.67151,153.10455
4573,COOLUM BEACH,QLD,-26.52769,153.07363
4573,MARCUS BEACH,QLD,-26.44900,153.10100
4573,MOUNT COOLUM,QLD,-26.56667,153.08333
4573,PEREGIAN BEACH,QLD,-26.48056,153.09556
4573,PEREGIAN BEACH SOUTH,QLD,-26.48056,153.09556
4573,PEREGIAN SPRINGS,QLD,-26.50000,153.06667
4573,POINT ARKWRIGHT,QLD,-26.54692,153.09792
4573,YAROOMBA,QLD,-26.55000,153.10000
4574,COOLABINE,QLD,-26.60238,152.77354
4574,GHEERULLA,QLD,-26.54514,152.79265
4574,KENILWORTH,QLD,-26.59495,152.72757
4574,KIDAMAN CREEK,QLD,-26.63922,152.76766
4574,MOY POCKET,QLD,-26.52739,152.74929
4574,OBI OBI,QLD,-26.65000,152.80000
4575,BIRTINYA,QLD,-26.74300,153.11900
4575,BOKARINA,QLD,-26.73700,153.13100
4575,BUDDINA,QLD,-26.69000,153.13400
4575,KAWANA WATERS,QLD,-26.72300,153.13000
4575,MINYAMA,QLD,-26.69400,153.12600
4575,PARREARRA,QLD,-26.71100,153.12200
4575,WARANA,QLD,-26.72300,153.13000
4575,WARANA BEACH,QLD,-26.71430,153.13600
4575,WURTULLA,QLD,-26.75700,153.12600
4580,COOLOOLA,QLD,-26.03759,153.03523
4580,COOLOOLA COVE,QLD,-25.98578,153.00887
4580,TIN CAN BAY,QLD,-25.91930,153.00328
4581,EURONG,QLD,-25.51252,153.11913
4581,FRASER ISLAND,QLD,-25.23982,153.13252
4581,INSKIP,QLD,-25.84480,153.05670
4581,INSKIP POINT,QLD,-25.84480,153.05700
4581,K’GARI,QLD,-25.51252,153.11913
4581,K'GARI,QLD,-25.27760,153.14880
4581,ORCHID BEACH,QLD,-24.96157,153.31998
4581,RAINBOW BEACH,QLD,-25.90727,153.08786
4600,BLACK SNAKE,QLD,-26.21371,152.28385
4600,CINNABAR,QLD,-26.14730,152.17985
4600,KILKIVAN,QLD,-26.08642,152.24580
4600,MUDLO,QLD,-25.96304,152.22528
4600,OAKVIEW,QLD,-26.07263,152.31508
4601,BARAMBAH,QLD,-26.31034,152.11208
4601,BOONARA,QLD,-26.07694,152.03905
4601,BOOUBYJAN,QLD,-25.96974,151.94517
4601,GOOMERI,QLD,-26.18333,152.06667
4601,GOOMERIBONG,QLD,-26.14016,152.03080
4601,KINBOMBI,QLD,-26.15772,152.14277
4601,MANUMBAR,QLD,-26.36121,152.30299
4601,MANYUNG,QLD,-26.22335,151.99259
4601,TANSEY,QLD,-26.01744,152.04508
4601,WRATTENS FOREST,QLD,-26.30755,152.34491
4605,BARLIL,QLD,-26.18305,151.88737
4605,BYEE,QLD,-26.19641,151.84019
4605,CHERBOURG,QLD,-26.28925,151.95681
4605,CLOYNA,QLD,-26.11345,151.83507
4605,COBBS HILL,QLD,-26.06446,151.90840
4605,CROWNTHORPE,QLD,-26.11407,151.92614
4605,GLENROCK,QLD,-26.07630,151.80180
4605,KITOBA,QLD,-26.07024,151.85957
4605,MANYUNG,QLD,-26.22330,151.99300
4605,MERLWOOD,QLD,-26.14102,151.86746
4605,MOFFATDALE,QLD,-26.28220,152.00262
4605,MOONDOONER,QLD,-26.23698,152.00830
4605,MURGON,QLD,-26.23784,151.94372
4605,OAKDALE,QLD,-26.19109,151.90456
4605,REDGATE,QLD,-26.28083,152.01294
4605,SILVERLEAF,QLD,-26.16940,151.80217
4605,SUNNY NOOK,QLD,-26.11910,151.89541
4605,TABLELANDS,QLD,-26.17386,151.92395
4605,WARNUNG,QLD,-26.15676,151.83507
4605,WINDERA,QLD,-26.03188,151.81094
4605,WOOROONDEN,QLD,-26.12992,151.74843
4606,CHELMSFORD,QLD,-26.27823,151.80984
4606,FAIRDALE,QLD,-26.26132,151.77027
4606,FICKS CROSSING,QLD,-26.24614,151.88810
4606,GREENVIEW,QLD,-26.31386,151.81204
4606,LEAFDALE,QLD,-26.24657,151.78539
4606,MOUNT MCEUEN,QLD,-26.24380,151.72217
4606,MP CREEK,QLD,-26.31144,151.74374
4606,WHEATLANDS,QLD,-26.21899,151.84458
4606,WONDAI,QLD,-26.31667,151.86667
4608,CHARLESTOWN,QLD,-26.38890,151.83580
4608,CUSHNIE,QLD,-26.33869,151.75783
4608,TINGOORA,QLD,-26.36007,151.82565
4608,WILKESDALE,QLD,-26.36118,151.67368
4608,WOOROOLIN,QLD,-26.39982,151.81094
4610,ALICE CREEK,QLD,-26.76292,151.59492
4610,BALLOGIE,QLD,-26.36750,151.55010
4610,BENAIR,QLD,-26.61456,151.66148
4610,BOOIE,QLD,-26.55104,151.92724
4610,BOONENNE,QLD,-26.62542,151.79028
4610,BOYNESIDE,QLD,-26.72536,151.52182
4610,CHAHPINGAH,QLD,-26.47243,151.39191
4610,COOLABUNIA,QLD,-26.58665,151.89614
4610,CORNDALE,QLD,-26.42906,151.87791
4610,CRAWFORD,QLD,-26.49839,151.82154
4610,DANGORE,QLD,-26.45171,151.60682
4610,DURONG,QLD,-26.38482,151.37068
4610,DURONG SOUTH,QLD,-26.39156,151.24421
4610,ELLESMERE,QLD,-26.73365,151.74812
4610,GOODGER,QLD,-26.62529,151.79714
4610,GORDONBROOK,QLD,-26.53449,151.75830
4610,HALY CREEK,QLD,-26.65363,151.75501
4610,HODGLEIGH,QLD,-26.58422,151.93382
4610,INVERLAW,QLD,-26.59172,151.74807
4610,IRONPOT,QLD,-26.57924,151.38336
4610,KINGAROY,QLD,-26.53095,151.84000
4610,KINGAROY DC,QLD,-26.54160,151.83700
4610,KUMBIA,QLD,-26.70000,151.66667
4610,MANNUEM,QLD,-26.59279,151.61692
4610,MEMERAMBI,QLD,-26.47386,151.82849
4610,TAABINGA,QLD,-26.59361,151.82922
4610,TAABINGA VILLAGE,QLD,-26.59360,151.82900
4610,WATTLE GROVE,QLD,-26.54726,151.69837
4611,MARSHLANDS,QLD,-26.15556,151.75136
4611,MONDURE,QLD,-26.18607,151.78352
4612,HIVESVILLE,QLD,-26.17583,151.69306
4612,KAWL KAWL,QLD,-26.18852,151.73254
4612,KEYSLAND,QLD,-26.22346,151.73754
4612,STONELANDS,QLD,-26.08472,151.70878
4612,WIGTON,QLD,-25.96514,151.58252
4613,ABBEYWOOD,QLD,-26.11038,151.63207
4613,BOONDOOMA,QLD,-26.19217,151.29532
4613,BRIGOODA,QLD,-26.25455,151.41161
4613,COVERTY,QLD,-26.28054,151.47857
4613,KINLEYMORE,QLD,-26.18789,151.64613
4613,MANAR,QLD,-26.11160,151.35300
4613,MELROSE,QLD,-26.23314,151.69248
4613,OKEDEN,QLD,-26.21914,151.50475
4613,PROSTON,QLD,-26.16049,151.59551
4613,SPEEDWELL,QLD,-26.03275,151.52802
4613,STALWORTH,QLD,-26.13996,151.61185
4614,NEUMGNA,QLD,-26.86589,151.85665
4614,UPPER YARRAMAN,QLD,-26.88943,151.90639
4614,YARRAMAN,QLD,-26.83917,151.97750
4615,BARKER CREEK FLAT,QLD,-26.65624,151.94643
4615,BROOKLANDS,QLD,-26.69444,151.93090
4615,BULLCAMP,QLD,-26.64073,152.11169
4615,EAST NANANGO,QLD,-26.66618,152.03922
4615,ELGIN VALE,QLD,-26.44331,152.19265
4615,GLAN DEVON,QLD,-26.64682,152.00434
4615,JOHNSTOWN,QLD,-26.37965,152.11468
4615,KUNIOON,QLD,-26.66936,151.91004
4615,MAIDENWELL,QLD,-26.85698,151.80016
4615,NANANGO,QLD,-26.67765,151.98587
4615,PIMPIMBUDGEE,QLD,-26.89279,151.79376
4615,RUNNYMEDE,QLD,-26.54324,152.07891
4615,SANDY RIDGES,QLD,-26.51474,152.01250
4615,SOUTH EAST NANANGO,QLD,-26.72225,152.03263
4615,SOUTH NANANGO,QLD,-26.70602,151.99457
4615,TARONG,QLD,-26.76719,151.86729
4615,WATTLE CAMP,QLD,-26.46137,151.97242
4615,WENGENVILLE,QLD,-26.85628,151.63654
4615,WYALLA,QLD,-26.48154,152.06395
4620,ARAMARA,QLD,-25.60223,152.34966
4620,BROOWEENA,QLD,-25.60529,152.26889
4620,DOONGUL,QLD,-25.50085,152.36671
4620,GIGOOMGAN,QLD,-25.76692,152.22874
4620,GLENBAR,QLD,-25.75062,152.34987
4620,GUNGALOON,QLD,-25.56906,152.42205
4620,MALARGA,QLD,-25.79572,152.11569
4620,NORTH ARAMARA,QLD,-25.55183,152.32730
4620,TEEBAR,QLD,-25.65043,152.18487
4620,WOOCOO,QLD,-25.69098,152.30790
4621,BIGGENDEN,QLD,-25.51260,152.03776
4621,BOOMPA,QLD,-25.61665,152.19386
4621,COALSTOUN LAKES,QLD,-25.61575,151.90858
4621,CORINGA,QLD,-25.37094,151.98554
4621,DALLARNIL,QLD,-25.34690,152.06412
4621,DEGILBO,QLD,-25.47185,151.98505
4621,DIDCOT,QLD,-25.49475,151.82886
4621,GOLDEN FLEECE,QLD,-25.34698,152.12417
4621,LAKESIDE,QLD,-25.53429,152.10842
4621,WATERANGA,QLD,-25.39117,151.84426
4621,WOOWOONGA,QLD,-25.47985,152.07642
4625,ARANBANGA,QLD,-25.81527,151.65478
4625,BAN BAN,QLD,-25.67913,151.81831
4625,BAN BAN SPRINGS,QLD,-25.67913,151.81831
4625,BARLYNE,QLD,-25.73805,151.64327
4625,BINJOUR,QLD,-25.51751,151.44683
4625,BLAIRMORE,QLD,-25.80202,151.90376
4625,BON ACCORD,QLD,-25.57755,151.65782
4625,BRANCH CREEK,QLD,-25.43540,151.40589
4625,BYRNESTOWN,QLD,-25.54384,151.78522
4625,CAMPBELL CREEK,QLD,-25.62531,151.70583
4625,DEEP CREEK,QLD,-25.65585,151.47326
4625,DIRNBIR,QLD,-25.60883,151.57389
4625,DUNDARRAH,QLD,-25.64618,151.91063
4625,GAYNDAH,QLD,-25.62970,151.60623
4625,GINOONDAN,QLD,-25.60246,151.77213
4625,GOOROOLBA,QLD,-25.51973,151.80276
4625,HARRIET,QLD,-25.74825,151.58297
4625,HUMPHERY,QLD,-25.60682,151.48721
4625,IDERAWAY,QLD,-25.59335,151.61263
4625,MINGO,QLD,-25.39304,151.77941
4625,MOUNT DEBATEABLE,QLD,-25.62299,151.56507
4625,MOUNT LAWLESS,QLD,-25.54244,151.65367
4625,MOUNT STEADMAN,QLD,-25.45960,151.79600
4625,PENWHAUPELL,QLD,-25.74401,151.73209
4625,PILE GULLY,QLD,-25.75691,151.48753
4625,REIDS CREEK,QLD,-25.52796,151.56361
4625,STOCKHAVEN,QLD,-25.67072,151.88892
4625,THE LIMITS,QLD,-25.67703,151.66368
4625,TOONDAHRA,QLD,-25.92942,151.41165
4625,WAHOON,QLD,-25.89325,151.72095
4625,WETHERON,QLD,-25.46174,151.66823
4625,WILSON VALLEY,QLD,-25.57255,151.86634
4625,WOODMILLAR,QLD,-25.65050,151.59282
4625,YENDA,QLD,-25.46182,151.65911
4626,BEERON,QLD,-25.82995,151.26455
4626,BOYNEWOOD,QLD,-25.64224,151.26753
4626,BROVINIA,QLD,-25.89563,151.13328
4626,CATTLE CREEK,QLD,-25.49866,151.29504
4626,COONAMBULA,QLD,-25.52143,151.11483
4626,DERRI DERRA,QLD,-25.72975,151.29715
4626,DYKEHEAD,QLD,-25.64893,151.06007
4626,GLENRAE,QLD,-25.61309,151.33670
4626,GURGEENA,QLD,-25.45609,151.39389
4626,HAWKWOOD,QLD,-25.71585,150.97542
4626,MONOGORILBY,QLD,-25.98802,151.04823
4626,MUNDOWRAN,QLD,-25.52995,151.38094
4626,MUNDUBBERA,QLD,-25.58752,151.30716
4626,O’BIL BIL,QLD,-25.82995,151.26455
4626,OBIL BIL,QLD,-25.55480,151.27800
4626,O'BIL BIL,QLD,-25.55482,151.27814
4626,OLD COORANGA,QLD,-25.74449,151.34306
4626,PHILPOTT,QLD,-25.57281,151.36094
4626,RIVERLEIGH,QLD,-25.60803,151.24340
4627,ABERCORN,QLD,-25.14302,151.13809
4627,CERATODUS,QLD,-25.29000,151.14451
4627,CHELTENHAM,QLD,-25.62432,150.79629
4627,CYNTHIA,QLD,-25.21291,151.12759
4627,EIDSVOLD,QLD,-25.37222,151.12154
4627,EIDSVOLD EAST,QLD,-25.20607,151.21371
4627,EIDSVOLD WEST,QLD,-25.37094,150.68920
4627,GROSVENOR,QLD,-25.45252,151.18912
4627,MALMOE,QLD,-25.47084,151.17928
4627,WURUMA DAM,QLD,-25.13192,150.97442
4630,BANCROFT,QLD,-24.76932,151.26307
4630,BUKALI,QLD,-24.82887,151.14451
4630,CANIA,QLD,-24.66067,150.96293
4630,CANNINDAH,QLD,-24.84807,151.14499
4630,COOMINGLAH,QLD,-24.76428,150.84653
4630,COOMINGLAH FOREST,QLD,-24.89758,150.97214
4630,DALGA,QLD,-24.62149,151.46825
4630,GLENLEIGH,QLD,-25.03119,151.05407
4630,HARRAMI,QLD,-24.76261,150.69344
4630,KALPOWAR,QLD,-24.73453,151.47904
4630,KAPALDO,QLD,-25.03641,151.12697
4630,LANGLEY,QLD,-25.11009,151.24781
4630,MONAL,QLD,-24.62221,151.12600
4630,MONTO,QLD,-24.86137,151.12487
4630,MOONFORD,QLD,-24.78070,151.01111
4630,MULGILDIE,QLD,-24.98258,151.14505
4630,MUNGUNGO,QLD,-24.76966,151.16199
4630,RAWBELLE,QLD,-24.97651,150.72126
4630,SELENE,QLD,-25.00856,151.16547
4630,SPLINTER CREEK,QLD,-24.97520,151.20577
4630,TELLEBANG,QLD,-25.03966,151.19458
4630,THREE MOON,QLD,-24.90762,151.13085
4630,VENTNOR,QLD,-24.91040,151.28661
4630,YARROL,QLD,-25.13322,151.36928
4650,ALDERSHOT,QLD,-25.46250,152.66083
4650,ANTIGUA,QLD,-25.62599,152.60126
4650,AUBINVILLE,QLD,-25.52520,152.71600
4650,BADDOW,QLD,-25.51870,152.67600
4650,BAUPLE,QLD,-25.80716,152.60494
4650,BAUPLE FOREST,QLD,-25.86420,152.70903
4650,BEAVER ROCK,QLD,-25.51655,152.77902
4650,BIDWILL,QLD,-25.58377,152.71080
4650,BIG TUAN,QLD,-25.68900,152.83200
4650,BOONOOROO,QLD,-25.66915,152.89444
4650,BOONOOROO PLAINS,QLD,-25.56522,152.74568
4650,DUCKINWILLA,QLD,-25.40931,152.62054
4650,DUNDATHU,QLD,-25.46762,152.72357
4650,DUNMORA,QLD,-25.50513,152.54913
4650,FERNEY,QLD,-25.61323,152.62073
4650,GLENDORF,QLD,-25.53500,152.69600
4650,GLENORCHY,QLD,-25.62216,152.64221
4650,GOOTCHIE,QLD,-25.88296,152.58952
4650,GRAHAMS CREEK,QLD,-25.57121,152.61669
4650,GRANVILLE,QLD,-25.53639,152.72651
4650,GUNDIAH,QLD,-25.82889,152.53780
4650,HILLCREST HEIGHTS,QLD,-25.54400,152.72300
4650,ISLAND PLANTATION,QLD,-25.49276,152.72651
4650,LITTLE TUAN,QLD,-25.66700,152.86200
4650,MAAROOM,QLD,-25.61133,152.87146
4650,MAGNOLIA,QLD,-25.65364,152.68426
4650,MARYBOROUGH,QLD,-25.52326,152.69706
4650,MARYBOROUGH DC,QLD,-25.52490,152.70000
4650,MARYBOROUGH WEST,QLD,-25.50278,152.66773
4650,MOUNT STEADMAN,QLD,-25.45963,151.79568
4650,MOUNT URAH,QLD,-25.81033,152.41041
4650,MUNGAR,QLD,-25.59842,152.60640
4650,NETHERBY,QLD,-25.76711,152.54991
4650,OAKHURST,QLD,-25.51513,152.62073
4650,OWANYILLA,QLD,-25.66506,152.59245
4650,PALLAS STREET MARYBOROUGH,QLD,-25.52737,152.69713
4650,PILERWA,QLD,-25.60502,152.56391
4650,PIONEERS REST,QLD,-25.67164,152.57116
4650,POONA,QLD,-25.71806,152.91177
4650,PRAWLE,QLD,-25.49266,152.76837
4650,ST HELENS,QLD,-25.48591,152.70594
4650,ST MARY,QLD,-25.77120,152.47900
4650,TALEGALLA WEIR,QLD,-25.77756,152.70692
4650,TANDORA,QLD,-25.45989,152.82137
4650,TEDDINGTON,QLD,-25.64084,152.65965
4650,THE DIMONDS,QLD,-25.55762,152.84961
4650,THINOOMBA,QLD,-25.61235,152.49289
4650,TIARO,QLD,-25.70715,152.61705
4650,TINANA,QLD,-25.55480,152.67200
4650,TINANA SOUTH,QLD,-25.60173,152.69526
4650,TINNANBAR,QLD,-25.75896,152.95641
4650,TUAN,QLD,-25.68965,152.87205
4650,TUAN FOREST,QLD,-25.73276,152.80046
4650,WALKERS POINT,QLD,-25.50837,152.75003
4650,YENGARIE,QLD,-25.54180,152.59600
4650,YERRA,QLD,-25.59292,152.53928
4655,BOORAL,QLD,-25.35389,152.88972
4655,BUNYA CREEK,QLD,-25.35126,152.83456
4655,CRAIGNISH,QLD,-25.28543,152.72651
4655,DUNDOWRAN,QLD,-25.29478,152.77354
4655,DUNDOWRAN BEACH,QLD,-25.27061,152.76178
4655,ELI WATERS,QLD,-25.27995,152.80883
4655,GHOST HILL,QLD,-25.31670,152.83300
4655,GREAT SANDY STRAIT,QLD,-25.68359,152.94413
4655,HAPPY VALLEY,QLD,-20.74789,139.48856
4655,HERVEY BAY,QLD,-25.28815,152.76766
4655,HERVEY BAY DC,QLD,-25.28910,152.83300
4655,KAWUNGAN,QLD,-25.29930,152.84860
4655,KINGFISHER BAY,QLD,-25.39250,153.03000
4655,KINGFISHER BAY RESORT,QLD,-25.42270,152.91700
4655,NIKENBAH,QLD,-25.31934,152.81471
4655,PIALBA,QLD,-25.28130,152.82941
4655,POINT VERNON,QLD,-25.25712,152.81765
4655,RIVER HEADS,QLD,-25.40333,152.90735
4655,SCARNESS,QLD,-25.28596,152.85294
4655,SUNSHINE ACRES,QLD,-25.36263,152.78530
4655,SUSAN RIVER,QLD,-25.38787,152.76242
4655,TAKURA,QLD,-25.31776,152.69712
4655,TOOGOOM,QLD,-25.25637,152.69149
4655,TORQUAY,QLD,-25.28333,152.86667
4655,URANGAN,QLD,-25.30250,152.88861
4655,URRAWEEN,QLD,-25.29652,152.82353
4655,WALLIEBUM,QLD,-25.45860,152.72294
4655,WALLIGAN,QLD,-25.33611,152.76178
4655,WONDUNNA,QLD,-25.31990,152.85882
4659,BEELBI CREEK,QLD,-25.29084,152.64423
4659,BURGOWAN,QLD,-25.32999,152.62697
4659,BURRUM,QLD,-25.32602,152.58841
4659,BURRUM HEADS,QLD,-25.18678,152.60728
4659,BURRUM RIVER,QLD,-25.28098,152.58474
4659,BURRUM TOWN,QLD,-25.32602,152.58841
4659,HOWARD,QLD,-25.31314,152.56652
4659,PACIFIC HAVEN,QLD,-25.26112,152.55023
4660,ABINGTON,QLD,-25.21243,152.36238
4660,APPLE TREE CREEK,QLD,-25.22472,152.23556
4660,BUXTON,QLD,-25.20383,152.49224
4660,CHERWELL,QLD,-25.28530,152.48646
4660,CHILDERS,QLD,-25.23700,152.26853
4660,CORDALBA,QLD,-25.16667,152.21667
4660,DOOLBI,QLD,-25.23325,152.30372
4660,EUREKA,QLD,-25.25589,152.16739
4660,FARNSFIELD,QLD,-25.10547,152.29436
4660,GOODWOOD,QLD,-25.11432,152.37238
4660,GREGORY RIVER,QLD,-25.12475,152.22821
4660,HORTON,QLD,-25.23734,152.32058
4660,HUXLEY,QLD,-25.21090,152.26200
4660,ISIS CENTRAL,QLD,-25.19194,152.18058
4660,ISIS CENTRAL MILL,QLD,-25.19740,152.20700
4660,ISIS RIVER,QLD,-25.23937,152.37779
4660,KOWBI,QLD,-25.18540,152.31000
4660,KULLOGUM,QLD,-25.27692,152.21722
4660,LYNWOOD,QLD,-25.19220,152.26400
4660,NORTH GREGORY,QLD,-25.06248,152.24651
4660,NORTH ISIS,QLD,-25.16743,152.27439
4660,PROMISEDLAND,QLD,-25.06002,152.09679
4660,REDRIDGE,QLD,-25.16733,152.33451
4660,SOUTH ISIS,QLD,-25.25928,152.29785
4660,WOODGATE,QLD,-25.10623,152.56198
4662,TORBANLEA,QLD,-25.34723,152.59528
4670,ABBOTSFORD,QLD,-24.83101,152.01053
4670,ALLOWAY,QLD,-24.94666,152.36825
4670,ASHFIELD,QLD,-24.87290,152.39466
4670,AVENELL HEIGHTS,QLD,-24.89050,152.36678
4670,AVOCA,QLD,-24.88056,152.30611
4670,AVONDALE,QLD,-24.76411,152.16080
4670,BARGARA,QLD,-24.83123,152.45922
4670,BRANYAN,QLD,-24.91032,152.26853
4670,BUCCA,QLD,-24.85880,152.14102
4670,BUNDABERG,QLD,-24.86697,152.35097
4670,BUNDABERG CENTRAL,QLD,-24.86697,152.35097
4670,BUNDABERG DC,QLD,-24.86590,152.34800
4670,BUNDABERG EAST,QLD,-24.85732,152.37118
4670,BUNDABERG NORTH,QLD,-24.85049,152.35065
4670,BUNDABERG SOUTH,QLD,-24.87132,152.35945
4670,BUNDABERG WEST,QLD,-24.87208,152.33598
4670,BURNETT DOWNS,QLD,-24.89570,152.27700
4670,BURNETT HEADS,QLD,-24.77691,152.40425
4670,CALAVOS,QLD,-24.93893,152.43868
4670,COONARR,QLD,-24.97453,152.44968
4670,CORAL COVE,QLD,-24.88499,152.48270
4670,ELECTRA,QLD,-24.97840,152.12475
4670,ELLIOTT,QLD,-24.99873,152.37156
4670,ELLIOTT HEADS,QLD,-24.91667,152.48333
4670,FAIRYMEAD,QLD,-24.79099,152.37264
4670,GIVELDA,QLD,-24.98469,152.15127
4670,GLENFOREST,QLD,-24.88220,152.35900
4670,GOOBURRUM,QLD,-24.82828,152.32132
4670,INNES PARK,QLD,-24.86806,152.47889
4670,KALKIE,QLD,-24.84662,152.38585
4670,KENSINGTON,QLD,-24.91974,152.31545
4670,KEPNOCK,QLD,-24.87694,152.37611
4670,KINKUNA,QLD,-24.98343,152.41247
4670,MEADOWVALE,QLD,-24.81391,152.27505
4670,MILLBANK,QLD,-24.87401,152.31838
4670,MON REPOS,QLD,-24.80591,152.44161
4670,MOORE PARK,QLD,-24.70920,152.25600
4670,MOORE PARK BEACH,QLD,-24.70920,152.25589
4670,MOORLAND,QLD,-24.79247,152.20036
4670,MULLETT CREEK,QLD,-24.63466,152.06009
4670,NORVILLE,QLD,-24.89505,152.34185
4670,OAKWOOD,QLD,-24.84970,152.29200
4670,PINE CREEK,QLD,-25.01162,152.16938
4670,QUNABA,QLD,-24.83182,152.42107
4670,RUBYANNA,QLD,-24.82710,152.39392
4670,SANTA FE HEIGHTS,QLD,-24.88500,152.30700
4670,SHARON,QLD,-24.87484,152.22748
4670,SOUTH BINGERA,QLD,-24.96833,152.21889
4670,SOUTH KOLAN,QLD,-24.96056,152.17325
4670,SVENSSON HEIGHTS,QLD,-24.88726,152.33011
4670,THABEBAN,QLD,-24.90403,152.35945
4670,WALKERVALE,QLD,-24.88223,152.35945
4670,WATALGAN,QLD,-24.63944,152.02853
4670,WELCOME CREEK,QLD,-24.77530,152.27439
4670,WINDERMERE,QLD,-24.86340,152.41500
4670,WINFIELD,QLD,-24.55274,152.01461
4670,WOONGARRA,QLD,-24.89725,152.42107
4671,BOOLBOONDA,QLD,-25.06599,151.69362
4671,BOOYAL,QLD,-25.21018,152.03336
4671,BULLYARD,QLD,-24.94581,152.03995
4671,BUNGADOO,QLD,-25.00308,152.08096
4671,DALYSFORD,QLD,-25.01925,151.89358
4671,DAMASCUS,QLD,-24.95307,151.95870
4671,DELAN,QLD,-25.01769,152.04581
4671,DOUGHBOY,QLD,-25.13745,151.84275
4671,DRINAN,QLD,-25.04316,152.01067
4671,DUINGAL,QLD,-25.12013,151.99957
4671,GAETA,QLD,-24.89001,151.59286
4671,GIN GIN,QLD,-24.99083,151.95000
4671,GOOD NIGHT,QLD,-25.24721,151.97975
4671,GREENHILLS BEACH NSW 2230 GIN GIN,QLD,-25.06599,151.69362
4671,HORSE CAMP,QLD,-25.07117,151.88188
4671,KOLONGA,QLD,-24.76170,151.71996
4671,LAKE MONDURAN,QLD,-24.87609,151.85329
4671,MAROONDAN,QLD,-24.95617,152.01067
4671,MCILWRAITH,QLD,-24.98333,152.00000
4671,MOLANGUL,QLD,-24.74585,151.54848
4671,MONDURAN,QLD,-24.90290,151.90419
4671,MOOLBOOLAMAN,QLD,-24.98976,151.82922
4671,MORGANVILLE,QLD,-25.18372,151.95724
4671,MOUNT PERRY,QLD,-25.18018,151.65746
4671,MUNGY,QLD,-25.25529,151.44842
4671,NEARUM,QLD,-25.10014,151.84366
4671,NEW MOONTA,QLD,-25.02865,151.73597
4671,REDHILL FARMS,QLD,-25.02034,151.95212
4671,SKYRING RESERVE,QLD,-25.04447,151.96383
4671,ST AGNES,QLD,-25.14036,151.96273
4671,ST KILDA,QLD,-25.05663,151.91700
4671,TAKILBERAN,QLD,-24.89935,151.79068
4671,TIRROAN,QLD,-25.00469,151.92870
4671,WALLAVILLE,QLD,-25.07139,151.99972
4671,WONBAH,QLD,-25.05439,151.63262
4671,WONBAH FOREST,QLD,-24.98921,151.61035
4673,LITTABELLA,QLD,-24.59990,152.12300
4673,MIARA,QLD,-24.67368,152.19434
4673,WATERLOO,QLD,-24.75932,152.01129
4673,YANDARAN,QLD,-24.72926,152.10105
4674,BAFFLE CREEK,QLD,-24.50193,151.93033
4674,BERAJONDO,QLD,-24.61633,151.84308
4674,DEEPWATER,QLD,-24.41679,151.96448
4674,EULEILAH,QLD,-24.49462,151.85262
4674,MOUNT MARIA,QLD,-24.55274,151.82209
4674,OYSTER CREEK,QLD,-24.46183,151.87239
4674,ROSEDALE,QLD,-24.63014,151.91461
4674,RULES BEACH,QLD,-24.46857,151.99912
4674,TAUNTON,QLD,-24.45870,151.79924
4676,GINDORAN,QLD,-24.58851,151.61204
4676,LOWMEAD,QLD,-24.52931,151.75317
4677,AGNES WATER,QLD,-24.21250,151.90333
4677,CAPTAIN CREEK,QLD,-24.27153,151.77073
4677,COLOSSEUM,QLD,-24.36790,151.54400
4677,EURIMBULA,QLD,-24.10956,151.72021
4677,MIRIAM VALE,QLD,-24.32770,151.55924
4677,MOUNT TOM,QLD,-24.38031,151.67386
4677,ROUND HILL,QLD,-24.25705,151.85002
4677,SEVENTEEN SEVENTY,QLD,-24.16138,151.88521
4678,BOROREN,QLD,-24.24172,151.49541
4678,FORESHORES,QLD,-24.11189,151.50120
4678,RODDS BAY,QLD,-24.08378,151.62448
4678,TURKEY BEACH,QLD,-24.07972,151.65250
4680,BARMUNDU,QLD,-24.13480,151.19600
4680,BARNEY POINT,QLD,-23.84639,151.26611
4680,BEECHER,QLD,-23.91266,151.20442
4680,BENARABY,QLD,-24.01020,151.32277
4680,BOYNE ISLAND,QLD,-23.95507,151.33700
4680,BOYNE VALLEY,QLD,-24.53759,151.37574
4680,BOYNEDALE,QLD,-24.22024,151.29587
4680,BUILYAN,QLD,-24.53156,151.38730
4680,BURUA,QLD,-23.94940,151.19859
4680,BYELLEE,QLD,-23.87024,151.19567
4680,CALLEMONDAH,QLD,-23.85966,151.22389
4680,CALLIOPE,QLD,-24.01375,151.20784
4680,CLINTON,QLD,-23.87750,151.22000
4680,CURTIS ISLAND,QLD,-23.75658,151.31039
4680,DIGLUM,QLD,-24.14539,151.18930
4680,GLADSTONE,QLD,-23.84159,151.24977
4680,GLADSTONE BC,QLD,-23.84160,151.25000
4680,GLADSTONE CENTRAL,QLD,-23.84160,151.25000
4680,GLADSTONE DC,QLD,-23.84170,151.24400
4680,GLADSTONE HARBOUR,QLD,-23.87350,151.37600
4680,GLADSTONE SOUTH,QLD,-23.86167,151.26694
4680,GLEN EDEN,QLD,-23.90284,151.26271
4680,HERON ISLAND,QLD,-23.44230,151.91480
4680,HETHERINGTON,QLD,-23.85530,151.24500
4680,IVERAGH,QLD,-24.06587,151.38628
4680,KIN KORA,QLD,-23.87833,151.24639
4680,KIRKWOOD,QLD,-23.90021,151.23647
4680,LITTLEMORE,QLD,-24.45440,151.35100
4680,MANY PEAKS,QLD,-24.54391,151.36902
4680,MOUNT ALMA,QLD,-24.06339,150.91219
4680,NAGOORIN,QLD,-24.35607,151.30325
4680,NEW AUCKLAND,QLD,-23.88395,151.23647
4680,O’CONNELL,QLD,-24.13480,151.19600
4680,O'CONNELL,QLD,-23.92689,151.27437
4680,RIVER RANCH,QLD,-23.97899,151.15780
4680,SOUTH END,QLD,-23.75730,151.31011
4680,SOUTH GLADSTONE,QLD,-23.86167,151.26694
4680,SOUTH TREES,QLD,-23.90224,151.29058
4680,SUN VALLEY,QLD,-23.87620,151.25834
4680,TABLELANDS,QLD,-24.33377,150.89765
4680,TANNUM SANDS,QLD,-23.95000,151.36667
4680,TARAGOOLA,QLD,-24.07930,151.23900
4680,TELINA,QLD,-23.88751,151.25396
4680,TOOLOOA,QLD,-23.88222,151.26917
4680,UBOBO,QLD,-24.40878,151.32210
4680,WEST GLADSTONE,QLD,-23.85833,151.24583
4680,WEST STOWE,QLD,-23.89653,151.14348
4680,WOODERSON,QLD,-23.99618,151.09299
4680,WURDONG HEIGHTS,QLD,-23.97777,151.30134
4694,ALDOGA,QLD,-23.82504,151.06861
4694,TARGINIE,QLD,-23.79332,151.10391
4694,TARGINNIE,QLD,-23.79330,151.10400
4694,YARWUN,QLD,-23.83054,151.11047
4695,AMBROSE,QLD,-23.78868,150.91255
4695,BRACEWELL,QLD,-23.88047,150.89978
4695,DARTS CREEK,QLD,-23.75949,150.94164
4695,EAST END,QLD,-23.86066,150.95809
4695,MACHINE CREEK,QLD,-23.83621,150.93655
4695,MOUNT LARCOM,QLD,-23.81028,150.97833
4695,THE NARROWS,QLD,-23.61392,150.95412
4697,RAGLAN,QLD,-23.81167,150.79117
4699,BAJOOL,QLD,-23.63534,150.54580
4699,PORT ALMA,QLD,-23.58328,150.84559
4700,ALLENSTOWN,QLD,-23.38889,150.50278
4700,DEPOT HILL,QLD,-23.39146,150.52114
4700,FAIRY BOWER,QLD,-23.41441,150.46438
4700,GREAT KEPPEL ISLAND,QLD,-23.17840,150.94819
4700,PORT CURTIS,QLD,-23.43080,150.51896
4700,ROCKHAMPTON,QLD,-23.37908,150.51002
4700,ROCKHAMPTON CITY,QLD,-23.37908,150.51002
4700,ROCKHAMPTON HOSPITAL,QLD,-23.37999,150.49494
4700,THE KEPPELS,QLD,-23.18944,150.96298
4700,THE RANGE,QLD,-23.40000,150.50000
4700,WANDAL,QLD,-23.36667,150.50000
4700,WEST ROCKHAMPTON,QLD,-23.37890,150.48940
4701,BERSERKER,QLD,-23.36667,150.53333
4701,CENTRAL QUEENSLAND UNIVERSITY,QLD,-23.32647,150.51894
4701,FRENCHVILLE,QLD,-23.35000,150.55000
4701,GREENLAKE,QLD,-23.03194,150.55632
4701,IRONPOT,QLD,-23.25909,150.59948
4701,KALKA,QLD,-23.37370,150.53800
4701,KAWANA,QLD,-23.33611,150.50639
4701,KOONGAL,QLD,-23.36560,150.54890
4701,LAKES CREEK,QLD,-23.36231,150.57626
4701,LIMESTONE CREEK,QLD,-23.28435,150.56466
4701,MOUNT ARCHER,QLD,-23.33333,150.58333
4701,NANKIN,QLD,-23.37564,150.63794
4701,NERIMBERA,QLD,-23.39965,150.58671
4701,NORMAN GARDENS,QLD,-23.32039,150.52984
4701,NORTH ROCKHAMPTON,QLD,-23.37303,150.51985
4701,OASIS GARDENS,QLD,-23.33710,150.52800
4701,PARK AVENUE,QLD,-23.35669,150.50953
4701,RED HILL ROCKHAMPTON,QLD,-23.34180,150.52100
4701,ROCKHAMPTON DC,QLD,-23.38580,150.51000
4701,ROCKHAMPTON NORTH,QLD,-23.37518,150.49829
4701,ROCKHAMPTON SHOPPING FAIR,QLD,-23.35447,150.52245
4701,ROCKYVIEW,QLD,-23.25439,150.50736
4701,SANDRINGHAM,QLD,-23.25628,150.56429
4701,THE COMMON,QLD,-23.38083,150.53306
4702,ALBERTA,QLD,-24.31355,149.80030
4702,ALSACE,QLD,-23.28672,149.29739
4702,ALTON DOWNS,QLD,-23.29353,150.37327
4702,ANAKIE,QLD,-23.55243,147.74280
4702,ANAKIE SIDING,QLD,-24.31355,149.80030
4702,ARCTURUS,QLD,-24.31355,149.80030
4702,ARGOON,QLD,-24.24479,150.46464
4702,BALCOMBA,QLD,-23.31216,149.63899
4702,BANANA,QLD,-24.47222,150.12806
4702,BARALABA,QLD,-24.18194,149.81306
4702,BARNARD,QLD,-23.98866,149.71118
4702,BINGEGANG,QLD,-23.13067,149.15656
4702,BLACKDOWN,QLD,-23.87997,149.10886
4702,BLUFF,QLD,-23.58230,149.07942
4702,BOGANTUNGAN,QLD,-23.64630,147.29300
4702,BOOLBURRA,QLD,-23.74434,149.81690
4702,BOULDERCOMBE,QLD,-23.56667,150.46667
4702,BUSHLEY,QLD,-23.57926,150.29758
4702,CANAL CREEK,QLD,-22.97792,150.27439
4702,CANOONA,QLD,-23.07286,150.24075
4702,CARNARVON PARK,QLD,-24.31355,149.80030
4702,CAWARRAL,QLD,-23.25592,150.66335
4702,CENTRAL QUEENSLAND MC,QLD,-23.32650,150.51900
4702,CHEESEBOROUGH,QLD,-24.31355,149.80030
4702,COMET,QLD,-23.60530,148.54500
4702,CONSUELO,QLD,-24.69105,148.37774
4702,COOMOO,QLD,-23.83841,149.51652
4702,COOROOMAN,QLD,-23.25909,150.72302
4702,COORUMBENE,QLD,-24.55373,148.75329
4702,COOWONGA,QLD,-23.31667,150.73333
4702,DALMA,QLD,-23.39810,150.24545
4702,DINGO,QLD,-23.64675,149.33436
4702,DIXALEA,QLD,-23.99489,150.28434
4702,DULULU,QLD,-23.85085,150.25414
4702,DUMPY CREEK,QLD,-23.99152,150.02943
4702,DUNDULA CREEK,QLD,-24.31355,149.80030
4702,ETNA CREEK,QLD,-23.21704,150.48009
4702,FERNLEES,QLD,-23.85635,148.12347
4702,GAINSFORD,QLD,-23.79231,149.76583
4702,GARNANT,QLD,-23.17128,150.26572
4702,GEMFIELDS,QLD,-23.41810,147.69800
4702,GINDIE,QLD,-23.71581,148.08734
4702,GLENROY,QLD,-23.18559,149.81786
4702,GOGANGO,QLD,-23.67696,150.02053
4702,GOOMALLY,QLD,-24.31717,149.22666
4702,GOOVIGEN,QLD,-24.09719,150.27658
4702,GOOWARRA,QLD,-23.66243,149.40688
4702,GORDONSTONE,QLD,-24.31355,149.80030
4702,GRACEMERE,QLD,-23.45562,150.45298
4702,HUMBOLDT,QLD,-24.31355,149.80030
4702,JAMBIN,QLD,-24.19863,150.37219
4702,JARDINE,QLD,-23.05959,150.38441
4702,JELLINBAH,QLD,-23.32128,148.87096
4702,JOSKELEIGH,QLD,-23.36399,150.78124
4702,KABRA,QLD,-23.49001,150.40506
4702,KALAPA,QLD,-23.50166,150.24364
4702,KEPPEL SANDS,QLD,-23.33636,150.77841
4702,KOKOTUNGO,QLD,-24.13540,149.86308
4702,KUNWARARA,QLD,-23.00309,150.26825
4702,LOWESBY,QLD,-24.33865,148.68707
4702,MACKENZIE,QLD,-23.12793,149.39223
4702,MARMOR,QLD,-23.67477,150.71220
4702,MIDGEE,QLD,-23.48942,150.59549
4702,MILMAN,QLD,-23.13317,150.40342
4702,MIMOSA,QLD,-24.26817,149.60896
4702,MOONMERA,QLD,-23.57938,150.40289
4702,MORINISH,QLD,-23.25248,150.16549
4702,MORINISH SOUTH,QLD,-23.27033,149.96562
4702,MOUNT CHALMERS,QLD,-23.28828,150.64224
4702,NINE MILE,QLD,-23.43858,150.40007
4702,PARKHURST,QLD,-23.30460,150.51180
4702,PHEASANT CREEK,QLD,-23.88112,150.13706
4702,PINK LILY,QLD,-23.33835,150.48270
4702,PLUM TREE,QLD,-22.13582,150.03549
4702,RANNES,QLD,-24.10160,150.12000
4702,REWAN,QLD,-24.31355,149.80030
4702,RIDGELANDS,QLD,-23.24880,150.28161
4702,ROLLESTON,QLD,-24.46338,148.62265
4702,ROSSMOYA,QLD,-23.03054,150.48307
4702,RUBYVALE,QLD,-23.42917,147.71564
4702,SAPPHIRE,QLD,-23.46056,147.71759
4702,SAPPHIRE CENTRAL,QLD,-24.31355,149.80030
4702,SHOALWATER,QLD,-22.47478,150.18431
4702,SMOKY CREEK,QLD,-24.13114,150.31278
4702,SOUTH YAAMBA,QLD,-23.23607,150.33493
4702,STANAGE,QLD,-22.13471,150.04836
4702,STANWELL,QLD,-23.48444,150.32029
4702,STEWARTON,QLD,-23.58698,148.96095
4702,TARRAMBA,QLD,-24.62680,150.26400
4702,THE CAVES,QLD,-23.17478,150.47763
4702,THE GEMFIELDS,QLD,-23.41810,147.69800
4702,THOMPSON POINT,QLD,-23.48803,150.74649
4702,TOGARA,QLD,-24.31355,149.80030
4702,TUNGAMULL,QLD,-23.32549,150.68658
4702,ULOGIE,QLD,-23.94316,150.50957
4702,WALLAROO,QLD,-23.71479,149.60259
4702,WESTWOOD,QLD,-23.62638,150.16273
4702,WILLOWS,QLD,-23.66301,147.51169
4702,WILLOWS GEMFIELDS,QLD,-23.66301,147.51169
4702,WITHERSFIELD,QLD,-23.57920,147.56400
4702,WOOLEIN,QLD,-24.24794,150.15989
4702,WOOROONA,QLD,-24.01236,149.31564
4702,WOWAN,QLD,-23.90746,150.19477
4702,WYCARBAH,QLD,-23.55918,150.20492
4702,YALLEROI,QLD,-24.07420,145.75300
4702,YARAKA,QLD,-24.88348,144.07546
4703,ADELAIDE PARK,QLD,-23.09433,150.69239
4703,BANGALEE,QLD,-23.07660,150.78470
4703,BARLOWS HILL,QLD,-23.10868,150.74322
4703,BARMARYEE,QLD,-23.13545,150.69529
4703,BARMOYA,QLD,-23.14515,150.55377
4703,BAYFIELD,QLD,-22.83720,150.64000
4703,BONDOOLA,QLD,-23.19582,150.68658
4703,BUNGUNDARRA,QLD,-23.05673,150.64012
4703,BYFIELD,QLD,-22.83721,150.64009
4703,CAUSEWAY LAKE,QLD,-23.19740,150.78800
4703,COBRABALL,QLD,-23.15771,150.64857
4703,COOEE BAY,QLD,-23.14194,150.75556
4703,FARNBOROUGH,QLD,-23.07760,150.72290
4703,HIDDEN VALLEY,QLD,-23.16389,150.71563
4703,INVERNESS,QLD,-23.11314,150.71853
4703,KEMP BEACH,QLD,-23.16930,150.79100
4703,KINKA BEACH,QLD,-23.22532,150.79114
4703,LAKE MARY,QLD,-23.09895,150.64520
4703,LAMMERMOOR,QLD,-23.16083,150.76333
4703,LAMMERMOOR BEACH,QLD,-23.16490,150.77600
4703,MARYVALE,QLD,-22.96522,150.62669
4703,MEIKLEVILLE HILL,QLD,-23.11467,150.74613
4703,MULAMBIN,QLD,-23.19142,150.81151
4703,MULARA,QLD,-23.17886,150.64103
4703,PACIFIC HEIGHTS,QLD,-23.10045,150.73596
4703,ROSSLYN,QLD,-23.17117,150.77991
4703,STATUE BAY,QLD,-23.16440,150.78200
4703,STOCKYARD,QLD,-22.81312,150.80518
4703,TANBY,QLD,-23.23160,150.75630
4703,TARANGANBA,QLD,-23.14778,150.75528
4703,TAROOMBALL,QLD,-23.17096,150.75049
4703,WEERRIBA,QLD,-22.78835,150.66938
4703,WOODBURY,QLD,-23.02889,150.67934
4703,YEPPOON,QLD,-23.13333,150.73333
4704,WATTLEBANK,QLD,-23.13502,150.45805
4704,YAAMBA,QLD,-23.13338,150.37526
4705,CLARKE CREEK,QLD,-22.63708,149.25100
4705,LOTUS CREEK,QLD,-22.49746,149.17586
4705,MACKENZIE RIVER,QLD,-23.02520,149.01264
4705,MARLBOROUGH,QLD,-22.82158,149.88185
4705,MOUNT GARDINER,QLD,-22.96936,149.52381
4706,OGMORE,QLD,-22.62633,149.74873
4707,COLLAROY,QLD,-22.06878,149.25365
4707,ST LAWRENCE,QLD,-22.34857,149.53579
4707,THE PERCY GROUP,QLD,-21.61950,151.00700
4709,TIERI,QLD,-23.03517,148.34317
4710,EMU PARK,QLD,-23.28099,150.79989
4710,ZILZIE,QLD,-23.27818,150.80933
4711,GLENDALE,QLD,-23.24889,150.47400
4711,GLENLEE,QLD,-23.26448,150.47110
4712,DUARINGA,QLD,-23.71777,149.67275
4713,WOORABINDA,QLD,-24.13274,149.45671
4714,BAREE,QLD,-23.61800,150.39050
4714,BOULDER CREEK,QLD,-23.68287,150.35099
4714,FLETCHER CREEK,QLD,-23.78042,150.35863
4714,HAMILTON CREEK,QLD,-23.67196,150.39790
4714,HORSE CREEK,QLD,-23.66459,150.38196
4714,JOHNSONS HILL,QLD,-23.62213,150.41094
4714,LEYDENS HILL,QLD,-23.61255,150.41674
4714,LIMESTONE,QLD,-23.63200,150.44233
4714,MOONGAN,QLD,-23.60458,150.39790
4714,MOUNT MORGAN,QLD,-23.64362,150.39659
4714,NINE MILE CREEK,QLD,-23.70580,150.40986
4714,OAKEY CREEK,QLD,-23.75331,150.35045
4714,STRUCK OIL,QLD,-23.61972,150.44791
4714,THE MINE,QLD,-23.65033,150.37803
4714,TROTTER CREEK,QLD,-23.68717,150.35624
4714,WALMUL,QLD,-23.72062,150.37188
4714,WALTERHALL,QLD,-23.62851,150.38341
4714,WURA,QLD,-23.78329,150.34248
4715,BILOELA,QLD,-24.39767,150.51643
4715,CALLIDE,QLD,-24.28911,150.48596
4715,CASTLE CREEK,QLD,-24.88444,150.18060
4715,DAKENBA,QLD,-24.37490,150.50585
4715,DUMGREE,QLD,-24.27648,150.71212
4715,GREYCLIFFE,QLD,-24.23297,150.29153
4715,MOUNT MURCHISON,QLD,-24.36698,150.55002
4715,ORANGE CREEK,QLD,-24.33843,150.44537
4715,PROSPECT,QLD,-24.42395,150.44066
4715,TARRAMBA,QLD,-24.62682,150.26394
4715,VALENTINE PLAINS,QLD,-24.39873,150.55397
4716,LAWGI DAWES,QLD,-24.55984,150.71672
4716,THANGOOL,QLD,-24.48722,150.57472
4717,BLACKWATER,QLD,-23.58319,148.87994
4718,BAUHINIA,QLD,-24.56571,149.29576
4718,DROMEDARY,QLD,-24.59189,149.13304
4718,KIANGA,QLD,-24.62896,150.00210
4718,MOURA,QLD,-24.57299,149.97467
4718,MUNGABUNDA,QLD,-24.64844,149.29407
4718,OOMBABEER,QLD,-24.52094,149.52815
4718,RHYDDING,QLD,-24.72699,149.52334
4718,ROUNDSTONE,QLD,-24.79606,149.74509
4718,WARNOAH,QLD,-24.60608,149.85947
4719,CAMBOON,QLD,-25.03308,150.43353
4719,CRACOW,QLD,-25.29311,150.29541
4719,GLENMORAL,QLD,-24.97692,149.87988
4719,ISLA,QLD,-24.94462,150.02811
4719,LONESOME CREEK,QLD,-24.93356,150.07690
4719,THEODORE,QLD,-24.94522,150.07654
4720,EMERALD,QLD,-23.52729,148.16457
4720,LOCHINGTON,QLD,-23.52729,148.16457
4720,YAMALA,QLD,-23.57748,148.36777
4721,ARGYLL,QLD,-23.29870,147.47950
4721,BELYANDO,QLD,-23.29870,147.47950
4721,CLERMONT,QLD,-22.83189,147.62903
4721,ELGIN,QLD,-22.22530,146.68500
4721,FRANKFIELD,QLD,-22.18964,147.23217
4721,GEMINI MOUNTAINS,QLD,-22.48402,147.69484
4721,KILCUMMIN,QLD,-22.32875,147.52261
4721,LAGLAN,QLD,-22.06140,146.23500
4721,PASHA,QLD,-21.77991,147.54595
4721,PEAK VALE,QLD,-23.29870,147.47950
4721,THERESA CREEK,QLD,-22.90966,147.61358
4721,WINCHESTER,QLD,-22.28940,148.06900
4721,WOLFANG,QLD,-22.64787,147.86127
4722,ALBINIA,QLD,-24.53406,147.53012
4722,BUCKLAND,QLD,-24.53406,147.53012
4722,CAIRDBEIGN,QLD,-24.27083,148.15031
4722,CONA CREEK,QLD,-24.13002,147.94263
4722,MANTUAN DOWNS,QLD,-24.53406,147.53012
4722,MINERVA,QLD,-24.53406,147.53012
4722,NANDOWRIE,QLD,-24.24873,147.60696
4722,ORION,QLD,-24.23141,148.41101
4722,SPRINGSURE,QLD,-24.11463,148.08737
4722,WEALWANDANGIE,QLD,-24.47116,148.02099
4723,BELCONG,QLD,-23.02992,148.20101
4723,BUNDOORA,QLD,-23.02992,148.20101
4723,CAPELLA,QLD,-23.08061,148.02425
4723,CARBINE CREEK,QLD,-23.18780,147.78537
4723,CHIRNSIDE,QLD,-23.10817,148.10277
4723,COTHERSTONE,QLD,-23.02992,148.20101
4723,CRINUM,QLD,-23.28189,148.23552
4723,FORK LAGOONS,QLD,-23.02992,148.20101
4723,HIBERNIA,QLD,-23.14628,147.90312
4723,KHOSH BULDUK,QLD,-22.97861,147.90809
4723,LILYVALE,QLD,-23.15118,148.43704
4723,LOWESTOFF,QLD,-22.84625,148.07959
4723,MOUNT MACARTHUR,QLD,-22.89260,148.20614
4723,RETRO,QLD,-22.95278,147.84258
4723,WYUNA,QLD,-23.02992,148.20101
4724,ALPHA,QLD,-23.65000,146.63333
4724,BEAUFORT,QLD,-23.45672,146.88136
4724,DRUMMONDSLOPE,QLD,-24.07828,146.56761
4724,HOBARTVILLE,QLD,-23.35583,146.38062
4724,PINE HILL,QLD,-23.50604,147.10532
4724,PORT WINE,QLD,-23.84607,147.05968
4724,QUETTA,QLD,-23.65000,146.63333
4724,SEDGEFORD,QLD,-23.98201,146.82050
4724,SURBITON,QLD,-23.13823,146.61805
4725,BARCALDINE,QLD,-23.55632,145.29334
4725,BARCALDINE DOWNS,QLD,-23.80181,144.97890
4725,PATRICK,QLD,-23.75448,145.28396
4725,SALTERN,QLD,-23.35460,145.08000
4725,TARA STATION,QLD,-23.52900,144.94300
4726,ARAMAC,QLD,-22.97084,145.24277
4726,GALILEE,QLD,-22.28270,145.80800
4726,PELICAN CREEK,QLD,-22.99166,145.61277
4727,ILFRACOMBE,QLD,-23.59334,144.52181
4728,DUNROBIN,QLD,-22.77127,146.09957
4728,GARFIELD,QLD,-23.25823,145.97463
4728,JERICHO,QLD,-23.58810,146.13759
4728,MEXICO,QLD,-23.86697,146.19570
4730,BRIXTON,QLD,-23.81650,143.21800
4730,CAMOOLA,QLD,-22.89900,144.33847
4730,CHORREGON,QLD,-22.72828,143.62005
4730,ERNESTINA,QLD,-23.72128,143.94736
4730,LONGREACH,QLD,-23.44031,144.25062
4730,MANEROO,QLD,-23.50325,143.70186
4730,MORELLA,QLD,-22.98168,143.86391
4730,STONEHENGE,QLD,-24.35350,143.28700
4730,TOCAL,QLD,-23.94412,143.66483
4730,VERGEMONT,QLD,-23.53161,143.20314
4731,ISISFORD,QLD,-24.42864,144.25931
4731,YARAKA,QLD,-24.42864,144.25931
4732,MUTTABURRA,QLD,-22.59446,144.54792
4732,TABLEDERRY,QLD,-22.39471,144.51064
4733,CORFIELD,QLD,-22.18708,143.21805
4735,DIAMANTINA LAKES,QLD,-23.92497,141.20513
4735,MIDDLETON,QLD,-22.35812,141.54921
4735,OPALTON,QLD,-23.00466,142.46355
4735,WINTON,QLD,-22.39130,143.03810
4736,JUNDAH,QLD,-25.11892,143.21805
4737,ARMSTRONG BEACH,QLD,-21.44632,149.28794
4737,BLUE MOUNTAIN,QLD,-21.48761,148.99865
4737,CAMPWIN BEACH,QLD,-21.37980,149.30700
4737,COLSTON PARK,QLD,-21.58830,149.07100
4737,FRESHWATER POINT,QLD,-21.42050,149.30776
4737,GRASSTREE,QLD,-21.34680,149.28200
4737,PLANE CREEK WEST,QLD,-21.44300,149.15200
4737,SARINA,QLD,-21.41667,149.21667
4737,SARINA BEACH,QLD,-21.38962,149.28225
4737,SARINA RANGE,QLD,-21.54390,149.13073
4737,SHINFIELD,QLD,-21.46920,149.14700
4737,SUNNYSIDE,QLD,-21.34418,149.10059
4738,ILBILBIE,QLD,-21.69429,149.39655
4738,KOUMALA,QLD,-21.61788,149.21831
4739,CARMILA,QLD,-21.81199,149.33400
4740,ALEXANDRA,QLD,-21.16232,149.09557
4740,ALLIGATOR CREEK,QLD,-21.33631,149.20682
4740,ANDERGROVE,QLD,-21.09535,149.18744
4740,BAKERS CREEK,QLD,-21.20439,149.14803
4740,BALBERRA,QLD,-21.30507,149.15800
4740,BALNAGOWAN,QLD,-21.11388,149.00090
4740,BEACONSFIELD,QLD,-21.08865,149.16733
4740,BELMUNDA,QLD,-20.94877,149.01524
4740,BLACKS BEACH,QLD,-21.06278,149.18750
4740,CANELAND,QLD,-21.13840,149.17800
4740,CAPE HILLSBOROUGH,QLD,-20.92416,149.01684
4740,CHELONA,QLD,-21.25724,149.15585
4740,CONINGSBY,QLD,-21.11396,149.06707
4740,CORAL SEA,QLD,-22.50940,151.73220
4740,CREMORNE,QLD,-21.13274,149.18744
4740,DOLPHIN HEADS,QLD,-21.03975,149.18313
4740,DUMBLETON,QLD,-21.13426,149.07548
4740,DUNDULA,QLD,-21.20082,149.14955
4740,DUNNROCK,QLD,-21.27266,149.16517
4740,EAST MACKAY,QLD,-21.15107,149.19892
4740,EIMEO,QLD,-21.05167,149.17333
4740,ERAKALA,QLD,-21.13051,149.10992
4740,FOULDEN,QLD,-21.14069,149.14723
4740,GLENELLA,QLD,-21.11378,149.13288
4740,GRASSTREE BEACH,QLD,-21.34684,149.28225
4740,HABANA,QLD,-21.02921,149.06963
4740,HALF TIDE BEACH,QLD,-21.96670,149.95800
4740,HALIDAY BAY,QLD,-20.90570,148.98656
4740,HAY POINT,QLD,-21.29488,149.25616
4740,HOMEBUSH,QLD,-21.27109,149.04089
4740,KESWICK ISLAND,QLD,-21.16232,149.09557
4740,LOUISA CREEK,QLD,-21.28630,149.27100
4740,MACKAY,QLD,-21.14250,149.18215
4740,MACKAY BC,QLD,-21.14370,149.18600
4740,MACKAY CANELAND,QLD,-21.13845,149.17755
4740,MACKAY DC,QLD,-21.13850,149.17800
4740,MACKAY EAST,QLD,-21.15110,149.19900
4740,MACKAY HARBOUR,QLD,-21.10837,149.20518
4740,MACKAY NORTH,QLD,-21.12090,149.18169
4740,MACKAY SOUTH,QLD,-21.16363,149.18169
4740,MACKAY WEST,QLD,-21.14949,149.16446
4740,MCEWENS BEACH,QLD,-21.23604,149.17487
4740,MOUNT JUKES,QLD,-21.00000,148.95000
4740,MOUNT PLEASANT,QLD,-21.11629,149.15872
4740,MUNBURA,QLD,-21.34286,149.14249
4740,NINDAROO,QLD,-21.06782,149.13001
4740,NOORLAH,QLD,-20.64200,148.58500
4740,NORTH MACKAY,QLD,-21.12090,149.18169
4740,OORALEA,QLD,-21.18016,149.14436
4740,PAGET,QLD,-21.18709,149.17882
4740,PLANELLA,QLD,-21.15000,149.12700
4740,PLANLAND,QLD,-27.56200,152.42400
4740,RACECOURSE,QLD,-21.15974,149.13575
4740,RICHANNA HEIGHTS,QLD,-21.15000,149.12700
4740,RICHMOND,QLD,-21.08405,149.14436
4740,ROSELLA,QLD,-21.23587,149.15585
4740,RURAL VIEW,QLD,-21.06290,149.15872
4740,SALONIKA BEACH,QLD,-21.32020,149.29300
4740,SANDIFORD,QLD,-21.22968,149.11027
4740,SLADE POINT,QLD,-21.08393,149.21041
4740,SOUTH MACKAY,QLD,-21.16363,149.18169
4740,TE KOWAI,QLD,-21.20112,149.12468
4740,TELINA HEIGHTS,QLD,-21.10080,149.17000
4740,THE LEAP,QLD,-21.07040,149.01940
4740,TIMBERLANDS,QLD,-21.13790,149.17900
4740,WEST MACKAY,QLD,-21.14949,149.16446
4740,WUNDARU,QLD,-21.08650,149.06000
4740,YAKAPARI,QLD,-21.06680,149.00900
4741,BALL BAY,QLD,-20.90583,148.99667
4741,BRAMPTON ISLAND,QLD,-20.80803,149.27363
4741,BRIGHTLY,QLD,-21.25625,148.90594
4741,CLAIRVIEW,QLD,-22.04227,149.48357
4741,COPPABELLA,QLD,-21.91749,148.35913
4741,DAYDREAM ISLAND,QLD,-20.25296,148.81441
4741,EPSOM,QLD,-21.50011,148.82836
4741,ETON,QLD,-21.27345,148.96882
4741,ETON NORTH,QLD,-21.21926,148.96326
4741,EUNGELLA HINTERLAND,QLD,-20.92276,148.42265
4741,FARLEIGH,QLD,-21.08969,149.09270
4741,FLAGGY ROCK,QLD,-21.97010,149.44100
4741,GARGETT,QLD,-21.14464,148.74237
4741,HAMPDEN,QLD,-21.08328,148.95502
4741,HAZLEDEAN,QLD,-21.36991,148.94033
4741,HOOK ISLAND,QLD,-20.11353,148.92636
4741,KALARKA,QLD,-22.15746,149.52714
4741,KINCHANT DAM,QLD,-21.22167,148.91381
4741,KUTTABUL,QLD,-21.04846,148.87837
4741,LINDEMAN ISLAND,QLD,-20.44478,149.04105
4741,LONG ISLAND,QLD,-20.34383,148.84937
4741,MACKAY MC,QLD,-21.13000,149.16300
4741,MOUNT CHARLTON,QLD,-20.96444,148.69374
4741,MOUNT CHRISTIAN,QLD,-21.61670,149.31700
4741,MOUNT OSSA,QLD,-20.95255,148.83897
4741,MOUNT PELION,QLD,-20.91594,148.82717
4741,NORTH ETON,QLD,-21.21926,148.96326
4741,OAKENDEN,QLD,-21.32886,149.03173
4741,ORKABIE,QLD,-21.81742,149.36621
4741,OWENS CREEK,QLD,-21.10349,148.70704
4741,PINNACLE,QLD,-21.14268,148.69374
4741,PLEYSTOWE,QLD,-21.15469,149.01810
4741,SEAFORTH,QLD,-20.93056,148.96474
4741,SOUTH MOLLE,QLD,-20.26880,148.83688
4741,YALBOROO,QLD,-20.88444,148.67720
4742,BURTON,QLD,-21.63284,148.11571
4742,EAGLEFIELD,QLD,-21.49715,147.80616
4742,ELPHINSTONE,QLD,-21.50628,148.21498
4742,HAIL CREEK,QLD,-21.56716,148.41706
4742,KEMMIS,QLD,-21.62486,148.33740
4742,MOUNT BRITTON,QLD,-21.42008,148.61518
4742,MT BRITTON,QLD,-21.42010,148.61500
4742,NEBO,QLD,-21.68850,148.69504
4742,OXFORD,QLD,-21.83431,148.82375
4742,STRATHFIELD,QLD,-21.75580,148.54828
4742,TURRAWULLA,QLD,-21.13922,148.18070
4742,VALKYRIE,QLD,-22.06603,148.58079
4743,GLENDEN,QLD,-21.35389,148.11444
4743,SUTTOR,QLD,-21.33573,147.89323
4744,MORANBAH,QLD,-22.00608,148.03978
4744,PEAK DOWNS MINE,QLD,-22.25490,148.18000
4745,DYSART,QLD,-22.48484,148.28045
4745,NORWICH PARK,QLD,-22.70100,148.41400
4746,GERMAN CREEK,QLD,-22.92980,148.55100
4746,MAY DOWNS,QLD,-22.68559,148.87146
4746,MIDDLEMOUNT,QLD,-22.81970,148.69104
4750,BUCASIA,QLD,-21.03561,149.15666
4750,SHOAL POINT,QLD,-21.00931,149.14436
4751,GREENMOUNT,QLD,-21.18717,149.04679
4751,PALMYRA,QLD,-21.20897,149.07548
4751,VICTORIA PLAINS,QLD,-21.20166,149.00305
4751,WALKERSTON,QLD,-21.15875,149.06519
4753,DEVEREUX CREEK,QLD,-21.11119,148.88553
4753,MARIAN,QLD,-21.14528,148.94306
4754,BENHOLME,QLD,-21.16510,148.82144
4754,DOWS CREEK,QLD,-21.09408,148.75646
4754,MIA MIA,QLD,-21.22413,148.83827
4754,MIRANI,QLD,-21.16203,148.86691
4754,MOUNT MARTIN,QLD,-21.09894,148.83827
4754,PINEVALE,QLD,-21.29058,148.82288
4754,SEPTIMUS,QLD,-21.20389,148.76526
4756,FINCH HATTON,QLD,-21.13988,148.63480
4756,NETHERDALE,QLD,-21.14307,148.53367
4757,BROKEN RIVER,QLD,-21.16457,148.50583
4757,CREDITON,QLD,-21.17991,148.55561
4757,DALRYMPLE HEIGHTS,QLD,-21.05641,148.55784
4757,EUNGELLA,QLD,-21.12875,148.48834
4757,EUNGELLA DAM,QLD,-21.16539,148.40039
4798,CALEN,QLD,-20.90000,148.76667
4798,MENTMORE,QLD,-20.75584,148.73421
4798,PINDI PINDI,QLD,-20.86594,148.73772
4798,ST HELENS BEACH,QLD,-20.86184,148.80641
4798,WAGOORA,QLD,-20.86500,148.73100
4799,BLOOMSBURY,QLD,-20.68812,148.62361
4799,MIDGE POINT,QLD,-20.63876,148.69560
4800,ANDROMACHE,QLD,-20.56193,148.48548
4800,BRANDY CREEK,QLD,-20.33728,148.67157
4800,BREADALBANE,QLD,-20.41998,148.59831
4800,CANNON VALLEY,QLD,-20.31472,148.65156
4800,CAPE CONWAY,QLD,-20.39711,148.78181
4800,CAPE GLOUCESTER,QLD,-20.10426,148.48834
4800,CONWAY,QLD,-20.46463,148.72985
4800,CONWAY BEACH,QLD,-20.47121,148.75382
4800,CRYSTAL BROOK,QLD,-20.35643,148.42982
4800,DINGO BEACH,QLD,-20.09262,148.50154
4800,DITTMER,QLD,-20.41503,148.43047
4800,ERLANDO BEACH,QLD,-20.15460,148.56900
4800,FOXDALE,QLD,-20.35668,148.53224
4800,GLEN ISLA,QLD,-20.40953,148.61082
4800,GOORGANGA CREEK,QLD,-20.52231,148.46310
4800,GOORGANGA PLAINS,QLD,-20.48504,148.65315
4800,GREGORY RIVER,QLD,-20.25969,148.46157
4800,GUNYARRA,QLD,-20.48704,148.59921
4800,HAMILTON PLAINS,QLD,-20.38605,148.58295
4800,HIDEAWAY BAY,QLD,-20.07485,148.47870
4800,KELSEY CREEK,QLD,-20.42171,148.48296
4800,LAGUNA QUAYS,QLD,-20.60656,148.66121
4800,LAKE PROSERPINE,QLD,-20.39296,148.36010
4800,LETHEBROOK,QLD,-20.54443,148.64619
4800,MOUNT JULIAN,QLD,-20.36936,148.60582
4800,MOUNT MARLOW,QLD,-20.35058,148.63154
4800,MOUNT PLUTO,QLD,-20.31279,148.48235
4800,MYRTLEVALE,QLD,-20.32638,148.55611
4800,NORTH GREGORY,QLD,-25.06250,152.24700
4800,PALM GROVE,QLD,-20.39830,148.69624
4800,PAULS POCKET,QLD,-20.47826,148.44598
4800,PRESTON,QLD,-20.38240,148.66800
4800,PROSERPINE,QLD,-20.40498,148.58076
4800,RIORDANVALE,QLD,-20.28058,148.64012
4800,SILVER CREEK,QLD,-20.47240,148.47778
4800,STRATHDICKIE,QLD,-20.33523,148.59438
4800,SUGARLOAF,QLD,-20.31018,148.62868
4800,THOOPARA,QLD,-20.58484,148.57617
4800,WILSON BEACH,QLD,-20.47506,148.72306
4801,HAYMAN ISLAND,QLD,-20.05044,148.88911
4802,AIRLIE BEACH,QLD,-20.26750,148.71694
4802,CANNONVALE,QLD,-20.27870,148.69944
4802,FLAMETREE,QLD,-20.26810,148.75167
4802,JUBILEE POCKET,QLD,-20.29015,148.72878
4802,MANDALAY,QLD,-20.27220,148.73879
4802,MOUNT ROOPER,QLD,-20.26387,148.76833
4802,SHUTE HARBOUR,QLD,-20.29190,148.78500
4802,SHUTEHAVEN,QLD,-20.28980,148.79300
4802,WHITSUNDAYS,QLD,-20.18620,148.72700
4802,WOODWARK,QLD,-20.26932,148.66550
4803,HAMILTON ISLAND,QLD,-20.35188,148.95725
4804,COLLINSVILLE,QLD,-20.55000,147.85000
4804,MOUNT COOLON,QLD,-21.29057,147.33432
4804,MOUNT WYATT,QLD,-20.53656,147.55808
4804,NEWLANDS,QLD,-20.93030,147.88646
4804,SCOTTVILLE,QLD,-20.58774,147.83737
4804,SPRINGLANDS,QLD,-20.53350,147.79241
4805,BINBEE,QLD,-20.37962,147.88658
4805,BOGIE,QLD,-20.30685,147.93309
4805,BOWEN,QLD,-20.01210,148.24628
4805,BRISK BAY,QLD,-20.09333,148.28556
4805,DELTA,QLD,-20.01061,148.18991
4805,GUMLU,QLD,-19.86466,147.67047
4805,GUTHALUNGRA,QLD,-19.92411,147.84326
4805,MERINDA,QLD,-20.01888,148.16521
4805,QUEENS BEACH,QLD,-19.97979,148.22576
4805,ROSE BAY,QLD,-19.99010,148.26700
4806,ARKENDEITH,QLD,-19.68410,147.36800
4806,CARSTAIRS,QLD,-19.65289,147.45707
4806,DOWN RIVER,QLD,-19.92460,147.37200
4806,FREDERICKSFIELD,QLD,-19.74008,147.39486
4806,GROPER CREEK,QLD,-19.69140,147.52900
4806,GROPER CREEK RESERVE,QLD,-19.67750,147.48000
4806,HOME HILL,QLD,-19.66096,147.41380
4806,INKERMAN,QLD,-19.69170,147.46950
4806,KEEBAH,QLD,-19.73160,147.46500
4806,KIRKNIE,QLD,-19.79750,147.24869
4806,OSBORNE,QLD,-19.68526,147.38356
4806,RANGEMORE,QLD,-19.98970,147.40389
4806,WANGARATTA,QLD,-19.76220,147.50463
4806,WUNJUNGA,QLD,-19.79888,147.53704
4807,AIRDMILLAN,QLD,-19.51903,147.49667
4807,AIRVILLE,QLD,-19.63868,147.36095
4807,ALVA,QLD,-19.50814,147.43238
4807,AYR,QLD,-19.56852,147.40639
4807,CLARE,QLD,-19.78333,147.23333
4807,CLAREDALE,QLD,-19.78427,147.22827
4807,DALBEG,QLD,-20.26667,147.30000
4807,EIGHT MILE CREEK,QLD,-20.30387,147.27953
4807,JARVISFIELD,QLD,-19.59898,147.46980
4807,KALAMIA,QLD,-19.57210,147.40900
4807,MAIDAVALE,QLD,-19.60820,147.35800
4807,MCDESME,QLD,-19.62044,147.40052
4807,MILLAROO,QLD,-20.05000,147.28333
4807,MONA PARK,QLD,-19.72606,147.22964
4807,MOUNT KELLY,QLD,-19.67503,147.32073
4807,MULGRAVE,QLD,-19.95867,147.04167
4807,PARKSIDE,QLD,-19.57705,147.41721
4807,RITA ISLAND,QLD,-19.62555,147.51621
4807,RITE ISLAND,QLD,-19.62560,147.51600
4807,SWANS LAGOON,QLD,-20.02861,147.24481
4808,BRANDON,QLD,-19.55530,147.35590
4808,COLEVALE,QLD,-19.49653,147.34894
4809,BARRATTA,QLD,-19.59966,147.28822
4809,CROMARTY,QLD,-19.45961,147.04373
4809,GIRU,QLD,-19.53534,147.11355
4809,HORSESHOE LAGOON,QLD,-19.57027,147.13993
4809,JERONA,QLD,-19.44750,147.23697
4809,MOUNT SURROUND,QLD,-19.57547,147.02846
4809,SHIRBOURNE,QLD,-19.57893,147.06750
4809,UPPER HAUGHTON,QLD,-19.63947,147.11224
4810,BELGIAN GARDENS,QLD,-19.24721,146.79317
4810,CAPE CLEVELAND,QLD,-19.35386,147.03014
4810,CASTLE HILL,QLD,-19.25840,146.80050
4810,NORTH WARD,QLD,-19.25000,146.81667
4810,PALLARENDA,QLD,-19.20000,146.76667
4810,RAILWAY ESTATE,QLD,-19.28333,146.81667
4810,ROWES BAY,QLD,-19.25000,146.78333
4810,SHELLY BEACH,QLD,-19.18453,146.75373
4810,SOUTH TOWNSVILLE,QLD,-19.26667,146.83333
4810,TOWN COMMON,QLD,-19.23117,146.77930
4810,TOWNSVILLE,QLD,-19.25896,146.81695
4810,TOWNSVILLE CITY,QLD,-19.25900,146.81700
4810,TOWNSVILLE DC,QLD,-19.26000,146.81500
4810,TOWNSVILLE MC,QLD,-19.25900,146.81700
4810,TOWNSVILLE WEST,QLD,-19.26500,146.79300
4810,WEST END,QLD,-19.26500,146.79278
4810,YARRAWONGA,QLD,-19.25130,146.79800
4811,CLUDEN,QLD,-19.31667,146.83333
4811,IDALIA,QLD,-19.30000,146.81667
4811,JAMES COOK UNIVERSITY,QLD,-19.32399,146.76051
4811,MOUNT STUART,QLD,-19.34571,146.77877
4811,OAK VALLEY,QLD,-19.41800,146.83100
4811,OONOONBA,QLD,-19.29972,146.82306
4811,ROSENEATH,QLD,-19.36910,146.83568
4811,STUART,QLD,-19.34400,146.84249
4811,WULGURU,QLD,-19.32531,146.81144
4812,CURRAJONG,QLD,-19.27694,146.77750
4812,GULLIVER,QLD,-19.28200,146.77150
4812,HERMIT PARK,QLD,-19.28333,146.80000
4812,HYDE PARK,QLD,-19.27970,146.79700
4812,HYDE PARK CASTLETOWN,QLD,-19.27209,146.79113
4812,MUNDINGBURRA,QLD,-19.30000,146.78333
4812,MYSTERTON,QLD,-19.28635,146.79317
4812,PIMLICO,QLD,-19.28520,146.78755
4812,RISING SUN,QLD,-19.29510,146.79600
4812,ROSSLEA,QLD,-19.29851,146.80160
4813,LAVARACK BARRACKS,QLD,-19.32480,146.78500
4813,TOWNSVILLE MILPO,QLD,-19.25900,146.81700
4814,AITKENVALE,QLD,-19.30161,146.77210
4814,AITKENVALE BC,QLD,-19.29770,146.76100
4814,ANNANDALE,QLD,-19.30824,146.79177
4814,CRANBROOK,QLD,-19.30900,146.75100
4814,DOUGLAS,QLD,-19.32222,146.75806
4814,GARBUTT,QLD,-19.26667,146.76667
4814,GARBUTT BC,QLD,-19.26570,146.78300
4814,GARBUTT EAST,QLD,-19.26667,146.76667
4814,HEATLEY,QLD,-19.28773,146.75525
4814,MOUNT LOUISA,QLD,-19.27589,146.73559
4814,MURRAY,QLD,-19.32121,146.80776
4814,THURINGOWA DC,QLD,-19.31480,146.72400
4814,VINCENT,QLD,-19.28783,146.76283
4815,CONDON,QLD,-19.33194,146.72361
4815,GRANITE VALE,QLD,-19.57910,146.63500
4815,GUMLOW,QLD,-19.35420,146.68506
4815,KELSO,QLD,-19.39667,146.72056
4815,PINNACLES,QLD,-19.44146,146.71085
4815,RASMUSSEN,QLD,-19.34972,146.71639
4816,ALLIGATOR CREEK,QLD,-19.42389,146.94556
4816,BALGAL BEACH,QLD,-19.02306,146.41361
4816,BARRINGHA,QLD,-19.53858,146.87399
4816,BROOKHILL,QLD,-19.41147,146.85290
4816,BUCHANAN,QLD,-22.02273,145.98406
4816,CALCIUM,QLD,-19.66921,146.80898
4816,CARRUCHAN,QLD,-18.23176,145.93728
4816,CLEMANT,QLD,-19.11715,146.43594
4816,CRIMEA,QLD,-19.83304,146.73977
4816,CRYSTAL CREEK,QLD,-18.99217,146.30796
4816,CUNGULLA,QLD,-19.40692,147.10977
4816,ELLERBECK,QLD,-18.23507,145.98808
4816,GREENVALE,QLD,-19.00014,144.97813
4816,HIDDEN VALLEY,QLD,-23.16389,150.71563
4816,HOMESTEAD,QLD,-20.36120,145.65700
4816,JULAGO,QLD,-19.35653,146.89086
4816,KENNEDY,QLD,-18.22150,145.94456
4816,MACROSSAN,QLD,-20.09991,146.88875
4816,MAJORS CREEK,QLD,-19.60830,146.96190
4816,MALPAS-TRENTON,QLD,-19.92083,142.15815
4816,MAXWELTON,QLD,-20.72390,142.68100
4816,MINGELA,QLD,-19.87840,146.62579
4816,MOUNT ELLIOT,QLD,-19.39794,147.01500
4816,MUTARNEE,QLD,-18.97270,146.28106
4816,NELIA,QLD,-20.34399,142.25080
4816,NOME,QLD,-19.36761,146.95487
4816,PALM ISLAND,QLD,-18.68943,146.53923
4816,PALUMA,QLD,-19.00763,146.18920
4816,PENTLAND,QLD,-20.52405,145.39885
4816,PRAIRIE,QLD,-20.87120,144.60261
4816,RAVENSWOOD,QLD,-20.10017,146.88932
4816,REID RIVER,QLD,-19.70540,146.85217
4816,ROLLINGSTONE,QLD,-19.04066,146.38452
4816,ROSS RIVER,QLD,-19.52800,146.83445
4816,SAVANNAH,QLD,-19.32675,141.85149
4816,SELLHEIM,QLD,-20.06934,146.26125
4816,THE CAPE,QLD,-20.52713,145.39683
4816,TOOMULLA,QLD,-19.08062,146.46219
4816,TOONPAN,QLD,-19.50193,146.87047
4816,TORRENS CREEK,QLD,-20.77138,145.01466
4816,WOODSTOCK,QLD,-19.65206,146.85378
4817,ALICE RIVER,QLD,-19.33208,146.60609
4817,BOHLE PLAINS,QLD,-19.31414,146.68965
4817,HERVEY RANGE,QLD,-19.34796,146.49370
4817,KIRWAN,QLD,-19.29676,146.73559
4817,RANGEWOOD,QLD,-19.31082,146.63813
4817,RUPERTSWOOD,QLD,-19.32170,146.59900
4817,STABLEFORD,QLD,-19.33210,146.60600
4817,THURINGOWA CENTRAL,QLD,-19.31667,146.73333
4818,BEACH HOLM,QLD,-19.18319,146.65825
4818,BLACK RIVER,QLD,-19.22200,146.61900
4818,BLUE HILLS,QLD,-19.22828,146.47072
4818,BLUEWATER,QLD,-19.16969,146.57371
4818,BLUEWATER PARK,QLD,-19.21083,146.51083
4818,BOHLE,QLD,-19.24230,146.72436
4818,BURDELL,QLD,-19.24814,146.70190
4818,BUSHLAND BEACH,QLD,-19.20185,146.67945
4818,COSGROVE,QLD,-19.27130,146.71300
4818,DEERAGUN,QLD,-19.25000,146.66667
4818,INNES,QLD,-19.25280,146.68200
4818,JENSEN,QLD,-19.25722,146.64083
4818,LYNAM,QLD,-19.27131,146.55485
4818,MOUNT LOW,QLD,-19.22270,146.67945
4818,MOUNT ST JOHN,QLD,-19.25299,146.73840
4818,PURONO PARK,QLD,-19.18420,146.58500
4818,SAUNDERS BEACH,QLD,-19.15639,146.60417
4818,SHAW,QLD,-19.28261,146.70471
4818,TOOLAKEA,QLD,-19.14611,146.58222
4818,YABULU,QLD,-19.18343,146.58618
4819,ARCADIA,QLD,-19.15028,146.86611
4819,ARCADIA BAY,QLD,-19.15470,146.84500
4819,FLORENCE BAY,QLD,-19.11816,146.87278
4819,HORSESHOE BAY,QLD,-19.13333,146.85000
4819,MAGNETIC ISLAND,QLD,-19.13853,146.83385
4819,NELLY BAY,QLD,-19.15470,146.84517
4819,PICNIC BAY,QLD,-19.17330,146.83392
4819,WEST POINT,QLD,-19.14641,146.80266
4820,ALABAMA HILL,QLD,-20.08213,146.24962
4820,BALFES CREEK,QLD,-20.21297,145.90975
4820,BASALT,QLD,-19.52451,145.74053
4820,BLACK JACK,QLD,-20.15775,146.07309
4820,BREDDAN,QLD,-20.01898,146.32975
4820,BROUGHTON,QLD,-20.11380,146.30446
4820,CAMPASPE,QLD,-20.21758,145.91621
4820,CHARTERS TOWERS,QLD,-20.07696,146.26014
4820,CHARTERS TOWERS CITY,QLD,-20.07700,146.26000
4820,COLUMBIA,QLD,-20.04487,146.27617
4820,DOTSWOOD,QLD,-19.98755,146.43930
4820,GRAND SECRET,QLD,-20.07311,146.24404
4820,LLANARTH,QLD,-21.46823,146.72594
4820,MILLCHESTER,QLD,-20.09496,146.27896
4820,MOSMAN PARK,QLD,-20.09655,146.26220
4820,QUEENTON,QLD,-20.07532,146.28455
4820,RICHMOND HILL,QLD,-20.06530,146.26220
4820,SEVENTY MILE,QLD,-20.20714,146.24962
4820,SOUTHERN CROSS,QLD,-20.07547,146.22012
4820,TOLL,QLD,-20.05048,146.25382
4820,TOWERS HILL,QLD,-20.08994,146.24962
4821,DUTTON RIVER,QLD,-20.47916,143.92995
4821,HUGHENDEN,QLD,-20.85000,144.20000
4821,MARATHON,QLD,-20.47916,143.92995
4821,PORCUPINE,QLD,-20.16866,144.33870
4821,PRAIRIE,QLD,-20.87120,144.60300
4821,STAMFORD,QLD,-21.26695,143.80982
4821,TANGORIN,QLD,-21.57737,144.30711
4822,ALBION,QLD,-21.32852,142.60498
4822,BELLFIELD,QLD,-19.36236,143.15911
4822,BURLEIGH,QLD,-20.26057,143.10578
4822,CAMBRIDGE,QLD,-20.36609,142.58600
4822,MAXWELTON,QLD,-20.72386,142.68096
4822,NONDA,QLD,-20.68051,142.47010
4822,RICHMOND,QLD,-20.73224,143.14363
4822,SAXBY,QLD,-19.86090,142.64961
4822,VICTORIA VALE,QLD,-19.41211,142.71404
4822,WOOLGAR,QLD,-19.91252,143.43263
4823,CARPENTARIA,QLD,-17.97894,140.16070
4823,JULIA CREEK,QLD,-20.65610,141.74364
4823,KYNUNA,QLD,-21.57832,141.92225
4823,MCKINLAY,QLD,-21.27401,141.28969
4823,NELIA,QLD,-17.97894,140.16070
4823,STOKES,QLD,-18.66813,140.48296
4823,TALDORA,QLD,-19.84875,141.39233
4823,WARBURTON,QLD,-22.46226,140.86256
4824,CLONCURRY,QLD,-20.70685,140.50532
4824,DEVONCOURT STATION,QLD,-21.14590,140.19400
4824,FOUR WAYS,QLD,-19.33953,140.49183
4824,GIDYA,QLD,-19.26178,139.78564
4824,KURIDALA,QLD,-21.03891,140.45122
4824,OORINDI,QLD,-20.69380,141.07509
4824,SELWYN,QLD,-20.70685,140.50532
4824,THREE RIVERS,QLD,-20.02979,140.03793
4825,ALEXANDRIA,QLD,-21.16232,149.09557
4825,ALPURRURULAM,QLD,-20.98411,137.84726
4825,ALROY,QLD,-20.69060,138.39900
4825,ANTHONYS LAGOON,QLD,-17.96590,135.52700
4825,BARKLY,QLD,-20.60234,138.47819
4825,BREAKAWAY,QLD,-20.72584,139.53182
4825,BRUNETTE DOWNS,QLD,-20.69060,138.39900
4825,BUCKINGHAM,QLD,-22.29540,139.73199
4825,BUSHY PARK,QLD,-21.25340,139.73600
4825,CARRANDOTTA,QLD,-22.12087,138.38825
4825,DAJARRA,QLD,-21.69455,139.51391
4825,DUCHESS,QLD,-21.28368,139.77921
4825,FIELDING,QLD,-18.83265,141.29052
4825,FISHER,QLD,-20.74904,139.53208
4825,GEORGINA,QLD,-22.57483,138.83736
4825,GUNPOWDER,QLD,-19.71505,139.37926
4825,HAPPY VALLEY,QLD,-20.74789,139.48856
4825,HEALY,QLD,-20.74746,139.50001
4825,KALKADOON,QLD,-20.67114,139.48983
4825,LANSKEY,QLD,-20.68712,139.49873
4825,LAWN HILL,QLD,-18.64587,138.54427
4825,MARY KATHLEEN,QLD,-20.75740,139.94700
4825,MENZIES,QLD,-20.71808,139.50001
4825,MICA CREEK,QLD,-20.75351,139.49110
4825,MILES END,QLD,-20.72024,139.48601
4825,MORNINGTON,QLD,-20.73536,139.49619
4825,MOUNT ISA,QLD,-20.72557,139.49271
4825,MOUNT ISA BC,QLD,-20.72900,139.49300
4825,MOUNT ISA CITY,QLD,-20.72560,139.49300
4825,MOUNT ISA DC,QLD,-20.72900,139.49300
4825,MOUNT ISA EAST,QLD,-20.72557,139.49271
4825,OSBORNE MINE,QLD,-22.09470,140.58300
4825,PARKSIDE,QLD,-20.73810,139.48856
4825,PIONEER,QLD,-20.72096,139.51018
4825,PITURIE,QLD,-21.47829,138.33692
4825,RANKEN,NT,-19.98930,136.63800
4825,RYAN,QLD,-20.69849,139.50001
4825,SOLDIERS HILL,QLD,-20.70541,139.48983
4825,SPREADBOROUGH,QLD,-20.76215,139.50001
4825,SUNSET,QLD,-20.71116,139.51018
4825,THE GAP,QLD,-20.72629,139.49873
4825,THE MONUMENT,QLD,-21.76362,139.91480
4825,TOWNVIEW,QLD,-20.73090,139.50637
4825,WAVERLEY,QLD,-21.52627,139.06585
4825,WINSTON,QLD,-20.70915,139.49873
4828,CAMOOWEAL,QLD,-19.92069,138.12133
4829,AMAROO,QLD,-23.26944,139.33781
4829,BEDOURIE,QLD,-24.33221,139.46197
4829,BOULIA,QLD,-22.91131,139.91044
4829,MIN MIN,QLD,-22.82393,140.74937
4829,STURT,QLD,-23.32509,138.40528
4829,TOKO,QLD,-22.88706,138.82550
4829,WARENDA,QLD,-22.50096,140.30510
4829,WILLS,QLD,-23.01638,139.99610
4830,AUGUSTUS DOWNS,QLD,-17.58010,138.88000
4830,BURKETOWN,QLD,-17.74096,139.54786
4830,DOOMADGEE,QLD,-17.94078,138.82695
4830,GANGALIDDA,QLD,-17.58010,138.88000
4830,GREGORY,QLD,-18.65138,139.25293
4830,GREGORY DOWNS,QLD,-18.65138,139.25293
4830,NICHOLSON,QLD,-17.42294,138.61088
4849,CARDWELL,QLD,-18.26550,146.02581
4849,DAMPER CREEK,QLD,-18.32912,146.04974
4849,HINCHINBROOK,QLD,-18.29216,146.24402
4849,LUMHOLTZ,QLD,-18.20592,145.83652
4849,RUNGOO,QLD,-18.51608,146.18650
4850,ABERGOWRIE,QLD,-18.44081,145.92927
4850,ALLINGHAM,QLD,-18.69599,146.30132
4850,BAMBAROO,QLD,-18.87109,146.17771
4850,BEMERSIDE,QLD,-18.56066,146.18891
4850,BLACKROCK,QLD,-18.68665,146.17563
4850,BRAEMEADOWS,QLD,-18.62935,146.26242
4850,COOLBIE,QLD,-18.91249,146.24055
4850,CORDELIA,QLD,-18.59575,146.25905
4850,DALRYMPLE CREEK,QLD,-18.54056,146.04478
4850,FORESTHOME,QLD,-18.61092,146.20481
4850,FORREST BEACH,QLD,-18.70010,146.29597
4850,GAIRLOCH,QLD,-18.59580,146.19202
4850,GARRAWALT,QLD,-18.51734,145.84056
4850,HALIFAX,QLD,-18.58222,146.28528
4850,HAWKINS CREEK,QLD,-18.61266,146.09402
4850,HELENS HILL,QLD,-18.76928,146.13131
4850,INGHAM,QLD,-18.64940,146.16249
4850,LANNERCOST,QLD,-18.60602,146.02759
4850,LONG POCKET,QLD,-18.51681,145.97312
4850,LUCINDA,QLD,-18.53129,146.33201
4850,MACKNADE,QLD,-18.57487,146.25577
4850,MOUNT FOX,QLD,-18.82110,145.90865
4850,ORIENT,QLD,-18.79552,146.24949
4850,PEACOCK SIDING,QLD,-18.68042,145.99666
4850,TAYLORS BEACH,QLD,-18.62437,146.32675
4850,TOOBANNA,QLD,-18.70667,146.14474
4850,TREBONNE,QLD,-18.62694,146.08111
4850,UPPER STONE,QLD,-18.74620,145.94056
4850,VALLEY OF LAGOONS,QLD,-18.89223,145.56518
4850,VICTORIA PLANTATION,QLD,-18.64123,146.19212
4850,WALLAMAN,QLD,-18.67431,145.84559
4850,WHARPS,QLD,-18.72926,146.06272
4850,YURUGA,QLD,-18.83453,146.19062
4852,BINGIL BAY,QLD,-17.82778,146.09083
4852,CARMOO,QLD,-17.94635,146.04451
4852,CLUMP POINT,QLD,-17.85660,146.11700
4852,DJIRU,QLD,-17.85318,146.07069
4852,DUNK,QLD,-17.97625,146.16901
4852,GARNERS BEACH,QLD,-17.81290,146.10028
4852,MIDGEREE BAR,QLD,-17.80863,146.08668
4852,MISSION BEACH,QLD,-17.86944,146.10694
4852,NARRAGON BEACH,QLD,-17.84800,146.10500
4852,SOUTH MISSION,QLD,-17.94373,146.08954
4852,SOUTH MISSION BEACH,QLD,-17.94370,146.09000
4852,TAM O'SHANTER,QLD,-17.90935,146.06285
4852,WONGALING BEACH,QLD,-17.90135,146.09203
4854,BILYANA,QLD,-18.12011,145.89367
4854,BIRKALLA,QLD,-17.91530,145.95257
4854,BULGUN,QLD,-17.89341,145.93307
4854,CARDSTONE,QLD,-17.83589,145.70784
4854,DINGO POCKET,QLD,-17.90363,145.81355
4854,DJARAWONG,QLD,-17.86817,145.97485
4854,EAST FELUGA,QLD,-17.88264,145.99922
4854,EURAMO,QLD,-18.00231,145.92681
4854,FELUGA,QLD,-17.87720,145.95535
4854,HULL HEADS,QLD,-17.99767,146.05862
4854,JARRA CREEK,QLD,-17.94139,145.87949
4854,KOOROOMOOL,QLD,-17.95304,145.70228
4854,LOWER TULLY,QLD,-17.99062,146.00298
4854,MERRYBURN,QLD,-17.91970,145.97485
4854,MIDGENOO,QLD,-17.89469,145.95257
4854,MOUNT MACKAY,QLD,-17.93856,145.99301
4854,MUNRO PLAINS,QLD,-17.94404,145.78630
4854,MURRAY UPPER,QLD,-18.08110,145.85028
4854,MURRIGAL,QLD,-18.04637,145.88923
4854,ROCKINGHAM,QLD,-17.99855,145.97276
4854,SILKY OAK,QLD,-17.97498,145.94491
4854,TULLY,QLD,-17.93976,145.92769
4854,TULLY HEADS,QLD,-18.00845,146.05236
4854,WALTER HILL,QLD,-17.82275,145.80349
4854,WARRAMI,QLD,-18.08964,145.82699
4855,DAVESON,QLD,-17.78654,146.02326
4855,EL ARISH,QLD,-17.80000,146.00000
4855,FRIDAY POCKET,QLD,-17.85304,146.00608
4855,GRANADILLA,QLD,-17.84559,146.02709
4855,GULNGAI,QLD,-17.78654,146.02326
4855,JAFFA,QLD,-17.78183,145.99435
4855,MAADI,QLD,-17.83226,145.98877
4855,MARIA CREEKS,QLD,-17.80268,146.02674
4855,SHELL POCKET,QLD,-17.81571,145.98320
4856,GOOLBOO,QLD,-17.72453,146.03057
4856,JAPOONVALE,QLD,-17.72179,145.92124
4856,MCCUTCHEON,QLD,-17.72080,146.05601
4856,NO 4 BRANCH,QLD,-17.76960,145.97090
4856,NO 5 BRANCH,QLD,-17.72450,146.01000
4856,NO. 4 BRANCH,QLD,-17.74930,145.96800
4856,NO. 5 BRANCH,QLD,-17.72330,146.01100
4856,SILKWOOD,QLD,-17.74052,146.00860
4856,WALTER LEVER ESTATE,QLD,-17.71935,145.97095
4857,SILKWOOD EAST,QLD,-17.74709,146.02082
4858,COMOON LOOP,QLD,-17.56393,146.03893
4858,ETTY BAY,QLD,-17.58335,146.07031
4858,MARTYVILLE,QLD,-17.61542,146.03893
4858,MOURILYAN,QLD,-17.58943,146.05351
4858,MOURILYAN HARBOUR,QLD,-17.58616,146.10163
4858,NEW HARBOURLINE,QLD,-17.61027,146.06104
4859,NO 6 BRANCH,QLD,-17.59330,145.95460
4859,NO. 6 BRANCH,QLD,-17.59590,145.96500
4859,SOUTH JOHNSTONE,QLD,-17.59646,145.99435
4860,BAMBOO CREEK,QLD,-17.56138,145.98599
4860,BELVEDERE,QLD,-17.52848,145.98877
4860,COCONUTS,QLD,-17.50240,146.06681
4860,COOROO LANDS,QLD,-17.52350,145.89689
4860,COORUMBA,QLD,-17.56896,145.91915
4860,COQUETTE POINT,QLD,-17.52718,146.07518
4860,CULLINANE,QLD,-17.51078,146.02360
4860,DARADGEE,QLD,-17.47309,146.00828
4860,EAST INNISFAIL,QLD,-17.53352,146.03475
4860,EAST PALMERSTON,QLD,-17.58561,145.86280
4860,EATON,QLD,-17.50324,146.04451
4860,EUBENANGEE,QLD,-17.43463,145.99226
4860,FITZGERALD CREEK,QLD,-17.48504,145.97340
4860,FLYING FISH POINT,QLD,-17.49533,146.08354
4860,GARRADUNGA,QLD,-17.45470,146.00630
4860,GOONDI,QLD,-17.50084,146.00549
4860,GOONDI BEND,QLD,-17.51736,146.01106
4860,GOONDI HILL,QLD,-17.52873,146.01664
4860,HUDSON,QLD,-17.52549,145.99992
4860,INNISFAIL,QLD,-17.52263,146.02852
4860,INNISFAIL ESTATE,QLD,-17.51868,146.04451
4860,JUBILEE HEIGHTS,QLD,-17.46837,146.02883
4860,MIGHELL,QLD,-17.54010,146.02221
4860,MUNDOO,QLD,-17.55757,146.01942
4860,NERADA,QLD,-17.54568,145.88289
4860,NGATJAN,QLD,-17.49700,145.91000
4860,NJATJAN,QLD,-27.55387,153.05369
4860,O’BRIENS HILL,QLD,-17.56138,145.98599
4860,O'BRIENS HILL,QLD,-17.51095,145.98460
4860,PALMERSTON,QLD,-17.59698,145.61482
4860,PIN GIN HILL,QLD,-17.56518,145.95257
4860,SOUTH INNISFAIL,QLD,-17.54346,146.05287
4860,STOTERS HILL,QLD,-17.53552,145.97206
4860,SUNDOWN,QLD,-17.49893,146.02221
4860,UPPER DARADGEE,QLD,-17.52466,145.96579
4860,VALETTAS ESTATE,QLD,-17.52270,146.02800
4860,VASA VIEWS,QLD,-17.46447,145.96371
4860,WANJURU,QLD,-17.44823,146.06268
4860,WEBB,QLD,-17.53005,146.05008
4860,WOOROONOORAN,QLD,-17.44332,145.85809
4861,BABINDA,QLD,-17.34075,145.92758
4861,BARTLE FRERE,QLD,-17.43911,145.88576
4861,EAST RUSSELL,QLD,-17.31463,145.96301
4865,GOLDSBOROUGH,QLD,-17.15432,145.74367
4865,GORDONVALE,QLD,-17.08317,145.79612
4865,GREEN HILL,QLD,-17.04594,145.81478
4865,KAMMA,QLD,-17.02579,145.81076
4865,LITTLE MULGRAVE,QLD,-17.12086,145.70320
4865,MERINGA,QLD,-17.07780,145.77500
4865,PACKERS CAMP,QLD,-17.03907,145.79657
4865,PYRAMID,QLD,-17.11280,145.77300
4868,BAYVIEW HEIGHTS,QLD,-16.96300,145.73000
4868,MOUNT SHERIDAN,QLD,-16.98666,145.73283
4868,TARRAWARRA,QLD,-37.64700,145.43600
4868,WHITE ROCK,QLD,-16.97456,145.76340
4868,WOREE,QLD,-16.95000,145.75000
4869,BENTLEY PARK,QLD,-17.00400,145.73800
4869,CENTENARY PARK,QLD,-17.00550,145.74200
4869,EDMONTON,QLD,-17.01667,145.75000
4869,MOUNT PETER,QLD,-17.06860,145.73631
4869,TAMARIND GARDENS,QLD,-17.01880,145.74500
4869,WRIGHTS CREEK,QLD,-17.04098,145.77255
4870,AEROGLEN,QLD,-16.88468,145.74656
4870,BARRON GORGE,QLD,-16.88018,145.66920
4870,BRINSMEAD,QLD,-16.89652,145.71617
4870,BUNGALOW,QLD,-16.93869,145.75645
4870,CAIRNS,QLD,-16.91865,145.74055
4870,CAIRNS CENTRAL,QLD,-16.92528,145.77167
4870,CAIRNS CITY,QLD,-16.91855,145.77805
4870,CAIRNS DC,QLD,-16.92530,145.77200
4870,CAIRNS MC,QLD,-16.93900,145.77000
4870,CAIRNS MCLEOD STREET,QLD,-16.91410,145.76400
4870,CAIRNS NORTH,QLD,-16.90291,145.76340
4870,CAIRNS ORCHID PLAZA,QLD,-16.92273,145.77722
4870,EARLVILLE,QLD,-16.95084,145.73283
4870,EARLVILLE BC,QLD,-16.94250,145.74000
4870,EDGE HILL,QLD,-16.90073,145.73839
4870,FRESHWATER,QLD,-16.88333,145.71667
4870,KAMERUNGA,QLD,-16.87591,145.68840
4870,KANIMBLA,QLD,-16.92315,145.72172
4870,LAKE MORRIS,QLD,-16.94970,145.70700
4870,LAMB RANGE,QLD,-16.97946,145.67700
4870,MACKINNON,QLD,-16.91860,145.74100
4870,MANOORA,QLD,-16.91608,145.73839
4870,MANUNDA,QLD,-16.91818,145.74950
4870,MARTYNVALE,QLD,-16.91860,145.74100
4870,MOOROOBOOL,QLD,-16.93500,145.73100
4870,NORTH CAIRNS,QLD,-16.90291,145.76340
4870,PARRAMATTA PARK,QLD,-16.92646,145.76618
4870,PORTSMITH,QLD,-16.94060,145.76788
4870,REDLYNCH,QLD,-16.92096,145.69673
4870,STRATFORD,QLD,-16.87767,145.73145
4870,WESTCOURT,QLD,-16.93049,145.75367
4870,WHITFIELD,QLD,-16.88944,145.73283
4871,ABINGDON DOWNS,QLD,-17.86115,143.21514
4871,ALMADEN,QLD,-17.33955,144.67860
4871,ALOOMBA,QLD,-17.10700,145.83200
4871,AMBER,QLD,-17.72029,144.23855
4871,AURUKUN,QLD,-13.35496,141.72439
4871,BASILISK,QLD,-17.67127,145.98844
4871,BELLENDEN KER,QLD,-17.27711,145.92472
4871,BLACKBULL,QLD,-17.86858,141.72529
4871,BOLWARRA,QLD,-17.44092,144.04165
4871,BOMBEETA,QLD,-17.67575,145.96683
4871,BOOGAN,QLD,-17.60905,146.01942
4871,BRAMSTON BEACH,QLD,-17.36323,146.01839
4871,BULLERINGA,QLD,-17.61930,143.90160
4871,CAMP CREEK,QLD,-17.62309,145.95605
4871,CHILLAGOE,QLD,-17.15251,144.51873
4871,CLARAVILLE,QLD,-18.56401,141.72680
4871,COEN,QLD,-13.94534,143.19921
4871,CONJUBOY,QLD,-18.71908,144.64857
4871,CORALIE,QLD,-18.20507,141.81087
4871,COWLEY,QLD,-17.67890,146.05252
4871,COWLEY BEACH,QLD,-17.69816,146.09766
4871,COWLEY CREEK,QLD,-17.69674,146.03336
4871,CROYDON,QLD,-18.20607,142.24357
4871,CRYSTALBROOK,QLD,-17.46044,144.38480
4871,CURRAJAH,QLD,-17.58196,145.98599
4871,DEERAL,QLD,-17.21442,145.91154
4871,DESAILLY,QLD,-16.41662,144.86969
4871,EAST CREEK,QLD,-19.08071,141.74356
4871,EAST TRINITY,QLD,-16.95844,145.80996
4871,EDWARD RIVER,QLD,-14.77121,142.30895
4871,EINASLEIGH,QLD,-18.52374,144.09029
4871,ESMERALDA,QLD,-18.85262,142.63983
4871,FISHERY FALLS,QLD,-17.18451,145.89689
4871,FITZROY ISLAND,QLD,-16.93367,145.99435
4871,FORSAYTH,QLD,-18.60727,143.74505
4871,FOSSILBROOK,QLD,-17.87349,144.26818
4871,FOUR MILE BEACH,QLD,-16.51920,145.47300
4871,GEORGETOWN,QLD,-18.28673,143.48125
4871,GERMANTOWN,QLD,-17.64250,145.96649
4871,GILBERT RIVER,QLD,-18.26999,142.73914
4871,GILBERTON,QLD,-17.86115,143.21514
4871,GLEN BOUGHTON,QLD,-16.94415,145.81899
4871,GREEN ISLAND,QLD,-16.75898,145.97438
4871,GUNUNA,QLD,-18.54715,143.22442
4871,HELENVALE,QLD,-15.70870,145.22600
4871,HURRICANE,QLD,-16.53135,144.62551
4871,JULATTEN,QLD,-16.57020,145.35998
4871,KARRON,QLD,-17.56117,141.59932
4871,KIDSTON,QLD,-18.88910,144.13900
4871,KOAH,QLD,-16.88600,145.55100
4871,KOWANYAMA,QLD,-15.47397,141.74522
4871,KURRIMINE BEACH,QLD,-17.74004,146.13655
4871,LAKELAND,QLD,-15.86137,144.85535
4871,LAKELAND DOWNS,QLD,-15.86140,144.85500
4871,LAURA,QLD,-15.49575,144.16480
4871,LOCKHART,QLD,-12.78552,143.30656
4871,LOWER COWLEY,QLD,-17.69731,146.07762
4871,LYNDHURST,QLD,-19.20511,144.37197
4871,MACALISTER RANGE,QLD,-16.77761,145.65508
4871,MAMU,QLD,-17.86115,143.21514
4871,MENA CREEK,QLD,-17.66838,145.93099
4871,MIRIWINNI,QLD,-17.39687,145.90315
4871,MIRRIWINNI,QLD,-17.39690,145.90300
4871,MORESBY,QLD,-17.64008,146.03336
4871,MORNINGTON ISLAND,QLD,-16.51749,139.40594
4871,MOUNT CARBINE,QLD,-16.57155,145.19551
4871,MOUNT MOLLOY,QLD,-16.67436,145.32887
4871,MOUNT MULLIGAN,QLD,-16.85083,144.87706
4871,MOUNT SURPRISE,QLD,-18.21736,144.35705
4871,NORTHHEAD,QLD,-18.72027,143.17219
4871,NYCHUM,QLD,-16.76543,144.49503
4871,PETFORD,QLD,-17.34477,144.93005
4871,PORMPURAAW,QLD,-14.90004,141.62024
4871,PORTLAND ROADS,QLD,-12.92177,143.02329
4871,ROOKWOOD,QLD,-17.01766,144.24727
4871,SANDY POCKET,QLD,-17.65662,146.03893
4871,SOUTH WELLESLEY ISLANDS,QLD,-17.04872,139.41657
4871,SOUTHEDGE,QLD,-16.74372,145.34010
4871,SPRINGFIELD,QLD,-17.93232,144.51570
4871,SPURGEON,QLD,-16.20920,145.05800
4871,STOCKTON,QLD,-17.57613,146.02221
4871,STRATHMORE,QLD,-17.39458,142.73366
4871,TALAROO,QLD,-18.05612,143.88251
4871,THORNBOROUGH,QLD,-17.01279,145.13638
4871,UTCHEE CREEK,QLD,-17.63069,145.91915
4871,WANGAN,QLD,-17.57289,146.00549
4871,WARRUBULLEN,QLD,-17.70112,146.01198
4871,WAUGH POCKET,QLD,-17.44677,145.93864
4871,WELLESLEY ISLANDS,QLD,-16.72528,139.46850
4871,WEST WELLESLEY ISLANDS,QLD,-16.72528,139.46850
4871,WOOPEN CREEK,QLD,-17.47363,145.86836
4871,YARRABAH,QLD,-16.92808,145.87202
4872,BARRINE,QLD,-17.23358,145.61901
4872,BARWIDGI,QLD,-17.66597,144.64017
4872,CAIRNS MC,QLD,-16.91860,145.77800
4872,DANBULLA,QLD,-17.20353,145.67060
4872,DIMBULAH,QLD,-17.16518,145.08412
4872,FORTY MILE,QLD,-17.96882,144.76387
4872,GLEN RUTH,QLD,-18.00716,145.41984
4872,GUNNAWARRA,QLD,-17.89543,145.05706
4872,INNOT HOT SPRINGS,QLD,-17.71133,145.26353
4872,KAIRI,QLD,-17.21667,145.55000
4872,KIRRAMA,QLD,-18.19237,145.59918
4872,KOOMBOOLOOMBA,QLD,-17.81666,145.55384
4872,KOWROWA,QLD,-16.80530,145.56123
4872,KURANDA,QLD,-16.81670,145.63300
4872,LAKE TINAROO,QLD,-17.18189,145.56354
4872,LAKESIDE ESTATE,QLD,-25.53430,152.10800
4872,MINNAMOOLKA,QLD,-18.24906,145.03749
4872,MOUNT GARNET,QLD,-17.67767,145.10827
4872,MUNDERRA,QLD,-17.66763,144.88993
4872,MUTCHILBA,QLD,-17.17066,145.21073
4872,MYOLA,QLD,-16.80440,145.60900
4872,SILVER VALLEY,QLD,-17.62487,145.29569
4872,TINAROO,QLD,-17.18796,145.55320
4872,WAIRUNA,QLD,-18.43618,145.48161
4872,WALKAMIN,QLD,-17.12806,145.42778
4873,BAILEY CREEK,QLD,-24.94740,151.07900
4873,BAMBOO,QLD,-16.37842,145.38661
4873,BONNIE DOON,QLD,-16.47302,145.38938
4873,CAPE TRIBULATION,QLD,-16.08779,145.45478
4873,CASSOWARY,QLD,-16.49713,145.39628
4873,COOYA BEACH,QLD,-16.44226,145.43055
4873,COW BAY,QLD,-16.23192,145.45625
4873,DAGMAR,QLD,-16.16793,145.22724
4873,DAINTREE,QLD,-16.25000,145.31667
4873,DEDIN,QLD,-16.27080,145.18693
4873,DIWAN,QLD,-16.20176,145.40494
4873,FINLAY VALE,QLD,-16.46028,145.35030
4873,FINLAYVALE,QLD,-16.46030,145.35000
4873,FOREST CREEK,QLD,-16.24501,145.39726
4873,KIMBERLEY,QLD,-16.25770,145.44128
4873,LOW ISLES,QLD,-16.38618,145.56539
4873,LOWER DAINTREE,QLD,-16.26214,145.36072
4873,MIALLO,QLD,-16.39527,145.36966
4873,MOSSMAN,QLD,-16.45000,145.37333
4873,MOSSMAN GORGE,QLD,-16.47442,145.34831
4873,NEWELL,QLD,-16.42770,145.39990
4873,NOAH,QLD,-16.18021,145.34911
4873,ROCKY POINT,QLD,-16.39247,145.40916
4873,SHANNONVALE,QLD,-16.50275,145.37946
4873,SPURGEON,QLD,-16.20917,145.05750
4873,STEWART CREEK VALLEY,QLD,-16.29652,145.30675
4873,SYNDICATE,QLD,-16.41723,145.35421
4873,THORNTON BEACH,QLD,-16.17309,145.44126
4873,UPPER DAINTREE,QLD,-16.22364,145.29189
4873,WHYANBEEL,QLD,-16.38425,145.34131
4873,WONGA,QLD,-16.31812,145.40910
4873,WONGA BEACH,QLD,-16.31810,145.40900
4874,EVANS LANDING,QLD,-12.66348,141.85359
4874,JARDINE RIVER,QLD,-11.14985,142.67972
4874,MAPOON,QLD,-11.86319,142.18307
4874,MISSION RIVER,QLD,-12.68473,141.88670
4874,NANUM,QLD,-12.64194,141.86306
4874,NAPRANUM,QLD,-12.46616,142.14877
4874,ROCKY POINT,QLD,-12.62026,141.88662
4874,SHELBURNE,QLD,-12.01590,142.98505
4874,TRUNDING,QLD,-12.63188,141.87077
4874,WEIPA,QLD,-12.64929,141.84699
4874,WEIPA AIRPORT,QLD,-12.68096,141.92396
4874,WENLOCK,QLD,-12.49862,142.62517
4875,BADU ISLAND,QLD,-10.11642,142.12755
4875,BANKS ISLAND,QLD,-10.17060,142.25500
4875,BOIGU,QLD,-9.27405,142.22300
4875,BOIGU ISLAND,QLD,-9.27405,142.22300
4875,BURRAR ISLET,QLD,-10.11642,142.12755
4875,COCONUT ISLAND,QLD,-10.04965,143.06941
4875,DARNLEY ISLAND,QLD,-9.57970,143.77896
4875,DAUAN ISLAND,QLD,-9.42174,142.53623
4875,DOWAR ISLET,QLD,-10.11642,142.12755
4875,ERUB,QLD,-9.57970,143.77896
4875,ERUB ISLAND,QLD,-9.57970,143.77900
4875,GUIJAR ISLET,QLD,-10.11642,142.12755
4875,HORN,QLD,-10.61160,142.28700
4875,HORN ISLAND,QLD,-10.61164,142.28686
4875,IAMA,QLD,-9.90298,142.77500
4875,IAMA ISLAND,QLD,-10.11642,142.12755
4875,JERVIS ISLAND,QLD,-9.96667,142.18300
4875,KERIRI ISLAND,QLD,-10.54950,142.20700
4875,KUBIN,QLD,-10.11642,142.12755
4875,KUBIN VILLAGE,QLD,-10.23537,142.21845
4875,MABUIAG,QLD,-9.95532,142.18300
4875,MABUIAG ISLAND,QLD,-9.95532,142.18327
4875,MASIG,QLD,-9.75164,143.40800
4875,MASIG ISLAND,QLD,-9.75164,143.40800
4875,MER ISLAND,QLD,-10.11642,142.12755
4875,MOA ISLAND,QLD,-10.17056,142.25497
4875,MULGRAVE ISLAND,QLD,-10.11642,142.12755
4875,MURRAY ISLAND,QLD,-9.91860,144.04939
4875,PORUMA ISLAND,QLD,-10.04970,143.06900
4875,PRINCE OF WALES,QLD,-10.71410,142.19100
4875,SAIBAI ISLAND,QLD,-9.40513,142.69210
4875,STEPHENS ISLAND,QLD,-9.50780,143.54598
4875,TALBOT ISLAND,QLD,-9.27405,142.22300
4875,THURSDAY ISLAND,QLD,-10.57992,142.21939
4875,UGAR ISLAND,QLD,-10.11642,142.12755
4875,WARRABER ISLAND,QLD,-10.20822,142.82457
4875,WARRABER ISLET,QLD,-10.20820,142.82500
4875,WAUA ISLET,QLD,-10.11642,142.12755
4875,YAM ISLAND,QLD,-9.90298,142.77503
4875,YORKE ISLAND,QLD,-9.75164,143.40816
4876,BAMAGA,QLD,-10.89022,142.38938
4876,INJINOO,QLD,-10.90572,142.33203
4876,NEW MAPOON,QLD,-10.78768,142.43899
4876,PUNSAND,QLD,-10.89022,142.38938
4876,SEISIA,QLD,-10.85006,142.36910
4876,SOMERSET,QLD,-10.89022,142.38938
4876,UMAGICO,QLD,-10.89279,142.35137
4877,CRAIGLIE,QLD,-16.53594,145.46015
4877,KILLALOE,QLD,-16.48891,145.41982
4877,LOW ISLES,QLD,-16.38620,145.56500
4877,MOWBRAY,QLD,-16.56970,145.47555
4877,OAK BEACH,QLD,-16.59128,145.51919
4877,PORT DOUGLAS,QLD,-16.48361,145.46528
4877,WANGETTI,QLD,-16.65791,145.56557
4878,BARRON,QLD,-16.85833,145.70020
4878,CARAVONICA,QLD,-16.86722,145.68806
4878,HOLLOWAYS BEACH,QLD,-16.84222,145.73917
4878,LAKE PLACID,QLD,-16.86910,145.68100
4878,MACHANS BEACH,QLD,-16.85556,145.74778
4878,SMITHFIELD,QLD,-16.83139,145.69083
4878,YORKEYS KNOB,QLD,-16.81200,145.72100
4879,BUCHAN POINT,QLD,-16.73660,145.66200
4879,CLIFTON BEACH,QLD,-16.77054,145.67174
4879,ELLIS BEACH,QLD,-16.72287,145.67572
4879,KEWARRA BEACH,QLD,-16.78750,145.67639
4879,PALM COVE,QLD,-16.74405,145.67095
4879,TRINITY BEACH,QLD,-16.78333,145.70000
4879,TRINITY PARK,QLD,-16.80749,145.70506
4880,ARRIGA,QLD,-17.02019,145.29341
4880,BIBOOHRA,QLD,-16.86490,145.43408
4880,BILWON,QLD,-16.85270,145.45000
4880,CHEWKO,QLD,-17.08763,145.36193
4880,GLEN RUSSELL,QLD,-16.94857,145.20661
4880,MAREEBA,QLD,-17.00194,145.43885
4880,MARYFARMS,QLD,-16.99410,145.35900
4880,PADDYS GREEN,QLD,-17.01188,145.34822
4881,KOAH,QLD,-16.88601,145.55140
4881,KURANDA,QLD,-16.81667,145.63333
4881,MONA MONA,QLD,-16.79365,145.56210
4881,SPEEWAH,QLD,-16.88979,145.61346
4882,TOLGA,QLD,-17.20317,145.45171
4883,ATHERTON,QLD,-17.26608,145.48586
4883,CARRINGTON,QLD,-17.30268,145.46293
4883,EAST BARRON,QLD,-17.29233,145.55245
4883,UPPER BARRON,QLD,-17.35005,145.53997
4883,WONGABEL,QLD,-17.32442,145.46447
4884,GADGARRA,QLD,-17.26635,145.72144
4884,LAKE BARRINE,QLD,-17.25027,145.65231
4884,LAKE EACHAM,QLD,-17.28485,145.62595
4884,YUNGABURRA,QLD,-17.27111,145.58306
4885,BUTCHERS CREEK,QLD,-17.30800,145.69083
4885,GLEN ALLYN,QLD,-17.38590,145.68770
4885,JAGGAN,QLD,-17.39328,145.60722
4885,KUREEN,QLD,-17.33169,145.59682
4885,MALANDA,QLD,-17.34908,145.59404
4885,NORTH JOHNSTONE,QLD,-17.32885,145.65960
4885,PEERAMON,QLD,-17.31120,145.59682
4885,TARZALI,QLD,-17.42255,145.61277
4885,TOPAZ,QLD,-17.41698,145.71895
4886,BEATRICE,QLD,-17.54993,145.58919
4886,ELLINJAA,QLD,-17.51143,145.64300
4886,MAALAN,QLD,-17.60833,145.57123
4886,MIDDLEBROOK,QLD,-17.56041,145.62941
4886,MILLAA MILLAA,QLD,-17.51447,145.60444
4886,MINBUN,QLD,-17.47287,145.56388
4886,MOREGATTA,QLD,-17.48384,145.59370
4886,MUNGALLI,QLD,-17.55188,145.70187
4887,HERBERTON,QLD,-17.38333,145.38333
4887,IRVINEBANK,QLD,-17.43262,145.22074
4887,KALUNGA,QLD,-17.44089,145.38523
4887,MOOMIN,QLD,-17.36520,145.40667
4887,WATSONVILLE,QLD,-17.35506,145.32766
4887,WONDECLA,QLD,-17.42515,145.43678
4888,EVELYN,QLD,-17.50865,145.50325
4888,KABAN,QLD,-17.52132,145.39249
4888,MILLSTREAM,QLD,-17.65586,145.42123
4888,RAVENSHOE,QLD,-17.60917,145.48361
4888,TUMOULIN,QLD,-17.58052,145.46333
4890,HOWITT,QLD,-17.18715,141.53681
4890,NORMAN,QLD,-17.67898,141.07652
4890,NORMANTON,QLD,-17.67423,141.07524
4891,KARUMBA,QLD,-17.49124,140.87685
4892,ABINGDON DOWNS,QLD,-17.86110,143.21500
4892,ARBOUIN,QLD,-17.06170,143.99500
4892,ARCHER RIVER,QLD,-13.34780,142.52700
4892,AURUKUN,QLD,-13.35730,141.72800
4892,BELLEVUE,QLD,-16.63910,144.26300
4892,COEN,QLD,-13.94170,143.20000
4892,DIXIE,QLD,-15.41590,143.27200
4892,EDWARD RIVER,QLD,-14.77120,142.30900
4892,GAMBOOLA,QLD,-16.55500,143.66800
4892,GROGANVILLE,QLD,-16.40000,144.36200
4892,GUNUNA,QLD,-17.86110,143.21500
4892,HIGHBURY,QLD,-16.30540,142.89700
4892,HOLROYD RIVER,QLD,-14.48340,142.81600
4892,IRON RANGE,QLD,-17.86110,143.21500
4892,KOWANYAMA,QLD,-15.47400,141.74500
4892,LAKEFIELD,QLD,-14.81840,144.21100
4892,LAURA,QLD,-15.49580,144.16500
4892,LIZARD,QLD,-14.74680,145.39400
4892,LOCKHART RIVER,QLD,-12.78450,143.34300
4892,LYNDSIDE,QLD,-16.89240,143.60300
4892,MARAMIE,QLD,-16.03630,142.28800
4892,MOUNT MULGRAVE,QLD,-16.27390,143.99100
4892,PALMER,QLD,-15.95290,143.61300
4892,PORMPURAAW,QLD,-14.90000,141.62000
4892,RAVENSWORTH,QLD,-17.26530,143.61600
4892,RED RIVER,QLD,-17.44050,143.33600
4892,SOUTH WELLESLEY ISLANDS,QLD,-17.06420,139.47300
4892,STAATEN,QLD,-16.65210,142.91900
4892,WELLESLEY ISLANDS,QLD,-16.72530,139.46900
4892,WEST WELLESLEY ISLANDS,QLD,-16.72250,139.15800
4892,WROTHAM,QLD,-16.64210,143.95000
4892,YAGOONYA,QLD,-16.43380,141.74700
4892,YARRADEN,QLD,-14.57860,143.29500
4895,AYTON,QLD,-15.92150,145.34400
4895,BLOOMFIELD,QLD,-15.93306,145.34139
4895,COOKTOWN,QLD,-15.47582,145.24710
4895,DEGARRA,QLD,-15.94656,145.34477
4895,HELENVALE,QLD,-15.70866,145.22631
4895,HOPE VALE,QLD,-15.29420,145.10824
4895,ROSSVILLE,QLD,-15.70048,145.25424
4895,STARCKE,QLD,-14.66743,144.75415
4895,WUJAL WUJAL,QLD,-15.94312,145.32059
5000,ADELAIDE,SA,-34.93283,138.60381
5000,ADELAIDE BC,SA,-34.93040,138.58900
5000,CITY WEST CAMPUS,SA,-34.92295,138.59115
5000,HALIFAX STREET,SA,-34.93248,138.60859
5000,HUTT STREET,SA,-34.93003,138.61212
5000,PARLIAMENT HOUSE,SA,-34.92114,138.59872
5000,RUNDLE MALL,SA,-34.92284,138.60191
5000,STATION ARCADE,SA,-34.92202,138.59728
5000,STURT STREET,SA,-34.93332,138.59355
5001,ADELAIDE,SA,-34.92195,138.59552
5005,ADELAIDE UNIVERSITY,SA,-34.92060,138.60623
5005,THE UNIVERSITY OF ADELAIDE,SA,-34.92060,138.60623
5005,UNIVERSITY OF ADELAIDE,SA,-34.92060,138.60623
5006,NORTH ADELAIDE,SA,-34.90911,138.59630
5006,NORTH ADELAIDE MELBOURNE ST,SA,-34.90740,138.60672
5007,BOWDEN,SA,-34.90400,138.57900
5007,BROMPTON,SA,-34.89700,138.57700
5007,HINDMARSH,SA,-34.90600,138.57000
5007,WELLAND,SA,-34.90418,138.55812
5007,WEST HINDMARSH,SA,-34.90542,138.56250
5008,CROYDON,SA,-34.89800,138.56400
5008,CROYDON PARK,SA,-34.88600,138.56700
5008,CROYDON PARK SOUTH,SA,-34.88600,138.56700
5008,DEVON PARK,SA,-34.88800,138.58000
5008,DUDLEY PARK,SA,-34.88200,138.57800
5008,RENOWN PARK,SA,-34.89300,138.57800
5008,RIDLEYTON,SA,-34.89250,138.57030
5008,WEST CROYDON,SA,-34.89000,138.55800
5009,ALLENBY GARDENS,SA,-34.90400,138.55500
5009,BEVERLEY,SA,-34.89300,138.54700
5009,KILKENNY,SA,-34.87838,138.55249
5010,ANGLE PARK,SA,-34.85900,138.56100
5010,FERRYDEN PARK,SA,-34.86400,138.55700
5010,REGENCY PARK,SA,-34.86000,138.57000
5010,REGENCY PARK BC,SA,-34.85990,138.57000
5011,ST CLAIR,SA,-34.87100,138.53000
5011,ST CLAIRE,SA,-34.87100,138.53000
5011,WOODVILLE,SA,-34.88100,138.53500
5011,WOODVILLE PARK,SA,-34.88214,138.54499
5011,WOODVILLE SOUTH,SA,-34.88100,138.53500
5011,WOODVILLE WEST,SA,-34.88280,138.52580
5012,ATHOL PARK,SA,-34.85800,138.54300
5012,MANSFIELD PARK,SA,-34.85200,138.54700
5012,WOODVILLE GARDENS,SA,-34.86400,138.55200
5012,WOODVILLE NORTH,SA,-34.86300,138.53800
5013,GILLMAN,SA,-34.84100,138.52700
5013,OTTOWAY,SA,-34.84667,138.53556
5013,PENNINGTON,SA,-34.85600,138.52900
5013,ROSEWATER,SA,-34.85512,138.52122
5013,ROSEWATER EAST,SA,-34.85512,138.52122
5013,WINGFIELD,SA,-34.84200,138.56400
5014,ALBERT PARK,SA,-34.87800,138.52100
5014,ALBERTON,SA,-34.86100,138.51600
5014,CHELTENHAM,SA,-34.86900,138.52600
5014,HENDON,SA,-34.87200,138.51500
5014,QUEENSTOWN,SA,-34.86076,138.50997
5014,ROYAL PARK,SA,-34.87200,138.50800
5015,BIRKENHEAD,SA,-34.83601,138.49997
5015,ETHELTON,SA,-34.84788,138.48997
5015,GARDEN ISLAND,SA,-34.83601,138.49997
5015,GLANVILLE,SA,-34.84500,138.49200
5015,NEW PORT,SA,-34.84520,138.49400
5015,PORT ADELAIDE,SA,-34.84600,138.50300
5015,PORT ADELAIDE BC,SA,-34.85360,138.50400
5015,PORT ADELAIDE DC,SA,-34.84780,138.50500
5015,TORRENS ISLAND,SA,-34.83601,138.49997
5016,LARGS BAY,SA,-34.82100,138.49400
5016,LARGS NORTH,SA,-34.81833,138.49361
5016,PETERHEAD,SA,-34.83200,138.49700
5017,OSBORNE,SA,-34.79889,138.49111
5017,TAPEROO,SA,-34.80600,138.49500
5018,NORTH HAVEN,SA,-34.78647,138.49372
5018,OUTER HARBOR,SA,-34.78100,138.50100
5019,EXETER,SA,-34.83644,138.48997
5019,SEMAPHORE,SA,-34.83889,138.48389
5019,SEMAPHORE PARK,SA,-34.85400,138.48400
5019,SEMAPHORE SOUTH,SA,-34.84800,138.48100
5020,WEST LAKES SHORE,SA,-34.86349,138.48622
5021,WEST LAKES,SA,-34.87222,138.49622
5022,GRANGE,SA,-34.90000,138.48900
5022,HENLEY BEACH,SA,-34.92000,138.49400
5022,HENLEY BEACH SOUTH,SA,-34.92700,138.50100
5022,KIRKCALDY,SA,-34.90535,138.49775
5022,TENNYSON,SA,-34.88300,138.48300
5023,FINDON,SA,-34.90047,138.53123
5023,SEATON,SA,-34.89900,138.51400
5023,SEATON NORTH,SA,-34.88342,138.51290
5024,FULHAM,SA,-34.92700,138.51200
5024,FULHAM GARDENS,SA,-34.91300,138.51400
5024,WEST BEACH,SA,-34.94528,138.50375
5025,FLINDERS PARK,SA,-34.90800,138.54600
5025,KIDMAN PARK,SA,-34.91400,138.52800
5031,MILE END,SA,-34.92528,138.56083
5031,MILE END SOUTH,SA,-34.93800,138.57100
5031,THEBARTON,SA,-34.91415,138.57251
5031,TORRENSVILLE,SA,-34.91749,138.56125
5031,TORRENSVILLE PLAZA,SA,-34.92475,138.56199
5032,BROOKLYN PARK,SA,-34.92866,138.54641
5032,LOCKLEYS,SA,-34.92335,138.53123
5032,UNDERDALE,SA,-34.91667,138.55000
5033,COWANDILLA,SA,-34.93100,138.55700
5033,HILTON,SA,-34.93100,138.57000
5033,HILTON PLAZA,SA,-34.93165,138.56183
5033,MARLESTON,SA,-34.94433,138.56250
5033,MARLESTON DC,SA,-34.94850,138.56200
5033,RICHMOND,SA,-34.94000,138.56000
5033,WEST RICHMOND,SA,-34.93914,138.54999
5034,CLARENCE PARK,SA,-34.96300,138.58600
5034,GOODWOOD,SA,-34.95200,138.59500
5034,KINGS PARK,SA,-34.96400,138.59300
5034,MILLSWOOD,SA,-34.95600,138.59000
5034,WAYVILLE,SA,-34.94533,138.59254
5035,ASHFORD,SA,-34.94900,138.57400
5035,BLACK FOREST,SA,-34.96400,138.57600
5035,EVERARD PARK,SA,-34.95400,138.57500
5035,FORESTVILLE,SA,-34.95100,138.58100
5035,KESWICK,SA,-34.94369,138.57752
5035,KESWICK TERMINAL,SA,-34.93557,138.58002
5037,GLANDORE,SA,-34.96000,138.56600
5037,KURRALTA PARK,SA,-34.95000,138.56600
5037,NETLEY,SA,-34.94528,138.55056
5037,NORTH PLYMPTON,SA,-34.95750,138.55028
5038,CAMDEN PARK,SA,-34.96868,138.54123
5038,PLYMPTON,SA,-34.96368,138.55124
5038,PLYMPTON PARK,SA,-34.97694,138.55139
5038,SOUTH PLYMPTON,SA,-34.97700,138.55600
5039,CLARENCE GARDENS,SA,-34.97200,138.57800
5039,EDWARDSTOWN,SA,-34.98000,138.57100
5039,MELROSE PARK,SA,-34.99000,138.57600
5039,MELROSE PARK DC,SA,-34.99020,138.57600
5040,NOVAR GARDENS,SA,-34.96453,138.53123
5041,COLONEL LIGHT GARDENS,SA,-34.98236,138.59630
5041,CUMBERLAND PARK,SA,-34.97363,138.58628
5041,DAW PARK,SA,-34.98100,138.58800
5041,PANORAMA,SA,-34.99500,138.59700
5041,WESTBOURNE PARK,SA,-34.96972,138.59583
5042,BEDFORD PARK,SA,-35.02100,138.56800
5042,CLOVELLY PARK,SA,-34.99990,138.57180
5042,FLINDERS UNIVERSITY,SA,-35.01000,138.57097
5042,PASADENA,SA,-35.00200,138.59000
5042,ST MARYS,SA,-35.00600,138.57700
5042,TONSLEY,SA,-35.01460,138.57100
5043,ASCOT PARK,SA,-34.98832,138.55910
5043,MARION,SA,-35.00000,138.55200
5043,MITCHELL PARK,SA,-35.01100,138.56200
5043,MORPHETTVILLE,SA,-34.98900,138.53900
5043,PARK HOLME,SA,-34.99400,138.55700
5044,GLENGOWRIE,SA,-34.98333,138.53333
5044,SOMERTON PARK,SA,-34.99541,138.52146
5045,GLENELG,SA,-34.98200,138.51600
5045,GLENELG EAST,SA,-34.98600,138.52300
5045,GLENELG JETTY ROAD,SA,-34.98020,138.51681
5045,GLENELG NORTH,SA,-34.97100,138.51700
5045,GLENELG SOUTH,SA,-34.98865,138.51497
5046,OAKLANDS PARK,SA,-35.01400,138.54500
5046,WARRADALE,SA,-35.00700,138.53800
5046,WARRADALE NORTH,SA,-35.00700,138.53800
5047,DARLINGTON,SA,-35.03000,138.55700
5047,SEACOMBE GARDENS,SA,-35.02600,138.54500
5047,SEACOMBE HEIGHTS,SA,-35.03400,138.54900
5047,STURT,SA,-35.02355,138.55500
5048,BRIGHTON,SA,-35.01900,138.52000
5048,DOVER GARDENS,SA,-35.02500,138.53800
5048,HOVE,SA,-35.00900,138.52200
5048,NORTH BRIGHTON,SA,-35.00451,138.52215
5048,SOUTH BRIGHTON,SA,-35.02451,138.52356
5049,KINGSTON PARK,SA,-35.03768,138.51747
5049,MARINO,SA,-35.04972,138.51622
5049,SEACLIFF,SA,-35.03333,138.51667
5049,SEACLIFF PARK,SA,-35.03100,138.53200
5049,SEAVIEW DOWNS,SA,-35.03400,138.53600
5050,BELLEVUE HEIGHTS,SA,-35.03300,138.58700
5050,EDEN HILLS,SA,-35.02700,138.60100
5051,BLACKWOOD,SA,-35.02268,138.61634
5051,COROMANDEL VALLEY,SA,-35.04763,138.62135
5051,CRAIGBURN FARM,SA,-35.04119,138.60515
5051,HAWTHORNDENE,SA,-35.02000,138.63100
5052,BELAIR,SA,-34.99812,138.62254
5052,GLENALTA,SA,-35.01311,138.62636
5061,HYDE PARK,SA,-34.95500,138.60000
5061,MALVERN,SA,-34.95722,138.61472
5061,UNLEY,SA,-34.95000,138.60000
5061,UNLEY BC,SA,-34.94840,138.60100
5061,UNLEY DC,SA,-34.95110,138.60700
5061,UNLEY PARK,SA,-34.96100,138.60000
5062,BROWN HILL CREEK,SA,-34.98700,138.65300
5062,CLAPHAM,SA,-34.99000,138.60300
5062,HAWTHORN,SA,-34.96800,138.60000
5062,KINGSWOOD,SA,-34.97100,138.61600
5062,LOWER MITCHAM,SA,-34.98111,138.60583
5062,LYNTON,SA,-34.99800,138.60900
5062,MITCHAM,SA,-34.98700,138.62500
5062,MITCHAM SHOPPING CENTRE,SA,-34.97532,138.61039
5062,NETHERBY,SA,-34.97200,138.62700
5062,SPRINGFIELD,SA,-34.97800,138.63100
5062,TORRENS PARK,SA,-34.98600,138.61600
5063,EASTWOOD,SA,-34.94200,138.62100
5063,FREWVILLE,SA,-34.94700,138.63000
5063,FULLARTON,SA,-34.95100,138.62900
5063,HIGHGATE,SA,-34.96235,138.62260
5063,PARKSIDE,SA,-34.94400,138.61300
5064,GLEN OSMOND,SA,-34.96001,138.65017
5064,GLENUNGA,SA,-34.95100,138.63900
5064,MOUNT OSMOND,SA,-34.96353,138.66145
5064,MYRTLE BANK,SA,-34.95900,138.63600
5064,ST GEORGES,SA,-34.95400,138.64800
5064,URRBRAE,SA,-34.96700,138.63600
5065,DULWICH,SA,-34.93600,138.63000
5065,GLENSIDE,SA,-34.94300,138.63500
5065,LINDEN PARK,SA,-34.94700,138.65000
5065,TOORAK GARDENS,SA,-34.93300,138.63800
5065,TUSMORE,SA,-34.93608,138.64766
5066,BEAUMONT,SA,-34.95100,138.66100
5066,BURNSIDE,SA,-34.93900,138.66600
5066,ERINDALE,SA,-34.92800,138.66200
5066,HAZELWOOD PARK,SA,-34.93900,138.65700
5066,STONYFELL,SA,-34.93500,138.67800
5066,WATERFALL GULLY,SA,-34.96000,138.67600
5066,WATTLE PARK,SA,-34.92781,138.67707
5067,BEULAH PARK,SA,-34.91900,138.64300
5067,KENT TOWN,SA,-34.92028,138.61917
5067,NORWOOD,SA,-34.92300,138.63300
5067,NORWOOD SOUTH,SA,-34.92300,138.63300
5067,ROSE PARK,SA,-34.93072,138.62798
5068,HEATHPOOL,SA,-34.93100,138.64800
5068,KENSINGTON,SA,-34.92400,138.64500
5068,KENSINGTON GARDENS,SA,-34.91772,138.66145
5068,KENSINGTON PARK,SA,-34.92086,138.65518
5068,LEABROOK,SA,-34.93000,138.65100
5068,MARRYATVILLE,SA,-34.92778,138.64694
5068,ST MORRIS,SA,-34.91088,138.65398
5068,TRINITY GARDENS,SA,-34.91111,138.64453
5069,COLLEGE PARK,SA,-34.91300,138.62200
5069,EVANDALE,SA,-34.90500,138.63500
5069,HACKNEY,SA,-34.91700,138.61600
5069,MAYLANDS,SA,-34.91100,138.63700
5069,ST PETERS,SA,-34.90300,138.62200
5069,STEPNEY,SA,-34.91200,138.62900
5070,FELIXSTOW,SA,-34.89100,138.64400
5070,FIRLE,SA,-34.90379,138.65267
5070,GLYNDE,SA,-34.89691,138.65267
5070,GLYNDE DC,SA,-34.89560,138.64800
5070,GLYNDE PLAZA,SA,-34.90303,138.65714
5070,JOSLIN,SA,-34.89900,138.62500
5070,MARDEN,SA,-34.89639,138.63917
5070,PAYNEHAM,SA,-34.89900,138.64200
5070,PAYNEHAM SOUTH,SA,-34.90500,138.64600
5070,ROYSTON PARK,SA,-34.89900,138.63400
5071,KENT TOWN,SA,-34.92028,138.61917
5071,KENT TOWN DC,SA,-34.92030,138.61900
5072,AULDANA,SA,-34.91800,138.68500
5072,MAGILL,SA,-34.90900,138.67580
5072,MAGILL NORTH,SA,-34.90900,138.67580
5072,MAGILL SOUTH,SA,-34.90900,138.67580
5072,ROSSLYN PARK,SA,-34.92210,138.67540
5072,SKYE,SA,-34.92500,138.69400
5072,TERINGIE,SA,-34.91400,138.69600
5072,WOODFORDE,SA,-34.90633,138.71161
5073,HECTORVILLE,SA,-34.89292,138.66521
5073,ROSTREVOR,SA,-34.89554,138.69656
5073,TRANMERE,SA,-34.90500,138.66200
5073,TRANMERE NORTH,SA,-34.89733,138.66437
5074,CAMPBELLTOWN,SA,-34.87800,138.66300
5074,NEWTON,SA,-34.88016,138.68151
5075,DERNANCOURT,SA,-34.86100,138.68300
5075,PARADISE,SA,-34.87200,138.67600
5076,ATHELSTONE,SA,-34.87000,138.70300
5076,CASTAMBUL,SA,-34.87159,138.76562
5081,COLLINSWOOD,SA,-34.88722,138.61258
5081,GILBERTON,SA,-34.90000,138.61200
5081,MEDINDIE,SA,-34.89600,138.60500
5081,MEDINDIE GARDENS,SA,-34.89200,138.60600
5081,VALE PARK,SA,-34.88752,138.62446
5081,WALKERVILLE,SA,-34.89158,138.61759
5082,FITZROY,SA,-34.89700,138.59000
5082,OVINGHAM,SA,-34.89800,138.58600
5082,PROSPECT,SA,-34.88381,138.59381
5082,PROSPECT EAST,SA,-34.88381,138.59381
5082,PROSPECT WEST,SA,-34.88381,138.59381
5082,THORNGATE,SA,-34.89700,138.59700
5083,BROADVIEW,SA,-34.87300,138.61400
5083,NAILSWORTH,SA,-34.88600,138.60300
5083,SEFTON PARK,SA,-34.87599,138.60757
5084,BLAIR ATHOL,SA,-34.86100,138.59700
5084,BLAIR ATHOL WEST,SA,-34.86100,138.59700
5084,KILBURN,SA,-34.85917,138.58628
5084,KILBURN NORTH,SA,-34.85917,138.58628
5085,CLEARVIEW,SA,-34.85900,138.61700
5085,ENFIELD,SA,-34.86287,138.60632
5085,ENFIELD PLAZA,SA,-34.85272,138.60127
5085,LIGHTSVIEW,SA,-34.86040,138.63300
5085,NORTHFIELD,SA,-34.85075,138.62135
5085,NORTHGATE,SA,-34.85233,138.62913
5086,GILLES PLAINS,SA,-34.85025,138.65900
5086,GREENACRES,SA,-34.87100,138.63700
5086,HAMPSTEAD GARDENS,SA,-34.87300,138.63100
5086,HILLCREST,SA,-34.86194,138.64306
5086,MANNINGHAM,SA,-34.87700,138.62200
5086,OAKDEN,SA,-34.85306,138.64361
5087,KLEMZIG,SA,-34.88200,138.63600
5087,WINDSOR GARDENS,SA,-34.86700,138.65100
5088,HOLDEN HILL,SA,-34.85310,138.67148
5089,HIGHBURY,SA,-34.84913,138.73420
5090,HOPE VALLEY,SA,-34.84510,138.69700
5091,BANKSIA PARK,SA,-34.80908,138.73169
5091,TEA TREE GULLY,SA,-34.82600,138.72600
5091,VISTA,SA,-34.83496,138.73044
5092,MODBURY,SA,-34.83333,138.68333
5092,MODBURY HEIGHTS,SA,-34.81100,138.68600
5092,MODBURY NORTH,SA,-34.82900,138.67200
5092,MODBURY NORTH DC,SA,-34.82900,138.67200
5093,PARA VISTA,SA,-34.82667,138.66500
5093,VALLEY VIEW,SA,-34.84100,138.66300
5094,CAVAN,SA,-34.82800,138.59800
5094,DRY CREEK,SA,-34.83336,138.58980
5094,GEPPS CROSS,SA,-34.84170,138.59964
5095,MAWSON LAKES,SA,-34.81115,138.61490
5095,POORAKA,SA,-34.82444,138.62694
5095,THE LEVELS,SA,-34.81115,138.61490
5096,GULFVIEW HEIGHTS,SA,-34.79600,138.66700
5096,PARA HILLS,SA,-34.80960,138.65379
5096,PARA HILLS WEST,SA,-34.80250,138.64480
5097,REDWOOD PARK,SA,-34.81252,138.70659
5097,RIDGEHAVEN,SA,-34.82200,138.70400
5097,ST AGNES,SA,-34.83028,138.71111
5098,INGLE FARM,SA,-34.82300,138.64600
5098,WALKLEY HEIGHTS,SA,-34.83900,138.63800
5106,PARAFIELD,SA,-34.79000,138.63500
5106,PARAFIELD AIRPORT,SA,-34.78841,138.63643
5106,SALISBURY SOUTH,SA,-34.78266,138.64321
5106,SALISBURY SOUTH BC,SA,-34.78660,138.64400
5106,SALISBURY SOUTH DC,SA,-34.78660,138.64400
5107,GREEN FIELDS,SA,-34.79575,138.60437
5107,PARAFIELD GARDENS,SA,-34.79000,138.61600
5108,PARALOWIE,SA,-34.75694,138.61139
5108,SALISBURY,SA,-34.76391,138.64228
5108,SALISBURY DOWNS,SA,-34.77263,138.62514
5108,SALISBURY NORTH,SA,-34.75000,138.62243
5108,SALISBURY NORTH WHITES ROAD,SA,-34.74975,138.62100
5109,BRAHMA LODGE,SA,-34.77500,138.65500
5109,SALISBURY EAST,SA,-34.78000,138.67000
5109,SALISBURY EAST NORTHBRI AVE,SA,-34.78960,138.65465
5109,SALISBURY HEIGHTS,SA,-34.76310,138.68858
5109,SALISBURY PARK,SA,-34.75870,138.66770
5109,SALISBURY PLAIN,SA,-34.76706,138.66033
5110,BOLIVAR,SA,-34.77500,138.58900
5110,BURTON,SA,-34.74000,138.60500
5110,DIREK,SA,-34.72351,138.60944
5110,GLOBE DERBY PARK,SA,-34.78800,138.59000
5110,ST KILDA,SA,-34.73820,138.53451
5110,WATERLOO CORNER,SA,-34.72966,138.57593
5111,EDINBURGH,SA,-34.71854,138.62886
5111,EDINBURGH RAAF,SA,-34.71670,138.64500
5112,ELIZABETH,SA,-34.72000,138.67300
5112,ELIZABETH EAST,SA,-34.72625,138.68100
5112,ELIZABETH GROVE,SA,-34.73380,138.67148
5112,ELIZABETH SOUTH,SA,-34.74126,138.65639
5112,ELIZABETH VALE,SA,-34.74757,138.67148
5112,HILLBANK,SA,-34.74711,138.68151
5113,DAVOREN PARK,SA,-34.69139,138.66806
5113,DAVOREN PARK NORTH,SA,-34.69139,138.66806
5113,DAVOREN PARK SOUTH,SA,-34.69139,138.66806
5113,EDINBURGH NORTH,SA,-34.70500,138.66000
5113,ELIZABETH DOWNS,SA,-34.69906,138.69303
5113,ELIZABETH NORTH,SA,-34.70079,138.67578
5113,ELIZABETH PARK,SA,-34.71239,138.68543
5113,ELIZABETH WEST,SA,-34.69139,138.66806
5113,ELIZABETH WEST DC,SA,-34.70850,138.66400
5114,ANDREWS FARM,SA,-34.67200,138.66700
5114,BLAKEVIEW,SA,-34.68200,138.70200
5114,CRAIGMORE,SA,-34.70861,138.70556
5114,GOULD CREEK,SA,-34.76296,138.76402
5114,HUMBUG SCRUB,SA,-34.73543,138.81241
5114,ONE TREE HILL,SA,-34.71555,138.76628
5114,SAMPSON FLAT,SA,-34.75490,138.77782
5114,SMITHFIELD,SA,-34.68583,138.68694
5114,SMITHFIELD PLAINS,SA,-34.67680,138.67674
5114,SMITHFIELD WEST,SA,-34.68580,138.68700
5114,ULEYBURY,SA,-34.67765,138.74533
5114,YATTALUNGA,SA,-34.66205,138.77156
5115,KUDLA,SA,-34.64384,138.70409
5115,MUNNO PARA,SA,-34.66800,138.70000
5115,MUNNO PARA DOWNS,SA,-34.64716,138.67813
5115,MUNNO PARA WEST,SA,-34.65900,138.66600
5116,EVANSTON,SA,-34.61611,138.73167
5116,EVANSTON GARDENS,SA,-34.62400,138.72200
5116,EVANSTON PARK,SA,-34.62893,138.74885
5116,EVANSTON SOUTH,SA,-34.64552,138.72758
5116,HILLIER,SA,-34.62500,138.69600
5117,ANGLE VALE,SA,-34.64160,138.65393
5118,BIBARINGA,SA,-34.63834,138.76610
5118,BUCHFELDE,SA,-34.61039,138.70659
5118,CONCORDIA,SA,-34.59567,138.77950
5118,GAWLER,SA,-34.59735,138.74488
5118,GAWLER BELT,SA,-34.57850,138.72416
5118,GAWLER EAST,SA,-34.60192,138.76469
5118,GAWLER RIVER,SA,-34.61081,138.67003
5118,GAWLER SOUTH,SA,-34.61100,138.75100
5118,GAWLER WEST,SA,-34.60370,138.73404
5118,HEWETT,SA,-34.57889,138.74889
5118,KALBEEBA,SA,-34.60720,138.78789
5118,KANGAROO FLAT,SA,-34.54061,138.67635
5118,KINGSFORD,SA,-34.55444,138.81931
5118,REID,SA,-34.59919,138.72957
5118,WARD BELT,SA,-34.58891,138.69479
5118,WILLASTON,SA,-34.59100,138.74400
5120,BUCKLAND PARK,SA,-34.64576,138.51028
5120,RIVERLEA PARK,SA,-34.64576,138.51028
5120,VIRGINIA,SA,-34.67430,138.55609
5121,EYRE,SA,-34.69460,138.65500
5121,MACDONALD PARK,SA,-34.66973,138.64501
5121,PENFIELD,SA,-34.68769,138.63333
5121,PENFIELD GARDENS,SA,-34.65847,138.61324
5125,GOLDEN GROVE,SA,-34.78389,138.70611
5125,GOLDEN GROVE VILLAGE,SA,-34.78389,138.70611
5125,GREENWITH,SA,-34.76600,138.71500
5126,FAIRVIEW PARK,SA,-34.79990,138.73169
5126,SURREY DOWNS,SA,-34.80100,138.71200
5126,YATALA VALE,SA,-34.79485,138.74173
5127,WYNN VALE,SA,-34.79967,138.68652
5131,HOUGHTON,SA,-34.82900,138.76100
5131,LOWER HERMITAGE,SA,-34.80470,138.77690
5131,UPPER HERMITAGE,SA,-34.79200,138.75600
5132,PARACOMBE,SA,-34.84729,138.77438
5133,INGLEWOOD,SA,-34.80044,138.79449
5134,CHERRYVILLE,SA,-34.91194,138.76528
5134,MONTACUTE,SA,-34.89337,138.73511
5136,NORTON SUMMIT,SA,-34.91748,138.74425
5137,ASHTON,SA,-34.93972,138.73722
5137,MARBLE HILL,SA,-34.91939,138.75841
5138,BASKET RANGE,SA,-34.92988,138.77438
5139,FOREST RANGE,SA,-34.92393,138.80454
5140,GREENHILL,SA,-34.95261,138.70158
5141,HORSNELL GULLY,SA,-34.93761,138.70409
5141,SUMMERTOWN,SA,-34.95000,138.71667
5142,URAIDLA,SA,-34.96000,138.74173
5144,CAREY GULLY,SA,-34.96657,138.77438
5150,EAGLE ON THE HILL,SA,-34.97564,138.68004
5150,LEAWOOD GARDENS,SA,-34.96770,138.67100
5151,PICCADILLY,SA,-34.97880,138.73200
5152,CLELAND,SA,-34.97012,138.69405
5152,CRAFERS,SA,-34.98756,138.71412
5152,CRAFERS WEST,SA,-34.99346,138.68402
5152,MOUNT LOFTY,SA,-34.97360,138.70863
5152,STIRLING,SA,-35.00589,138.71412
5153,BIGGS FLAT,SA,-35.07277,138.78192
5153,BRADBURY,SA,-35.07124,138.70644
5153,CHAPEL HILL,SA,-35.08155,138.76434
5153,ECHUNGA,SA,-35.10181,138.79477
5153,FLAXLEY,SA,-35.14489,138.82434
5153,GREEN HILLS RANGE,SA,-35.16220,138.80454
5153,HEATHFIELD,SA,-35.02753,138.71663
5153,IRONBANK,SA,-35.05000,138.68333
5153,JUPITER CREEK,SA,-35.10160,138.74700
5153,LONGWOOD,SA,-35.04334,138.72165
5153,MACCLESFIELD,SA,-35.17436,138.83640
5153,MYLOR,SA,-35.05000,138.75000
5153,SCOTT CREEK,SA,-35.05794,138.70158
5154,ALDGATE,SA,-35.01831,138.74425
5155,BRIDGEWATER,SA,-35.01240,138.77438
5155,MOUNT GEORGE,SA,-34.99407,138.77438
5156,UPPER STURT,SA,-35.01500,138.68600
5157,ASHBOURNE,SA,-35.29773,138.75492
5157,BULL CREEK,SA,-35.23496,138.75279
5157,CHERRY GARDENS,SA,-35.07151,138.65848
5157,CLARENDON,SA,-35.10545,138.62974
5157,COROMANDEL EAST,SA,-35.04510,138.65393
5157,DORSET VALE,SA,-35.08581,138.67777
5157,KANGARILLA,SA,-35.14747,138.64031
5157,MCHARG CREEK,SA,-35.27545,138.72385
5158,HALLETT COVE,SA,-35.07700,138.50200
5158,O’HALLORAN HILL,SA,-35.07700,138.50200
5158,O'HALLORAN HILL,SA,-35.06400,138.55300
5158,O'HALLORAN HILL DC,SA,-35.06820,138.55600
5158,SHEIDOW PARK,SA,-35.08129,138.52623
5158,TROTT PARK,SA,-35.06500,138.54100
5159,ABERFOYLE PARK,SA,-35.06700,138.60000
5159,CHANDLERS HILL,SA,-35.08754,138.62385
5159,FLAGSTAFF HILL,SA,-35.05000,138.58333
5159,HAPPY VALLEY,SA,-35.08300,138.56700
5160,LONSDALE,SA,-35.10659,138.49372
5160,LONSDALE DC,SA,-35.10460,138.49900
5160,PORT STANVAC,SA,-35.11021,138.49091
5161,OLD REYNELLA,SA,-35.09667,138.54123
5161,REYNELLA,SA,-35.09814,138.52744
5161,REYNELLA EAST,SA,-35.09000,138.55000
5162,MORPHETT VALE,SA,-35.11800,138.52900
5162,WOODCROFT,SA,-35.11826,138.54374
5163,HACKHAM,SA,-35.15892,138.52623
5163,HACKHAM WEST,SA,-35.14300,138.51400
5163,HUNTFIELD HEIGHTS,SA,-35.15500,138.51800
5163,ONKAPARINGA HEIGHTS,SA,-35.16230,138.52220
5163,ONKAPARINGA HILLS,SA,-35.14325,138.54284
5164,CHRISTIE DOWNS,SA,-35.12817,138.49622
5165,CHRISTIES BEACH,SA,-35.13353,138.47623
5165,CHRISTIES BEACH NORTH,SA,-35.13353,138.47623
5166,O’SULLIVAN BEACH,SA,-35.11984,138.47623
5166,O'SULLIVAN BEACH,SA,-35.11984,138.47623
5167,PORT NOARLUNGA,SA,-35.14722,138.47623
5167,PORT NOARLUNGA SOUTH,SA,-35.16800,138.47200
5168,NOARLUNGA CENTRE,SA,-35.14000,138.49300
5168,NOARLUNGA DOWNS,SA,-35.14800,138.50200
5168,OLD NOARLUNGA,SA,-35.18085,138.50266
5169,MOANA,SA,-35.19800,138.47300
5169,SEAFORD,SA,-35.19100,138.47800
5169,SEAFORD HEIGHTS,SA,-35.19791,138.49645
5169,SEAFORD MEADOWS,SA,-35.17300,138.48700
5169,SEAFORD RISE,SA,-35.20200,138.48800
5170,MASLIN BEACH,SA,-35.23015,138.48372
5171,BLEWITT SPRINGS,SA,-35.16543,138.61540
5171,MCLAREN FLAT,SA,-35.20530,138.58918
5171,MCLAREN VALE,SA,-35.22103,138.54612
5171,PEDLER CREEK,SA,-35.20758,138.57102
5171,TATACHILLA,SA,-35.23698,138.50969
5172,DINGABLEDINGA,SA,-35.26030,138.64390
5172,HOPE FOREST,SA,-35.27977,138.62417
5172,KUITPO,SA,-35.29255,138.57877
5172,KUITPO COLONY,SA,-35.27985,138.69656
5172,KYEEMA,SA,-35.27658,138.67505
5172,MONTARRA,SA,-35.26302,138.61565
5172,PAGES FLAT,SA,-35.34070,138.55281
5172,THE RANGE,SA,-35.24631,138.62283
5172,WHITES VALLEY,SA,-35.28002,138.51653
5172,WILLUNGA,SA,-35.27431,138.55599
5172,WILLUNGA HILL,SA,-35.31301,138.57658
5172,WILLUNGA SOUTH,SA,-35.29536,138.55161
5172,YUNDI,SA,-35.31621,138.65079
5173,ALDINGA,SA,-35.26700,138.48300
5173,ALDINGA BEACH,SA,-35.28100,138.45400
5173,PORT WILLUNGA,SA,-35.26600,138.46500
5173,SILVER SANDS,SA,-35.31400,138.44780
5174,SELLICKS BEACH,SA,-35.33000,138.44800
5174,SELLICKS HILL,SA,-35.35006,138.50153
5201,BLACKFELLOWS CREEK,SA,-35.25287,138.71412
5201,KUITPO,SA,-35.19810,138.68000
5201,MEADOWS,SA,-35.18155,138.76096
5201,PARIS CREEK,SA,-35.24762,138.78619
5201,PROSPECT HILL,SA,-35.21300,138.72197
5202,HINDMARSH TIERS,SA,-35.39664,138.59510
5202,MYPONGA,SA,-35.39100,138.46400
5202,MYPONGA BEACH,SA,-35.38330,138.36325
5203,BALD HILLS,SA,-35.48264,138.38915
5203,PARAWA,SA,-35.54894,138.37801
5203,TORRENS VALE,SA,-35.51941,138.39289
5203,TUNKALILLA,SA,-35.63616,138.32341
5203,WATTLE FLAT,SA,-35.41638,138.37605
5203,YANKALILLA,SA,-35.45986,138.35112
5204,CAPE JERVIS,SA,-35.60617,138.11540
5204,CARRICKALINGA,SA,-35.42835,138.33086
5204,DEEP CREEK,SA,-35.61396,138.18699
5204,DELAMERE,SA,-35.56381,138.21976
5204,HAY FLAT,SA,-35.51131,138.33788
5204,NORMANVILLE,SA,-35.44638,138.32158
5204,RAPID BAY,SA,-35.54529,138.18738
5204,SECOND VALLEY,SA,-35.53678,138.23220
5204,SILVERTON,SA,-35.61073,138.16873
5204,WIRRINA COVE,SA,-35.50672,138.25428
5210,MOUNT COMPASS,SA,-35.35947,138.61978
5210,MOUNT MAGNIFICENT,SA,-35.30464,138.69827
5210,NANGKITA,SA,-35.34269,138.64797
5211,BACK VALLEY,SA,-35.54128,138.49653
5211,CHITON,SA,-35.54128,138.49653
5211,ENCOUNTER BAY,SA,-35.57530,138.59630
5211,HAYBOROUGH,SA,-35.53500,138.64600
5211,HINDMARSH VALLEY,SA,-35.48910,138.62824
5211,INMAN VALLEY,SA,-35.46934,138.45562
5211,LOWER INMAN VALLEY,SA,-35.51399,138.54405
5211,MCCRACKEN,SA,-35.54100,138.63500
5211,MOUNT JAGGED,SA,-35.46971,138.65888
5211,VICTOR HARBOR,SA,-35.55000,138.61667
5211,VICTOR HARBOR CENTRAL,SA,-35.56350,138.60700
5211,WAITPINGA,SA,-35.59965,138.49560
5211,WILLOW CREEK,SA,-35.56802,138.42327
5211,YILKI,SA,-35.54128,138.49653
5212,PORT ELLIOT,SA,-35.52577,138.67708
5213,MIDDLETON,SA,-35.48344,138.70910
5214,CURRENCY CREEK,SA,-35.43734,138.75868
5214,GOOLWA,SA,-35.49803,138.77831
5214,GOOLWA BEACH,SA,-35.51215,138.76182
5214,GOOLWA NORTH,SA,-35.48197,138.80454
5214,GOOLWA SOUTH,SA,-35.51614,138.78007
5214,HINDMARSH ISLAND,SA,-35.51448,138.82182
5214,MOSQUITO HILL,SA,-35.42928,138.68621
5214,MUNDOO ISLAND,SA,-35.54370,138.93180
5220,PARNDANA,SA,-35.78230,137.25600
5221,AMERICAN RIVER,SA,-35.77833,137.77278
5221,BALLAST HEAD,SA,-35.75902,137.76272
5221,MUSTON,SA,-35.81777,137.74253
5222,AMERICAN BEACH,SA,-35.76893,137.88079
5222,ANTECHAMBER BAY,SA,-35.79838,138.06020
5222,BAUDIN BEACH,SA,-35.77760,137.86867
5222,BROWN BEACH,SA,-35.79830,137.84200
5222,BROWNS BEACH,SA,-35.79827,137.84211
5222,CUTTLEFISH BAY,SA,-35.75063,138.04066
5222,DUDLEY EAST,SA,-35.78172,137.91966
5222,DUDLEY WEST,SA,-35.80108,137.85848
5222,HUNGERFORD,SA,-35.76033,137.98390
5222,IRONSTONE,SA,-35.74814,137.97507
5222,ISLAND BEACH,SA,-35.79694,137.79583
5222,KANGAROO HEAD,SA,-35.71833,137.90361
5222,PELICAN LAGOON,SA,-35.83199,137.74842
5222,PENNESHAW,SA,-35.71833,137.94028
5222,PORKY FLAT,SA,-35.83246,137.96379
5222,SAPPHIRETOWN,SA,-35.79101,137.78318
5222,WILLOUGHBY,SA,-35.80759,138.09777
5222,WILLSON RIVER,SA,-35.83298,137.95291
5223,BAY OF SHOALS,SA,-35.60828,137.56192
5223,BIRCHMORE,SA,-35.78063,137.48299
5223,BROWNLOW,SA,-35.66340,137.62300
5223,BROWNLOW KI,SA,-35.67120,137.60900
5223,CAPE BORDA,SA,-35.75427,136.72516
5223,CASSINI,SA,-35.62189,137.21470
5223,CYGNET RIVER,SA,-35.70182,137.51441
5223,D’ESTREES BAY,SA,-35.60828,137.56192
5223,DE MOLE RIVER,SA,-35.73836,136.78742
5223,D'ESTREES BAY,SA,-35.92954,137.59664
5223,DUNCAN,SA,-35.73422,137.12044
5223,EMU BAY,SA,-35.59408,137.54473
5223,FLINDERS CHASE,SA,-35.88045,136.70085
5223,GOSSE,SA,-35.75543,136.91812
5223,HAINES,SA,-35.84085,137.71384
5223,HARRIET RIVER,SA,-35.94796,137.11155
5223,KARATTA,SA,-35.96571,137.00147
5223,KINGSCOTE,SA,-35.65309,137.63397
5223,KOHINOOR,SA,-35.76698,137.46906
5223,MACGILLIVRAY,SA,-35.80699,137.41120
5223,MENZIES,SA,-35.69476,137.41381
5223,MIDDLE RIVER,SA,-35.65969,137.12239
5223,NEPEAN BAY,SA,-35.74202,137.58751
5223,NEWLAND,SA,-35.83634,137.19193
5223,NORTH CAPE,SA,-35.58036,137.59941
5223,SEAL BAY,SA,-35.96164,137.32146
5223,SEDDON,SA,-35.79237,137.34332
5223,STOKES BAY,SA,-35.62942,137.19012
5223,STUN’SAIL BOOM,SA,-35.60828,137.56192
5223,STUN'SAIL BOOM,SA,-35.60828,137.56192
5223,VIVONNE BAY,SA,-35.98352,137.17514
5223,WESTERN RIVER,SA,-35.75962,136.96962
5223,WISANGER,SA,-35.61549,137.45609
5231,CHAIN OF PONDS,SA,-34.82333,138.83167
5231,KERSBROOK,SA,-34.78400,138.85200
5231,MILLBROOK,SA,-34.83507,138.79983
5232,CUDLEE CREEK,SA,-34.85621,138.82968
5233,FORRESTON,SA,-34.80000,138.90000
5233,GUMERACHA,SA,-34.82556,138.88333
5233,KENTON VALLEY,SA,-34.86000,138.89500
5233,WARREN,SA,-34.78408,138.95773
5234,BIRDWOOD,SA,-34.82196,138.97068
5235,CROMER,SA,-34.76545,138.97114
5235,EDEN VALLEY,SA,-34.65464,139.10098
5235,FLAXMAN VALLEY,SA,-34.61875,139.04447
5235,MOUNT PLEASANT,SA,-34.77300,139.05100
5235,SPRINGTON,SA,-34.70800,139.09000
5235,TAUNTON,SA,-34.68707,139.08968
5236,TUNGKILLO,SA,-34.86816,139.06151
5237,APAMURRA,SA,-34.86089,139.20519
5237,MILENDELLA,SA,-34.80119,139.20856
5237,PALMER,SA,-34.85834,139.15280
5237,SANDERSTON,SA,-34.70878,139.23883
5238,ANGAS VALLEY,SA,-34.75459,139.30846
5238,BIG BEND,SA,-34.63395,139.61334
5238,BOLTO,SA,-34.91202,139.31901
5238,BONYTHON,SA,-34.80000,139.20000
5238,BOWHILL,SA,-34.87743,139.74125
5238,CAURNAMONT,SA,-34.88259,139.55624
5238,CLAYPANS,SA,-34.82478,139.71329
5238,COOLCHA,SA,-34.90772,139.58488
5238,COWIRRA,SA,-34.89996,139.34090
5238,FIVE MILES,SA,-34.86540,139.39515
5238,FORSTER,SA,-34.75459,139.30846
5238,FRAHNS,SA,-34.88937,139.36151
5238,FRAYVILLE,SA,-34.86184,139.21676
5238,JULANKA HOLDINGS,SA,-34.87360,139.54518
5238,LAKE CARLET,SA,-34.87313,139.53245
5238,MANNUM,SA,-34.91307,139.30522
5238,NILDOTTIE,SA,-34.66465,139.67896
5238,OLD TEAL FLAT,SA,-34.87152,139.54359
5238,PELLARING FLAT,SA,-34.86220,139.39007
5238,POMPOOTA,SA,-34.99322,139.35639
5238,PONDE,SA,-34.95676,139.33238
5238,PORT MANNUM,SA,-34.92580,139.30316
5238,PUNTHARI,SA,-34.81142,139.30344
5238,PURNONG,SA,-34.78795,139.55826
5238,PURNONG LANDING,SA,-34.78795,139.55826
5238,ROCKY POINT,SA,-34.85427,139.44215
5238,TEAL FLAT,SA,-34.89234,139.56200
5238,WALKER FLAT,SA,-34.76512,139.56858
5238,WALL,SA,-34.96750,139.30000
5238,WONGULLA,SA,-34.70559,139.56364
5238,WOODLANE,SA,-35.00324,139.33233
5238,YOUNGHUSBAND,SA,-34.90153,139.56397
5238,YOUNGHUSBAND HOLDINGS,SA,-34.87480,139.54964
5240,LENSWOOD,SA,-34.91383,138.82465
5241,LOBETHAL,SA,-34.90945,138.86993
5242,BALHANNAH,SA,-34.98938,138.82738
5243,OAKBANK,SA,-34.97463,138.84980
5244,CHARLESTON,SA,-34.91667,138.90000
5244,HARROGATE,SA,-34.94773,139.01198
5244,INVERBRACKIE,SA,-34.96919,138.88560
5244,MOUNT TORRENS,SA,-34.87400,138.95900
5244,WOODSIDE,SA,-34.95029,138.87593
5245,HAHNDORF,SA,-35.02586,138.80932
5245,PAECHTOWN,SA,-35.05644,138.81459
5245,VERDUN,SA,-35.00818,138.79197
5250,BLAKISTON,SA,-35.05000,138.88333
5250,LITTLEHAMPTON,SA,-35.04045,138.86490
5250,TOTNESS,SA,-35.05000,138.83333
5251,BUGLE RANGES,SA,-35.12485,138.85075
5251,MOUNT BARKER,SA,-35.08090,138.86347
5251,MOUNT BARKER JUNCTION,SA,-35.02480,138.86867
5251,MOUNT BARKER SPRINGS,SA,-35.08862,138.91525
5251,MOUNT BARKER SUMMIT,SA,-35.06524,138.92532
5251,WISTOW,SA,-35.11582,138.91241
5252,BRUKUNGA,SA,-35.00150,138.94264
5252,DAWESLEY,SA,-35.04100,138.94100
5252,HAY VALLEY,SA,-35.01030,138.89762
5252,KANMANTOO,SA,-35.06966,139.01040
5252,NAIRNE,SA,-35.02956,138.90792
5252,PETWOOD,SA,-35.00150,138.94264
5252,ST IVES,SA,-35.10835,138.98581
5253,AVOCA DELL,SA,-35.09008,139.31077
5253,BRINKLEY,SA,-35.20183,139.29354
5253,BURDETT,SA,-35.04308,139.43039
5253,CHAPMAN BORE,SA,-35.11539,139.54858
5253,ETTRICK,SA,-34.98978,139.53084
5253,GIFFORD HILL,SA,-35.15405,139.22048
5253,GREENBANKS,SA,-35.05498,139.34850
5253,LONG FLAT,SA,-35.12983,139.30950
5253,MOBILONG,SA,-35.10038,139.27654
5253,MONTEITH,SA,-35.17080,139.32800
5253,MURRAWONG,SA,-35.05391,139.33233
5253,MURRAY BRIDGE,SA,-35.13115,139.26509
5253,MURRAY BRIDGE EAST,SA,-35.12883,139.32979
5253,MURRAY BRIDGE NORTH,SA,-35.09340,139.25869
5253,MURRAY BRIDGE SOUTH,SA,-35.15735,139.27564
5253,NORTHERN HEIGHTS,SA,-35.10342,139.26133
5253,RIVERGLADES,SA,-35.09684,139.30189
5253,RIVERGLEN,SA,-35.16789,139.30696
5253,ROCKY GULLY,SA,-35.10755,139.24815
5253,SUNNYSIDE,SA,-35.04983,139.36785
5253,SWANPORT,SA,-35.15410,139.30696
5253,TOORA,SA,-35.06540,139.30950
5253,WHITE HILL,SA,-35.13883,139.21827
5253,WHITE SANDS,SA,-35.19420,139.30950
5253,WILLOW BANKS,SA,-35.05526,139.34565
5253,WOODS POINT,SA,-35.22131,139.36939
5254,BUCCLEUCH,SA,-35.03807,139.16260
5254,CALLINGTON,SA,-35.11667,139.05000
5254,CALOOTE,SA,-34.95420,139.25768
5254,MONARTO,SA,-35.08014,139.09024
5254,MONARTO SOUTH,SA,-35.21001,139.11134
5254,MONTEITH,SA,-35.17082,139.32804
5254,MURRAY BRIDGE,SA,-35.13115,139.26509
5254,MYPOLONGA,SA,-35.03094,139.31711
5254,PALLAMANA,SA,-35.08437,139.17334
5254,PETWOOD,SA,-35.09482,138.98165
5254,ROCKLEIGH,SA,-34.95115,139.02826
5254,ROCKY GULLY,SA,-35.11400,139.17800
5254,TEPKO,SA,-34.97361,139.20432
5254,THE POINT,SA,-35.22131,139.36939
5254,WALL FLAT,SA,-34.96750,139.30000
5254,WHITE HILL,SA,-35.13880,139.21800
5254,WOODLANE,SA,-35.00320,139.33200
5254,ZADOWS LANDING,SA,-34.96913,139.29492
5255,ANGAS PLAINS,SA,-35.34667,138.98155
5255,BELVIDERE,SA,-35.28741,138.94577
5255,BLETCHLEY,SA,-35.24749,138.98943
5255,FINNISS,SA,-35.40765,138.83031
5255,GEMMELLS,SA,-35.17311,138.90549
5255,HARTLEY,SA,-35.19091,139.00756
5255,HIGHLAND VALLEY,SA,-35.16839,138.91839
5255,LAKE PLAINS,SA,-35.36377,139.03406
5255,LANGHORNE CREEK,SA,-35.29626,139.03828
5255,MOUNT OBSERVATION,SA,-35.35169,138.75429
5255,MULGUNDAWA,SA,-35.29341,139.16734
5255,NALPA,SA,-35.35810,139.30813
5255,RED CREEK,SA,-35.15396,138.96774
5255,SALEM,SA,-35.14906,139.02365
5255,SANDERGROVE,SA,-35.29950,138.86647
5255,STRATHALBYN,SA,-35.25023,138.89789
5255,TOOPERANG,SA,-35.37523,138.71130
5255,WILLYAROO,SA,-35.28098,138.91525
5255,WOODCHESTER,SA,-35.21242,138.93618
5256,CLAYTON,SA,-35.48943,138.91997
5256,CLAYTON BAY,SA,-35.48940,138.92000
5256,MILANG,SA,-35.40651,138.96406
5256,NURRAGI,SA,-35.35291,138.90966
5256,POINT STURT,SA,-35.48154,138.95400
5256,TOLDEROL,SA,-35.37781,139.07950
5259,ASHVILLE,SA,-35.50554,139.37615
5259,EAST WELLINGTON,SA,-35.35809,139.39515
5259,JERVOIS,SA,-35.24497,139.40488
5259,KEPA,SA,-35.16494,139.45541
5259,LAKE ALBERT,SA,-35.61880,139.30000
5259,LAKE ALEXANDRINA,SA,-35.44530,139.08200
5259,MALINONG,SA,-35.51061,139.51568
5259,NARRUNG,SA,-35.59309,139.02902
5259,NATURI,SA,-35.19574,139.58705
5259,POINT MCLEAY,SA,-35.50677,139.13153
5259,POLTALLOCH,SA,-35.48975,139.26719
5259,RAUKKAN,SA,-35.50677,139.13153
5259,TAILEM BEND,SA,-35.25335,139.45611
5259,WELLINGTON,SA,-35.29125,139.38878
5259,WELLINGTON EAST,SA,-35.35809,139.39515
5260,BAYAH,SA,-35.30641,139.50764
5260,ELWOMPLE,SA,-35.29027,139.53755
5260,TAILEM BEND,SA,-35.25335,139.45611
5261,COOKE PLAINS,SA,-35.37809,139.55967
5261,COOMANDOOK,SA,-35.44142,139.77320
5261,CULBURRA,SA,-35.78191,139.92854
5261,KI KI,SA,-35.56756,139.79392
5261,YUMALI,SA,-35.52872,139.74107
5262,BINNUM,SA,-36.79989,140.84805
5262,FRANCES,SA,-36.69893,140.96524
5262,HYNAM,SA,-36.94149,140.86287
5262,KYBYBOLITE,SA,-36.86001,140.90311
5263,COONAWARRA,SA,-37.29422,140.82483
5264,COORONG,SA,-35.94425,139.49836
5264,MENINGIE,SA,-35.68833,139.33778
5264,MENINGIE EAST,SA,-35.64640,139.61645
5264,MENINGIE WEST,SA,-35.64094,139.18543
5264,POLICEMAN POINT,SA,-36.06062,139.57805
5264,SALT CREEK,SA,-36.12431,139.65095
5264,WALTOWA,SA,-35.62997,139.41365
5265,COONALPYN,SA,-35.69587,139.85868
5265,FIELD,SA,-35.85184,139.68751
5266,BUNBURY,SA,-36.16404,139.98016
5266,COLEBATCH,SA,-35.94740,139.74347
5266,DEEPWATER,SA,-36.13424,139.81918
5266,TINTINARA,SA,-35.88175,140.05439
5267,BRIMBAGO,SA,-36.18756,140.48886
5267,COOMBE,SA,-35.96100,140.22557
5267,KEITH,SA,-36.09249,140.34722
5267,LAFFER,SA,-36.18163,140.15221
5267,MAKIN,SA,-35.97866,140.51876
5267,MCCALLUM,SA,-35.97988,140.66641
5267,MOUNT CHARLES,SA,-36.04667,140.09179
5267,PETHERICK,SA,-36.36016,140.14965
5267,SHAUGH,SA,-35.92884,140.85145
5267,SHERWOOD,SA,-36.08289,140.58213
5267,WILLALOOKA,SA,-36.35997,140.34223
5267,WIRREGA,SA,-36.20202,140.58055
5268,BANGHAM,SA,-36.58150,140.88028
5268,BORDERTOWN,SA,-36.31391,140.76663
5268,BORDERTOWN SOUTH,SA,-36.42917,140.68892
5268,CANGARA,SA,-36.42694,140.80403
5268,CANNAWIGARA,SA,-36.27213,140.65247
5268,LOWAN VALE,SA,-36.16381,140.68216
5268,POOGINAGORIC,SA,-36.39357,140.85948
5268,SENIOR,SA,-36.14329,140.84959
5268,WESTERN FLAT,SA,-36.56773,140.70189
5269,CUSTON,SA,-36.46537,140.92911
5269,PINE HILL,SA,-36.31255,140.91249
5269,WOLSELEY,SA,-36.36642,140.90496
5270,BUCKINGHAM,SA,-36.33030,140.63029
5270,CAREW,SA,-36.29310,140.48664
5270,KONGAL,SA,-36.37600,140.46354
5270,MUNDULLA,SA,-36.39286,140.63820
5270,MUNDULLA WEST,SA,-36.41862,140.63522
5270,SWEDE FLAT,SA,-36.46475,140.48307
5271,BOOL LAGOON,SA,-37.15071,140.71214
5271,CADGEE,SA,-36.83987,140.68116
5271,JOANNA,SA,-37.09338,140.86840
5271,KEPPOCH,SA,-36.72093,140.53389
5271,KOPPAMURRA,SA,-37.04951,140.90711
5271,LAURIE PARK,SA,-36.96590,140.85376
5271,LOCHABER,SA,-36.82337,140.52110
5271,MARCOLLAT,SA,-36.61550,140.42948
5271,MOUNT LIGHT,SA,-37.01501,140.77966
5271,MOYHALL,SA,-37.01369,140.67775
5271,NARACOORTE,SA,-36.96021,140.74132
5271,PADTHAWAY,SA,-36.62703,140.43389
5271,SPENCE,SA,-37.04660,140.53200
5271,STEWART RANGE,SA,-36.98901,140.62524
5271,STRUAN,SA,-37.05044,140.79590
5271,THE GAP,SA,-36.70253,140.70630
5271,WILD DOG VALLEY,SA,-36.90755,140.75433
5271,WRATTONBULLY,SA,-37.16248,140.93511
5272,COLES,SA,-37.24974,140.51506
5272,CONMURRA,SA,-37.10919,140.18913
5272,FOX,SA,-37.26580,140.40400
5272,GREENWAYS,SA,-37.23401,140.16516
5272,LUCINDALE,SA,-36.97251,140.36982
5272,WOOLUMBOOL,SA,-36.79167,140.33888
5273,AVENUE RANGE,SA,-36.96871,140.14209
5275,BLACKFORD,SA,-36.77801,140.04595
5275,BOATSWAIN POINT,SA,-37.07039,139.74988
5275,CAPE JAFFA,SA,-36.94415,139.69173
5275,KEILIRA,SA,-36.71205,140.16427
5275,KINGSTON SE,SA,-36.83649,139.85166
5275,MOUNT BENSON,SA,-37.13461,139.79748
5275,PINKS BEACH,SA,-36.86950,139.82018
5275,REEDY CREEK,SA,-36.92766,140.02915
5275,ROSETOWN,SA,-36.82058,139.85601
5275,SANDY GROVE,SA,-36.88181,139.83082
5275,TARATAP,SA,-36.60586,139.95136
5275,TILLEY SWAMP,SA,-36.35254,139.90527
5275,WANGOLINA,SA,-36.95423,139.72689
5275,WEST RANGE,SA,-36.71107,139.87617
5275,WYOMI,SA,-36.85902,139.82786
5276,BRAY,SA,-37.17759,139.92207
5276,NORA CREINA,SA,-37.23820,139.81387
5276,ROBE,SA,-37.17488,139.80292
5277,COMAUM,SA,-37.21060,140.89800
5277,GLENROY,SA,-37.25214,140.79655
5277,MAAOUPE,SA,-37.28313,140.69786
5277,MONBULLA,SA,-37.42179,140.73161
5277,NANGWARRY,SA,-37.54306,140.81611
5277,PENOLA,SA,-37.37852,140.83647
5277,PLEASANT PARK,SA,-37.64013,140.96002
5277,TARPEENA,SA,-37.62575,140.78226
5278,KALANGADOO,SA,-37.56280,140.69592
5278,KRONGART,SA,-37.47979,140.79147
5278,MOERLONG,SA,-37.48299,140.71733
5278,WEPAR,SA,-37.60981,140.71473
5279,KOORINE,SA,-37.61461,140.63681
5279,MOUNT BURR,SA,-37.51916,140.46086
5279,MOUNT MCINTYRE,SA,-37.52462,140.52146
5279,SHORT,SA,-37.35457,140.53736
5279,TRIHI,SA,-37.51060,140.60840
5279,WATTLE RANGE EAST,SA,-37.38944,140.64621
5280,BEACHPORT,SA,-37.48809,140.01327
5280,CANUNDA,SA,-37.66640,140.25500
5280,CLAY WELLS,SA,-37.36921,140.15114
5280,FURNER,SA,-37.46575,140.38610
5280,GERMAN CREEK,SA,-37.82937,140.45952
5280,GERMAN FLAT,SA,-37.75879,140.46362
5280,HATHERLEIGH,SA,-37.50565,140.27758
5280,KANGAROO INN,SA,-37.34285,140.20910
5280,MAGAREY,SA,-37.41708,140.09084
5280,MILLICENT,SA,-37.60502,140.35931
5280,RENDELSHAM,SA,-37.51508,140.20288
5280,ROCKY CAMP,SA,-37.58434,140.40789
5280,SEBASTOPOL,SA,-37.53726,140.38464
5280,SOUTHEND,SA,-37.57045,140.12516
5280,TANTANOOLA,SA,-37.72655,140.43825
5280,THORNLEA,SA,-37.40388,140.17099
5280,WATTLE RANGE,SA,-37.48874,140.26566
5290,MOUNT GAMBIER,SA,-37.82560,140.77124
5290,MOUNT GAMBIER DC,SA,-37.82840,140.78000
5291,ALLENDALE EAST,SA,-37.99357,140.66493
5291,BLACKFELLOWS CAVES,SA,-37.94690,140.46871
5291,BURRUNGULE,SA,-37.84724,140.57386
5291,CANUNDA,SA,-37.95518,140.70918
5291,CAPE DOUGLAS,SA,-38.01465,140.58192
5291,CAROLINE,SA,-37.89721,140.91819
5291,CARPENTER ROCKS,SA,-37.88848,140.42178
5291,CAVETON,SA,-37.95608,140.82185
5291,COMPTON,SA,-37.82632,140.69734
5291,DISMAL SWAMP,SA,-37.71905,140.69241
5291,DONOVANS,SA,-38.00917,140.95833
5291,EIGHT MILE CREEK,SA,-38.03517,140.79767
5291,GERMAN CREEK,SA,-37.82940,140.46000
5291,GLENBURNIE,SA,-37.83595,140.84537
5291,GLENCOE,SA,-37.68333,140.60000
5291,GLENCOE WEST,SA,-37.66919,140.56386
5291,KONGORONG,SA,-37.89996,140.55590
5291,MIL LEL,SA,-37.75520,140.81000
5291,MIL-LEL,SA,-37.75517,140.80955
5291,MINGBOOL,SA,-37.69353,140.83588
5291,MOORAK,SA,-37.85806,140.74960
5291,MOUNT GAMBIER,SA,-37.82842,140.78035
5291,MOUNT GAMBIER EAST,SA,-37.82842,140.78035
5291,MOUNT GAMBIER WEST,SA,-37.82842,140.78035
5291,MOUNT SCHANK,SA,-37.91978,140.73299
5291,NENE VALLEY,SA,-37.98834,140.51769
5291,O B FLAT,SA,-37.90175,140.78817
5291,OB FLAT,SA,-37.90180,140.78800
5291,PELICAN POINT,SA,-37.92476,140.43325
5291,PORT MACDONNELL,SA,-38.05120,140.70311
5291,RACECOURSE BAY,SA,-38.05581,140.75206
5291,SQUARE MILE,SA,-37.87172,140.80201
5291,SUTTONTOWN,SA,-37.80352,140.75970
5291,WANDILO,SA,-37.73791,140.72804
5291,WORROLONG,SA,-37.81523,140.81795
5291,WYE,SA,-37.99312,140.87380
5291,YAHL,SA,-37.87778,140.82889
5301,CARCUMA,SA,-35.57588,140.07034
5301,GERANIUM,SA,-35.38079,140.16066
5301,JABUK,SA,-35.38486,140.07128
5301,MOORLANDS,SA,-35.24864,139.66836
5301,NETHERTON,SA,-35.50907,139.96741
5301,PARRAKIE,SA,-35.38323,140.24199
5301,PEAKE,SA,-35.34506,139.89393
5301,SHERLOCK,SA,-35.32018,139.80983
5301,WILKAWATT,SA,-35.37328,140.36158
5302,LAMEROO,SA,-35.29330,140.47767
5302,NGARKAT,SA,-35.74417,140.80145
5302,SMITHVILLE,SA,-35.23531,140.40451
5303,PARILLA,SA,-35.28499,140.72090
5304,KARTE,SA,-35.09060,140.66500
5304,KRINGIN,SA,-34.91717,140.74193
5304,PEEBINGA,SA,-34.95078,140.83911
5304,PINNAROO,SA,-35.25804,140.90907
5306,WYNARKA,SA,-35.11975,139.73199
5307,KAROONDA,SA,-35.09506,139.88577
5307,KARTE,SA,-35.09056,140.66462
5307,KULKAMI,SA,-35.16789,140.08044
5307,LOWALDIE,SA,-35.05350,139.98741
5307,MARAMA,SA,-35.18401,140.16477
5307,MOOTATUNGA,SA,-34.95078,140.83911
5308,COPEVILLE,SA,-34.79300,139.84700
5308,GALGA,SA,-34.72307,139.92956
5308,KALYAN,SA,-34.77230,139.97771
5308,MAGGEA,SA,-34.47537,140.06544
5308,MANTUNG,SA,-34.60218,140.12603
5308,MERCUNDA,SA,-34.62803,140.04978
5308,PERPONDA,SA,-34.98712,139.81928
5309,BORRIKA,SA,-35.02415,140.05755
5309,HALIDON,SA,-34.87453,140.15975
5309,MINDARIE,SA,-34.76799,140.15241
5309,SANDALWOOD,SA,-34.94553,140.12586
5310,CALIPH,SA,-34.63488,140.26946
5310,WANBI,SA,-34.76708,140.30610
5311,ALAWOONA,SA,-34.74969,140.40678
5311,BILLIATT,SA,-34.99106,140.47247
5311,BUGLE HUT,SA,-34.48822,140.73992
5311,MAGGEA,SA,-34.47540,140.06500
5311,MALPAS,SA,-34.71839,140.62368
5311,MERIBAH,SA,-34.70816,140.84742
5311,PARUNA,SA,-34.71723,140.74313
5311,SCHELL WELL,SA,-34.83313,140.46305
5311,TALDRA,SA,-34.39003,140.87176
5311,TAPLAN,SA,-34.54370,140.88200
5311,VEITCH,SA,-34.65920,140.51100
5311,WOODLEIGH,SA,-34.49079,140.67611
5311,WUNKAR,SA,-34.42671,140.36189
5320,BEATTY,SA,-34.01813,139.44165
5320,BEAUMONTS,SA,-34.04463,139.67774
5320,BRENDA PARK,SA,-34.07449,139.68539
5320,BUNDEY,SA,-33.88106,139.27507
5320,EBA,SA,-34.05307,139.56987
5320,LINDLEY,SA,-33.88619,139.61370
5320,MAUDE,SA,-33.90791,139.47238
5320,MORGAN,SA,-34.03333,139.66667
5320,MORPHETTS FLAT,SA,-34.05282,139.68667
5320,MURBKO,SA,-34.09922,139.67883
5320,NORTH WEST BEND,SA,-34.03881,139.67506
5320,STUART,SA,-34.04240,139.80573
5320,WESTONS FLAT,SA,-33.91220,139.90200
5320,WOMBATS REST,SA,-34.11695,139.67104
5321,CADELL,SA,-34.05902,139.77895
5321,CADELL LAGOON,SA,-34.03464,139.75403
5322,GOLDEN HEIGHTS,SA,-34.19969,139.93156
5322,QUALCO,SA,-34.10563,139.87402
5322,RAMCO,SA,-34.17194,139.91806
5322,RAMCO HEIGHTS,SA,-34.17572,139.92349
5322,SUNLANDS,SA,-34.15691,139.89420
5330,BOOLGUN,SA,-34.39132,140.07368
5330,DEVLINS POUND,SA,-34.11156,140.17931
5330,GOOD HOPE LANDING,SA,-34.16355,140.17545
5330,HAWKS NEST STATION,SA,-34.05560,140.43700
5330,HOLDER,SA,-34.17028,140.02390
5330,HOLDER SIDING,SA,-34.32440,140.05685
5330,KANNI,SA,-34.23983,140.01104
5330,LOWBANK,SA,-34.18227,140.05471
5330,MARKARANKA,SA,-34.06661,139.92961
5330,OVERLAND CORNER,SA,-34.15377,140.33157
5330,POOGINOOK,SA,-34.17105,140.06749
5330,STOCKYARD PLAIN,SA,-34.25660,139.80898
5330,TAYLORVILLE,SA,-34.14470,139.93087
5330,TAYLORVILLE STATION,SA,-33.92430,140.18900
5330,WAIKERIE,SA,-34.18470,139.98269
5330,WIGLEY FLAT,SA,-34.17960,140.23000
5330,WOOLPUNDA,SA,-34.24718,140.20010
5331,KINGSTON ON MURRAY,SA,-34.22313,140.31722
5331,KINGSTON-ON-MURRAY,SA,-34.22310,140.31700
5332,MOOROOK,SA,-34.32715,140.35437
5332,MOOROOK SOUTH,SA,-34.32715,140.35437
5332,WAPPILKA,SA,-34.39318,140.29743
5332,YINKANIE,SA,-34.34009,140.27478
5333,BOOKPURNONG,SA,-34.34756,140.60062
5333,LOXTON,SA,-34.45493,140.56933
5333,LOXTON NORTH,SA,-34.41599,140.62091
5333,NANGARI,SA,-34.49808,140.86549
5333,NEW RESIDENCE,SA,-34.38236,140.40998
5333,NOORA,SA,-34.51709,140.47217
5333,PATA,SA,-34.52198,140.60904
5333,PYAP,SA,-34.42628,140.48472
5333,PYAP WEST,SA,-34.55606,140.41238
5333,TAPLAN,SA,-34.54373,140.88157
5340,MUNDIC CREEK,SA,-34.22195,140.81050
5340,MURTHO,SA,-34.18263,140.81166
5340,PARINGA,SA,-34.17616,140.78451
5340,PIKE RIVER,SA,-34.28407,140.82140
5340,WONUARRA,SA,-34.23791,140.83750
5340,YAMBA,SA,-34.28950,140.89000
5341,CALPERUM,SA,-33.79398,140.57457
5341,CALPERUM STATION,SA,-33.79400,140.57500
5341,CHAFFEY,SA,-34.08097,140.69920
5341,CHOWILLA,SA,-33.74670,140.87300
5341,COOLTONG,SA,-34.10447,140.67516
5341,CRESCENT,SA,-34.20441,140.74686
5341,OLD CALPERUM,SA,-34.18770,140.67900
5341,RENMARK,SA,-34.17427,140.74429
5341,RENMARK NORTH,SA,-34.13726,140.73356
5341,RENMARK SOUTH,SA,-34.22042,140.73656
5341,RENMARK WEST,SA,-34.18491,140.71684
5341,YAMBA,SA,-34.28951,140.89049
5342,MONASH,SA,-34.20033,140.57569
5343,BERRI,SA,-34.27705,140.60773
5343,GERARD,SA,-34.35316,140.49850
5343,GURRA GURRA,SA,-34.29774,140.62962
5343,KATARAPKO,SA,-34.40374,140.54193
5343,LYRUP,SA,-34.25589,140.65117
5343,WINKIE,SA,-34.31660,140.52747
5344,GLOSSOP,SA,-34.27301,140.54462
5345,BARMERA,SA,-34.25270,140.46488
5345,LOVEDAY,SA,-34.27683,140.41628
5345,SPECTACLE LAKE,SA,-34.34540,140.44473
5346,COBDOGLA,SA,-34.23746,140.41531
5350,ROSEDALE,SA,-34.55205,138.84771
5350,SANDY CREEK,SA,-34.59586,138.83298
5351,ALTONA,SA,-34.60136,138.91525
5351,BAROSSA GOLDFIELDS,SA,-34.65648,138.82465
5351,COCKATOO VALLEY,SA,-34.63200,138.83500
5351,LYNDOCH,SA,-34.60378,138.88634
5351,MOUNT CRAWFORD,SA,-34.71869,138.97919
5351,PEWSEY VALE,SA,-34.64011,138.98423
5351,WILLIAMSTOWN,SA,-34.67078,138.88826
5352,BETHANY,SA,-34.54707,138.98581
5352,GOMERSAL,SA,-34.53320,138.90989
5352,KRONDORF,SA,-34.56613,138.98801
5352,ROWLAND FLAT,SA,-34.57315,138.94423
5352,STONE WELL,SA,-34.49786,138.95556
5352,TANUNDA,SA,-34.52008,138.96269
5352,VINE VALE,SA,-34.51962,139.00346
5353,ANGASTON,SA,-34.50352,139.05055
5353,BLACK HILL,SA,-34.69197,139.44436
5353,CAMBRAI,SA,-34.66386,139.32123
5353,KEYNETON,SA,-34.58142,139.17650
5353,KONGOLIA,SA,-34.65119,139.36317
5353,LANGS LANDING,SA,-34.58770,139.59000
5353,MOCULTA,SA,-34.46900,139.11600
5353,MOUNT MCKENZIE,SA,-34.56569,139.09434
5353,PENRICE,SA,-34.48823,139.04906
5353,PUNYELROO,SA,-34.60440,139.60200
5353,SEDAN,SA,-34.58478,139.30284
5353,SUNNYDALE,SA,-34.64870,139.63700
5353,TOWITTA,SA,-34.53389,139.24281
5354,BAKARA,SA,-34.57485,139.84707
5354,BAKARA WELL,SA,-34.57485,139.84707
5354,FISHER,SA,-34.48885,139.54447
5354,MARKS LANDING,SA,-34.57791,139.58720
5354,NAIDIA,SA,-34.50729,139.83316
5354,PUNYELROO,SA,-34.60444,139.60167
5354,SWAN REACH,SA,-34.56778,139.59972
5355,DAVEYSTON,SA,-34.47340,138.87652
5355,EBENEZER,SA,-34.41051,139.02320
5355,LIGHT PASS,SA,-34.47110,139.02617
5355,MARANANGA,SA,-34.48372,138.93729
5355,MOPPA,SA,-34.40448,138.92815
5355,NURIOOTPA,SA,-34.46661,138.99166
5355,SEPPELTSFIELD,SA,-34.49744,138.91011
5355,STOCKWELL,SA,-34.43400,139.05300
5356,ANNADALE,SA,-34.39762,139.36854
5356,DUTTON,SA,-34.36146,139.14717
5356,DUTTON EAST,SA,-34.35020,139.24982
5356,SANDLETON,SA,-34.46279,139.39420
5356,ST KITTS,SA,-34.33742,139.08866
5356,STEINFELD,SA,-34.38845,139.27939
5356,TRURO,SA,-34.41052,139.13004
5357,BLANCHETOWN,SA,-34.35739,139.61939
5357,MCBEAN POUND,SA,-34.28755,139.62736
5357,MOORUNDIE,SA,-34.47673,139.50941
5357,NEW WELL,SA,-34.37342,139.90412
5357,NOTTS WELL,SA,-34.42132,139.77828
5357,PAISLEY,SA,-34.34162,139.62071
5357,WIGLEY FLAT,SA,-34.17960,140.23046
5360,GREENOCK,SA,-34.45778,138.92750
5360,NAIN,SA,-34.44471,138.91361
5371,MORN HILL,SA,-34.41538,138.75607
5371,ROSEWORTHY,SA,-34.53400,138.74800
5371,SHEA-OAK LOG,SA,-34.48877,138.81931
5371,TEMPLERS,SA,-34.47275,138.75170
5372,FREELING,SA,-34.43789,138.81962
5373,ALLENDALE NORTH,SA,-34.27878,138.91304
5373,BAGOT WELL,SA,-34.31835,138.98928
5373,BETHEL,SA,-34.34210,138.82874
5373,FORDS,SA,-34.39312,138.86710
5373,HAMILTON,SA,-34.24689,138.89856
5373,KAPUNDA,SA,-34.33852,138.91403
5373,KOONUNGA,SA,-34.39437,138.99432
5373,ST JOHNS,SA,-34.37421,138.95026
5374,AUSTRALIA PLAINS,SA,-34.08642,139.17035
5374,BOWER,SA,-34.07057,139.23031
5374,BROWNLOW,SA,-34.16225,139.41642
5374,BUCHANAN,SA,-34.21166,139.00167
5374,EUDUNDA,SA,-34.16667,139.08333
5374,FRANKTON,SA,-34.31253,139.21704
5374,HAMPDEN,SA,-34.15520,139.02907
5374,HANSBOROUGH,SA,-34.26039,139.09213
5374,JULIA,SA,-34.12446,139.00792
5374,MOUNT MARY,SA,-34.09775,139.45508
5374,NEALES FLAT,SA,-34.22588,139.18770
5374,NGAPALA,SA,-34.05702,138.99264
5374,PEEP HILL,SA,-34.15126,139.16159
5374,POINT PASS,SA,-34.08360,139.07193
5374,SUTHERLANDS,SA,-34.15649,139.22438
5381,BRADY CREEK,SA,-33.97693,139.01956
5381,BRIGHT,SA,-33.90168,139.13292
5381,EMU DOWNS,SA,-33.89174,138.99658
5381,GERANIUM PLAINS,SA,-33.97708,139.21540
5381,HALLELUJA HILLS,SA,-33.87830,139.05400
5381,HALLELUJAH HILLS,SA,-33.87830,139.05407
5381,ROBERTSTOWN,SA,-33.98977,139.08114
5381,ROCKY PLAIN,SA,-34.02266,139.15261
5381,WORLDS END,SA,-33.80159,139.10002
5381,WORLDS END CREEK,SA,-33.83078,139.05970
5400,MAGDALA,SA,-34.41340,138.71300
5400,PINKERTON PLAINS,SA,-34.41312,138.62824
5400,WASLEYS,SA,-34.47807,138.68621
5400,WOOLSHEDS,SA,-34.49328,138.63365
5401,ALMA,SA,-34.24551,138.62479
5401,HAMLEY BRIDGE,SA,-34.37125,138.66301
5401,SALTER SPRINGS,SA,-34.18603,138.61590
5410,LINWOOD,SA,-34.39124,138.72790
5410,STOCKPORT,SA,-34.33333,138.73333
5411,GILES CORNER,SA,-34.22176,138.71681
5411,TARLEE,SA,-34.26788,138.76842
5412,NAVAN,SA,-34.14655,138.73922
5412,RHYNIE,SA,-34.14102,138.68599
5412,RIVERTON,SA,-34.16570,138.76496
5412,WOOLSHED FLAT,SA,-34.11866,138.64205
5413,APOINGA,SA,-33.92873,138.93949
5413,BLACK SPRINGS,SA,-33.92302,138.87654
5413,MARRABEL,SA,-34.13846,138.87630
5413,SADDLEWORTH,SA,-34.08333,138.78333
5413,STEELTON,SA,-34.05995,138.88308
5413,TARNMA,SA,-34.16426,138.94227
5413,TOTHILL BELT,SA,-34.00639,138.93721
5413,TOTHILL CREEK,SA,-34.08092,138.92079
5413,WATERLOO,SA,-33.99494,138.88094
5414,MANOORA,SA,-33.99414,138.81962
5415,MINTARO,SA,-33.92792,138.74707
5415,STANLEY,SA,-33.88549,138.73194
5416,FARRELL FLAT,SA,-33.82704,138.81774
5416,PORTER LAGOON,SA,-33.82344,138.87719
5417,BALAH,SA,-33.66490,139.84800
5417,BALDINA,SA,-33.66801,139.08490
5417,BOOBOROWIE,SA,-33.52896,138.74036
5417,BUNYUNG,SA,-33.82000,139.79900
5417,BURRA,SA,-33.68003,138.93634
5417,BURRA EASTERN DISTRICTS,SA,-33.63733,139.24686
5417,CANEGRASS,SA,-33.52670,140.10700
5417,DANGGALI,SA,-33.32370,140.75500
5417,FARAWAY HILL,SA,-33.14530,139.69500
5417,GLUEPOT,SA,-33.75350,140.16100
5417,GUM CREEK,SA,-33.71286,138.76551
5417,HANSON,SA,-33.74633,138.82119
5417,KOONOONA,SA,-33.83141,138.92877
5417,LEIGHTON,SA,-33.65477,138.73698
5417,MONGOLATA,SA,-33.57334,139.09721
5417,NORTH BOOBOROWIE,SA,-33.49988,138.80410
5417,OAKVALE STATION,SA,-32.95290,140.82900
5417,OLD KOOMOOLOO,SA,-33.52720,139.79500
5417,PARCOOLA,SA,-33.64770,140.08900
5417,PINE VALLEY STATION,SA,-33.33310,140.32000
5417,QUONDONG,SA,-33.04030,140.40600
5417,STURT VALE,SA,-33.27120,139.92400
5417,WARNES,SA,-33.40660,139.50500
5418,COLLINSVILLE,SA,-33.40015,139.21938
5418,MOUNT BRYAN,SA,-33.54049,138.88344
5419,CANOWIE,SA,-33.35228,138.75362
5419,HALLETT,SA,-33.37534,138.84579
5419,MOUNT BRYAN EAST,SA,-33.41957,138.99346
5419,PINE CREEK,SA,-33.28286,139.26409
5419,ULOOLOO,SA,-33.31393,138.93705
5419,WILLALO,SA,-33.47693,138.73389
5419,WONNA,SA,-33.25603,139.06736
5420,CANOWIE BELT,SA,-33.17794,138.78022
5420,WHYTE YARCOWIE,SA,-33.27260,138.83589
5421,FRANKLYN,SA,-33.14533,139.10539
5421,TEROWIE,SA,-33.14311,138.97336
5422,CAVENAGH,SA,-32.66603,139.05960
5422,DAWSON,SA,-32.80713,138.98869
5422,ERSKINE,SA,-32.68639,138.83605
5422,HARDY,SA,-32.99385,139.26785
5422,MANNANARIE,SA,-33.08141,138.67783
5422,MINVALARA,SA,-32.92598,138.78687
5422,OODLA WIRRA,SA,-32.88477,139.05898
5422,PARATOO,SA,-32.66914,139.22742
5422,PARNAROO,SA,-32.99428,139.10402
5422,PETERBOROUGH,SA,-32.97421,138.83436
5422,SUNNYBRAE,SA,-32.96887,138.73485
5422,UCOLTA,SA,-32.94885,138.92548
5422,WAROONEE,SA,-32.50390,139.22700
5422,YATINA,SA,-32.91444,138.66247
5431,AMYTON,SA,-32.60534,138.35130
5431,BLACK ROCK,SA,-32.85221,138.67396
5431,COOMOOROO,SA,-32.65039,138.50361
5431,EURELIA,SA,-32.52653,138.55077
5431,HAMMOND,SA,-32.52066,138.31572
5431,JOHNBURG,SA,-32.47460,138.66300
5431,JOHNBURGH,SA,-32.47460,138.66291
5431,MINBURRA,SA,-32.54405,138.74975
5431,MINBURRA PLAIN,SA,-32.50450,138.99600
5431,MINBURRA STATION,SA,-32.28700,139.02300
5431,MORCHARD,SA,-32.72024,138.49298
5431,NORTH HILLS,SA,-32.38340,138.84500
5431,ORROROO,SA,-32.67431,138.63231
5431,PEKINA,SA,-32.77305,138.55781
5431,TARCOWIE,SA,-32.95877,138.44406
5431,WALLAWAY,SA,-32.63590,138.58800
5431,WALLOWAY,SA,-32.63593,138.58764
5431,WILLOWIE,SA,-32.69283,138.35408
5431,YALPARA,SA,-32.49974,138.82452
5432,BARATTA,SA,-31.95110,139.19500
5432,BELTON,SA,-32.24770,138.62922
5432,BIBLIANDO,SA,-31.86520,139.10000
5432,CARRIETON,SA,-32.42749,138.52343
5432,CRADOCK,SA,-32.07243,138.49604
5432,HOLOWILIENA,SA,-31.90640,138.91700
5432,HOLOWILIENA SOUTH,SA,-32.01470,138.89400
5432,MOOCKRA,SA,-32.46240,138.41917
5432,THREE CREEKS,SA,-32.00710,138.77000
5432,WILCOWIE,SA,-32.10120,138.80200
5432,WILLIPPA,SA,-31.73730,139.11800
5432,WITCHITIE,SA,-32.15820,138.96500
5432,YANYARRIE,SA,-32.32423,138.54787
5433,BRUCE,SA,-32.46042,138.19817
5433,QUORN,SA,-32.34354,138.03792
5433,SALTIA,SA,-32.48419,137.95136
5433,STEPHENSTON,SA,-32.36781,138.23040
5433,WILLOCHRA,SA,-32.21321,138.21488
5433,YARRAH,SA,-32.15942,137.96853
5434,BARNDIOOTA,SA,-31.80663,138.26296
5434,BLACK HILL STATION,SA,-31.80130,138.83200
5434,FLINDERS RANGES,SA,-31.49330,138.49000
5434,HAWKER,SA,-31.88835,138.42462
5434,KANYAKA,SA,-32.06232,138.27922
5434,MOUNT HAVELOCK,SA,-31.67830,138.75000
5434,PRELINNA,SA,-31.64550,138.73100
5434,SHAGGY RIDGE,SA,-31.79770,138.74700
5434,UPALINNA,SA,-31.57510,138.89200
5434,WILLOW SPRINGS,SA,-31.47220,138.88400
5434,WORUMBA,SA,-31.88230,138.70200
5440,ABMINGA STATION,SA,-32.21650,140.31700
5440,BENDA,SA,-32.65330,140.11200
5440,BILLEROO WEST,SA,-32.21650,140.31700
5440,BIMBOWRIE,SA,-32.02690,140.23300
5440,BINDARRAH,SA,-32.09860,140.67300
5440,BOOLCOOMATTA,SA,-31.92300,140.59800
5440,BULLOO CREEK,SA,-32.13410,140.48500
5440,COCKBURN,SA,-32.07851,140.99486
5440,CURNAMONA,SA,-31.67380,139.58800
5440,DEVONBOROUGH DOWNS,SA,-32.60360,140.39200
5440,ERUDINA,SA,-31.38610,139.53000
5440,FLORINA STATION,SA,-32.35730,139.90700
5440,FROME DOWNS,SA,-30.61390,140.15600
5440,GRAMPUS,SA,-32.80640,139.53000
5440,KALABITY,SA,-31.72380,140.05400
5440,KALKAROO,SA,-31.77680,140.56100
5440,KOONAMORE,SA,-32.10280,139.37300
5440,LAKE FROME,SA,-30.69660,139.81400
5440,MANNA HILL,SA,-32.43147,139.97922
5440,MANUNDA STATION,SA,-32.87420,139.84100
5440,MARTINS WELL,SA,-31.46910,139.21900
5440,MELTON STATION,SA,-32.32000,139.37000
5440,MINGARY,SA,-32.12835,140.73921
5440,MOOLEULOOLOO,SA,-31.63050,140.33300
5440,MOUNT VICTOR STATION,SA,-32.06540,139.70300
5440,MULYUNGARIE,SA,-31.42590,140.65500
5440,MUNDI MUNDI,SA,-31.74280,140.95200
5440,MUTOOROO,SA,-32.71070,140.56600
5440,NACKARA,SA,-32.80058,139.23947
5440,NETLEY GAP,SA,-32.75840,140.01500
5440,OLARY,SA,-32.27935,140.30362
5440,OULNINA,SA,-32.34800,140.29600
5440,OULNINA PARK,SA,-32.60240,139.86200
5440,OUTALPA,SA,-32.21660,140.14700
5440,PINE CREEK STATION,SA,-32.17640,140.95200
5440,PLUMBAGO,SA,-32.00070,139.89600
5440,PUALCO RANGE,SA,-32.96900,139.61200
5440,QUINYAMBIE,SA,-30.30860,140.65700
5440,TEPCO STATION,SA,-32.29180,140.77700
5440,TIKALINA,SA,-32.25940,140.62700
5440,WADNAMINGA,SA,-32.54410,140.28600
5440,WAUKARINGA,SA,-32.28614,139.44438
5440,WEEKEROO,SA,-32.21650,139.96800
5440,WIAWERA,SA,-32.29280,140.40300
5440,WINNININNIE,SA,-32.45650,139.76900
5440,WOMPINIE,SA,-31.96980,140.80900
5440,YARRAMBA,SA,-31.58300,140.58000
5440,YUNTA,SA,-32.58226,139.56124
5451,AUBURN,SA,-34.02722,138.68556
5451,UNDALYA,SA,-34.07359,138.69323
5452,LEASINGHAM,SA,-33.98004,138.63367
5452,WATERVALE,SA,-33.96359,138.64421
5453,ARMAGH,SA,-33.83530,138.57220
5453,BARINIA,SA,-33.77193,138.59849
5453,BENBOURNIE,SA,-33.80630,138.55218
5453,BOCONNOC PARK,SA,-33.86276,138.55374
5453,CLARE,SA,-33.83980,138.61275
5453,EMU FLAT,SA,-33.85727,138.57783
5453,GILLENTOWN,SA,-33.87803,138.61383
5453,HILL RIVER,SA,-33.81538,138.64383
5453,HOYLETON,SA,-33.99895,138.53279
5453,KYBUNGA,SA,-33.88634,138.55056
5453,PENWORTHAM,SA,-33.92298,138.64540
5453,POLISH HILL RIVER,SA,-33.88500,138.67194
5453,SEVENHILL,SA,-33.88613,138.62730
5453,SPRING FARM,SA,-33.84515,138.63074
5453,SPRING GULLY,SA,-33.88434,138.58816
5453,STANLEY FLAT,SA,-33.78565,138.59951
5454,ANDREWS,SA,-33.63896,138.60719
5454,BROUGHTON RIVER VALLEY,SA,-33.55596,138.56309
5454,EUROMINA,SA,-33.62464,138.57310
5454,HACKLINS CORNER,SA,-33.43338,138.67285
5454,MAYFIELD,SA,-33.63896,138.60719
5454,SPALDING,SA,-33.50178,138.60898
5454,WASHPOOL,SA,-33.35310,138.58985
5455,HILLTOWN,SA,-33.70642,138.65894
5460,BARABBA,SA,-34.38367,138.59786
5460,OWEN,SA,-34.27154,138.54780
5460,PINERY,SA,-34.29996,138.43487
5460,STOCKYARD CREEK,SA,-34.30608,138.60446
5461,BALAKLAVA,SA,-34.14642,138.41871
5461,BOWILLIA,SA,-33.95196,138.38603
5461,DALKEY,SA,-34.18734,138.42608
5461,ERITH,SA,-34.23311,138.39915
5461,EVERARD CENTRAL,SA,-33.87271,138.32806
5461,GOYDER,SA,-34.08168,138.26983
5461,HALBURY,SA,-34.08277,138.52333
5461,HOSKIN CORNER,SA,-34.20513,138.46147
5461,MOUNT TEMPLETON,SA,-34.02105,138.32935
5461,SAINTS,SA,-34.15432,138.34054
5461,STOW,SA,-34.00474,138.41383
5461,WATCHMAN,SA,-34.05961,138.43054
5461,WHITWARTA,SA,-34.10000,138.33333
5462,BLYTH,SA,-33.84701,138.45874
5464,ANAMA,SA,-33.68676,138.56545
5464,BRINKWORTH,SA,-33.68879,138.40350
5464,BUNGAREE,SA,-33.71694,138.55338
5464,CONDOWIE,SA,-33.84744,138.36483
5464,HART,SA,-33.75810,138.47529
5464,KOOLUNGA,SA,-33.56715,138.29259
5464,MAROLA,SA,-33.66414,138.52966
5464,ROCHESTER,SA,-33.68676,138.56545
5470,YACKA,SA,-33.56702,138.49872
5471,GULNARE,SA,-33.47651,138.45874
5472,GEORGETOWN,SA,-33.38598,138.41878
5473,GLADSTONE,SA,-33.26982,138.35236
5480,APPILA,SA,-33.03645,138.44032
5480,LAURA,SA,-33.18333,138.30000
5480,STONE HUT,SA,-33.12727,138.29885
5481,BANGOR,SA,-32.95006,138.15995
5481,MURRAY TOWN,SA,-32.93199,138.24013
5481,WIRRABARA,SA,-33.03100,138.26800
5481,WONGYARRA,SA,-32.94713,138.21914
5482,BOOLEROO CENTRE,SA,-32.85933,138.35891
5482,WEPOWIE,SA,-32.83043,138.48291
5483,MELROSE,SA,-32.80513,138.17967
5485,WILMINGTON,SA,-32.61320,138.12006
5490,CALTOWIE,SA,-33.19755,138.47029
5490,CALTOWIE NORTH,SA,-33.11839,138.48252
5490,CALTOWIE WEST,SA,-33.13107,138.38929
5491,BELALIE EAST,SA,-33.22162,138.71737
5491,BELALIE NORTH,SA,-33.11891,138.69641
5491,BUNDALEER GARDENS,SA,-33.33183,138.54320
5491,BUNDALEER NORTH,SA,-33.25288,138.57701
5491,HORNSDALE,SA,-33.07898,138.48274
5491,JAMESTOWN,SA,-33.20528,138.60194
5491,WEST BUNDALEER,SA,-33.28280,138.45700
5493,YONGALA,SA,-33.02863,138.74425
5495,BAROOTA,SA,-32.89894,138.01625
5495,GERMEIN BAY,SA,-33.13371,138.06620
5495,MAMBRAY CREEK,SA,-32.83513,137.99942
5495,NECTAR BROOK,SA,-32.71089,137.99916
5495,PORT FLINDERS,SA,-33.10219,138.03448
5495,PORT GERMEIN,SA,-33.02200,138.00164
5495,WEEROONA ISLAND,SA,-33.10220,138.03400
5501,AVON,SA,-34.28518,138.37294
5501,CALOMBA,SA,-34.39025,138.42409
5501,DUBLIN,SA,-34.47044,138.42805
5501,LEWISTON,SA,-34.60444,138.59139
5501,LONG PLAINS,SA,-34.35526,138.38140
5501,LOWER LIGHT,SA,-34.54754,138.45593
5501,MIDDLE BEACH,SA,-34.57952,138.48211
5501,PARHAM,SA,-34.42446,138.25677
5501,PORT GAWLER,SA,-34.64540,138.47807
5501,THOMPSON BEACH,SA,-34.48589,138.28042
5501,TWO WELLS,SA,-34.58333,138.51667
5501,WEBB BEACH,SA,-34.44550,138.26051
5501,WILD HORSE PLAINS,SA,-34.34552,138.30501
5501,WINDSOR,SA,-34.39637,138.31947
5502,FISCHER,SA,-34.50050,138.62385
5502,GRACE PLAINS,SA,-34.36255,138.50810
5502,KORUNYE,SA,-34.55006,138.49185
5502,MALLALA,SA,-34.43847,138.50519
5502,REDBANKS,SA,-34.49710,138.55100
5502,REEVES PLAINS,SA,-34.52376,138.61205
5510,LOCHIEL,SA,-33.93698,138.13992
5520,BARUNGA GAP,SA,-33.82739,138.13915
5520,BUMBUNGA,SA,-33.90888,138.23302
5520,BURNSFIELD,SA,-33.67871,138.25539
5520,GLEESON HILL,SA,-33.81646,138.25861
5520,SNOWTOWN,SA,-33.78308,138.21582
5520,WOKURNA,SA,-33.70920,138.04203
5521,REDHILL,SA,-33.52677,138.21945
5522,FISHERMAN BAY,SA,-33.55465,137.94298
5522,LOWER BROUGHTON,SA,-33.34839,138.05661
5522,PORT BROUGHTON,SA,-33.58333,137.93556
5522,WARD HILL,SA,-33.68805,137.87182
5523,BEETALOO VALLEY,SA,-33.21300,138.21000
5523,CLEMENTS GAP,SA,-33.47917,138.06385
5523,CRYSTAL BROOK,SA,-33.38899,138.19956
5523,HUDDLESTON,SA,-33.21300,138.21000
5523,MERRITON,SA,-33.40699,138.15148
5523,NARRIDY,SA,-33.45363,138.32681
5523,NUROM,SA,-33.29348,138.12646
5523,WANDEARAH,SA,-33.39315,137.97416
5523,WANDEARAH EAST,SA,-33.45931,138.08779
5523,WANDEARAH WEST,SA,-33.39320,137.97400
5540,BUNGAMA,SA,-33.19326,138.06082
5540,COONAMIA,SA,-33.19135,138.04563
5540,LOWER BROUGHTON,SA,-33.34840,138.05700
5540,NAPPERBY,SA,-33.16864,138.11789
5540,NELSHABY,SA,-33.11570,138.10827
5540,PIRIE EAST,SA,-33.26236,138.02954
5540,PORT DAVIS,SA,-33.23888,137.87941
5540,PORT PIRIE,SA,-33.17083,138.00886
5540,PORT PIRIE SOUTH,SA,-33.21097,138.02580
5540,PORT PIRIE WEST,SA,-33.17887,137.99814
5540,RISDON PARK,SA,-33.21250,137.99515
5540,RISDON PARK SOUTH,SA,-33.21250,137.99515
5540,SOLOMONTOWN,SA,-33.18393,138.03324
5540,TELOWIE,SA,-33.05413,138.10408
5540,WARNERTOWN,SA,-33.22516,138.10703
5550,BEAUFORT,SA,-34.10732,138.18930
5550,BOWMANS,SA,-34.16112,138.30260
5550,INKERMAN,SA,-34.28133,138.26013
5550,KALLORA,SA,-34.21470,138.31591
5550,NANTAWARRA,SA,-34.00698,138.23033
5550,PORT WAKEFIELD,SA,-34.18333,138.15000
5550,PROOF RANGE,SA,-34.27256,138.20298
5550,SOUTH HUMMOCKS,SA,-34.01637,138.11224
5552,KAINTON,SA,-34.11320,137.90177
5552,KULPARA,SA,-34.04160,137.98900
5552,MELTON,SA,-34.08990,137.99500
5552,PASKEVILLE,SA,-34.04222,137.89771
5552,PORT ARTHUR,SA,-34.11730,138.08000
5552,SUNNYVALE,SA,-34.14979,137.84516
5552,THRINGTON,SA,-34.00975,137.80600
5554,BOORS PLAIN,SA,-34.05857,137.63937
5554,CUNLIFFE,SA,-34.04090,137.73031
5554,JERICHO,SA,-33.96540,137.68367
5554,JERUSALEM,SA,-33.97620,137.71199
5554,KADINA,SA,-33.96326,137.71486
5554,MATTA FLAT,SA,-33.97329,137.70645
5554,NEW TOWN,SA,-33.95414,137.69229
5554,THOMAS PLAIN,SA,-33.94537,137.92453
5554,THOMAS PLAINS,SA,-33.96530,137.79900
5554,WALLAROO MINES,SA,-33.96996,137.69721
5554,WILLAMULKA,SA,-33.90602,137.78854
5555,ALFORD,SA,-33.81002,137.84427
5555,COLLINSFIELD,SA,-33.60466,138.21663
5555,DOWLING,SA,-33.81002,137.84427
5555,DOWLINGVILLE,SA,-34.29940,137.95500
5555,HOPE GAP,SA,-33.65587,138.20039
5555,KULPARA,SA,-34.04163,137.98870
5555,LAKE VIEW,SA,-33.64274,138.26201
5555,MELTON,SA,-34.08993,137.99539
5555,MUNDOORA,SA,-33.56948,138.10349
5555,TICKERA,SA,-33.77869,137.71584
5555,WINULTA,SA,-34.26963,137.95250
5556,NORTH BEACH,SA,-33.90172,137.63322
5556,WALLAROO,SA,-33.93108,137.63333
5556,WALLAROO PLAIN,SA,-33.82860,137.64810
5556,WARBURTO,SA,-33.98786,137.63721
5558,AGERY,SA,-34.15096,137.66774
5558,CROSS ROADS,SA,-34.05885,137.61231
5558,EAST MOONTA,SA,-34.08194,137.62092
5558,HAMLEY,SA,-34.08338,137.60002
5558,KOOROONA,SA,-34.08773,137.59141
5558,MOONTA,SA,-34.06921,137.58510
5558,MOONTA BAY,SA,-34.05000,137.56667
5558,MOONTA MINES,SA,-34.07902,137.60862
5558,NALYAPPA,SA,-34.19944,137.56833
5558,NORTH MOONTA,SA,-34.05447,137.59387
5558,NORTH YELTA,SA,-34.06164,137.63141
5558,PARAMATTA,SA,-34.04618,137.62830
5558,PORT HUGHES,SA,-34.07611,137.54611
5558,YELTA,SA,-34.06489,137.61846
5560,BUTE,SA,-33.85038,137.99669
5560,NINNES,SA,-33.96406,138.02587
5570,CLINTON,SA,-34.22176,138.02110
5570,CLINTON CENTRE,SA,-34.23552,137.91723
5570,PORT CLINTON,SA,-34.22176,138.02110
5570,PRICE,SA,-34.28611,137.99500
5570,WINULTA,SA,-34.26960,137.95200
5571,ARDROSSAN,SA,-34.41911,137.91780
5571,BLACK POINT,SA,-34.61068,137.87732
5571,CUNNINGHAM,SA,-34.40885,137.80637
5571,DOWLINGVILLE,SA,-34.29940,137.95500
5571,JAMES WELL,SA,-34.48634,137.89771
5571,PETERSVILLE,SA,-34.39702,137.80816
5571,PINE POINT,SA,-34.56800,137.88200
5571,ROGUES POINT,SA,-34.49557,137.89524
5571,SANDILANDS,SA,-34.48854,137.89532
5571,TIDDY WIDDY BEACH,SA,-34.40317,137.94037
5572,ARTHURTON,SA,-34.22843,137.78349
5572,PORT ARTHUR,SA,-34.11725,138.08027
5573,BALGOWAN,SA,-34.32173,137.49794
5573,CHINAMAN WELLS,SA,-34.37983,137.48030
5573,CHINAMEN WELLS,SA,-34.37980,137.48000
5573,MAITLAND,SA,-34.37411,137.67330
5573,POINT PEARCE,SA,-34.43551,137.53395
5573,PORT VICTORIA,SA,-34.49667,137.48333
5573,SOUTH KILKERRAN,SA,-34.47128,137.63148
5573,URANIA,SA,-34.51168,137.60701
5573,WAURALTEE,SA,-34.61780,137.58285
5573,WEETULTA,SA,-34.24856,137.68417
5573,YORKE VALLEY,SA,-34.46862,137.67598
5575,BLUFF BEACH,SA,-34.74761,137.48628
5575,BRENTWOOD,SA,-34.84691,137.46084
5575,CORNY POINT,SA,-34.95765,137.05800
5575,COUCH BEACH,SA,-34.91192,137.17588
5575,HARDWICKE BAY,SA,-34.88931,137.45835
5575,KOOLYWURTIE,SA,-34.64295,137.55224
5575,MARION BAY,SA,-35.23988,136.97960
5575,MINLATON,SA,-34.77139,137.59556
5575,PARSONS BEACH,SA,-34.76080,137.48000
5575,POINT SOUTTAR,SA,-34.90088,137.24506
5575,POINT TURTON,SA,-34.94694,137.35306
5575,PORT JULIA,SA,-34.66153,137.87891
5575,PORT RICKABY,SA,-34.63547,137.50867
5575,RAMSAY,SA,-34.89480,137.72948
5575,STENHOUSE BAY,SA,-35.23988,136.97960
5575,THE PINES,SA,-34.92873,137.14809
5575,WHITE HUT,SA,-35.07163,136.98550
5575,WOOL BAY,SA,-34.99538,137.75543
5576,HONITON,SA,-35.10313,137.61246
5576,PORT MOOROWIE,SA,-35.11250,137.51944
5576,YORKETOWN,SA,-35.01847,137.59817
5577,COUCH BEACH,SA,-34.91190,137.17600
5577,FOUL BAY,SA,-35.22215,137.16089
5577,INNESTON,SA,-35.23671,136.89663
5577,POINT SOUTTAR,SA,-34.90090,137.24500
5577,THE PINES,SA,-34.92870,137.14800
5577,WAROOKA,SA,-34.99000,137.39900
5580,CURRAMULKA,SA,-34.69744,137.71078
5580,PORT JULIA,SA,-34.66150,137.87900
5581,PORT VINCENT,SA,-34.78141,137.85477
5581,SHEAOAK FLAT,SA,-34.69768,137.86743
5582,PORT GILES,SA,-35.02223,137.76183
5582,STANSBURY,SA,-34.88991,137.77362
5583,COOBOWIE,SA,-35.04220,137.72832
5583,EDITHBURGH,SA,-35.08425,137.74059
5583,SULTANA POINT,SA,-35.11390,137.75900
5600,IRON BARON,SA,-32.99695,137.15844
5600,WHYALLA,SA,-33.03797,137.57531
5600,WHYALLA DC,SA,-33.03800,137.57500
5600,WHYALLA PLAYFORD,SA,-33.02897,137.55947
5601,BACKY POINT,SA,-32.91340,137.78500
5601,DOUGLAS POINT,SA,-32.84850,137.80700
5601,DOUGLAS POINT SOUTH,SA,-32.89140,137.79600
5601,FALSE BAY,SA,-32.97210,137.70800
5601,FITZGERALD BAY,SA,-32.90940,137.75300
5601,IRON KNOB,SA,-32.73926,137.15379
5601,POINT LOWLY,SA,-32.99940,137.78500
5601,POINT LOWLY NORTH,SA,-32.98510,137.78000
5601,PORT BONYTHON,SA,-32.97180,137.74600
5601,WHYALLA BARSON,SA,-32.97300,137.56500
5602,COWELL,SA,-33.68333,136.91667
5602,LUCKY BAY,SA,-33.70637,137.04511
5602,MANGALO,SA,-33.60431,136.58127
5602,MIDGEE,SA,-33.40867,137.19282
5602,MILTALIE,SA,-33.57907,136.84494
5602,MINBRIE,SA,-33.56887,136.84467
5602,MITALIE,SA,-33.57910,136.84500
5602,MITCHELLVILLE,SA,-33.60781,137.15192
5602,PORT GIBBON,SA,-33.80250,136.79381
5603,ARNO BAY,SA,-33.90934,136.56899
5603,HINCKS,SA,-33.86995,136.00275
5603,VERRAN,SA,-33.87735,136.34347
5603,WHARMINDA,SA,-33.95354,136.24579
5604,PORT NEILL,SA,-34.06144,136.30492
5605,BUTLER,SA,-34.07765,136.16743
5605,TUMBY BAY,SA,-34.37787,136.09926
5606,KIRTON POINT,SA,-34.72072,135.87936
5606,PORT LINCOLN,SA,-34.72400,135.86115
5606,PORT LINCOLN SOUTH,SA,-34.72400,135.86100
5606,WEDGE ISLAND,SA,-35.15610,136.47300
5607,BOSTON,SA,-34.68441,135.82323
5607,BROOKER,SA,-34.00512,135.81925
5607,CHARLTON GULLY,SA,-34.56138,135.77989
5607,COFFIN BAY,SA,-34.62356,135.46546
5607,COOMUNGA,SA,-34.65755,135.72812
5607,COULTA,SA,-34.39592,135.45952
5607,DUCK PONDS,SA,-34.70631,135.80455
5607,FARM BEACH,SA,-34.49490,135.39700
5607,FOUNTAIN,SA,-34.68441,135.82323
5607,GREEN PATCH,SA,-34.57827,135.77302
5607,HAWSON,SA,-34.69033,135.79150
5607,HORSE PENINSULA,SA,-34.55754,135.40298
5607,KARKOO,SA,-34.02950,135.73004
5607,KELLIDIE BAY,SA,-34.59013,135.46658
5607,KIANA,SA,-33.99565,135.34899
5607,KOPPIO,SA,-34.42160,135.84670
5607,LINCOLN NATIONAL PARK,SA,-34.83247,135.89744
5607,LIPSON,SA,-34.30155,136.15686
5607,LITTLE DOUGLAS,SA,-34.55140,135.39800
5607,LOUTH BAY,SA,-34.53959,135.90843
5607,MITCHELL,SA,-34.01595,135.52564
5607,MOODY,SA,-34.04449,136.00753
5607,MOUNT DRUMMOND,SA,-34.24563,135.41385
5607,MOUNT DUTTON BAY,SA,-34.52069,135.42627
5607,MOUNT HOPE,SA,-34.11437,135.41870
5607,MURDINGA,SA,-33.72110,135.70761
5607,NORTH SHIELDS,SA,-34.64319,135.84488
5607,PEACHNA,SA,-33.85128,135.71421
5607,PEARLAH,SA,-34.62700,135.72283
5607,POINT BOSTON,SA,-34.62220,135.92000
5607,POONINDIE,SA,-34.58523,135.88041
5607,PORT LINCOLN,SA,-34.72400,135.86115
5607,SHERINGA,SA,-33.83743,135.25762
5607,SLEAFORD,SA,-34.85897,135.67036
5607,SULLIVAN,SA,-34.61297,135.90679
5607,TIATUKIA,SA,-34.66080,135.83500
5607,TOOLIGIE,SA,-33.85108,135.60418
5607,TOOTENILLA,SA,-34.64470,135.80500
5607,TULKA,SA,-34.75422,135.79241
5607,TULKA NORTH,SA,-34.75420,135.79200
5607,ULEY,SA,-34.73081,135.60664
5607,UNGARRA,SA,-34.27094,136.00836
5607,VENUS BAY,SA,-33.23356,134.67212
5607,WANGARY,SA,-34.56216,135.47836
5607,WANILLA,SA,-34.52679,135.67831
5607,WARRACHIE,SA,-33.65598,135.71223
5607,WARROW,SA,-34.40206,135.46864
5607,WARUNDA,SA,-34.48561,135.68260
5607,WHITES FLAT,SA,-34.49288,135.85569
5607,WHITES RIVER,SA,-34.49439,135.92904
5607,YALLUNDA FLAT,SA,-34.29046,135.92540
5608,MULLAQUANA,SA,-33.03380,137.53200
5608,WHYALLA NORRIE,SA,-33.02871,137.54227
5608,WHYALLA NORRIE EAST,SA,-33.02871,137.54227
5608,WHYALLA NORRIE NORTH,SA,-33.02871,137.54227
5608,WHYALLA STUART,SA,-33.02972,137.52263
5609,COWLEDS LANDING,SA,-33.14490,137.44300
5609,MIDDLEBACK RANGE,SA,-33.09630,137.33900
5609,MURNINNIE BEACH,SA,-33.31740,137.37500
5609,WHYALLA JENKINS,SA,-33.02689,137.51036
5611,COOYERDOO,SA,-33.03690,137.00900
5611,CORUNNA STATION,SA,-32.68750,137.03200
5611,GILLES DOWNS,SA,-32.91730,136.91800
5611,IRON BARON,SA,-32.99690,137.15800
5611,IRON KNOB,SA,-32.73930,137.15400
5611,KATUNGA STATION,SA,-32.78290,137.10000
5611,LAKE GILLES,SA,-32.94130,136.74500
5611,MYOLA STATION,SA,-33.00670,137.22300
5611,SECRET ROCKS,SA,-33.25170,136.89600
5630,EDILILLIE,SA,-34.41700,135.65700
5630,EDILLILIE,SA,-34.41696,135.65742
5631,COCKALEECHIE,SA,-34.25893,135.92595
5631,CUMMINS,SA,-34.26347,135.72492
5632,KAPINNIE,SA,-34.13247,135.49360
5632,KARKOO,SA,-34.02950,135.73000
5632,MITCHELL,SA,-34.01590,135.52600
5632,YEELANNA,SA,-34.14309,135.67627
5633,BOONERDO,SA,-33.56247,135.97621
5633,LOCK,SA,-33.56778,135.75467
5633,ULYERRA,SA,-33.59730,135.79000
5640,CAMPOONA,SA,-33.54572,136.40832
5640,CLEVE,SA,-33.70293,136.49572
5640,JAMIESON,SA,-33.43592,136.39968
5640,WADDIKEE,SA,-33.31695,136.24497
5641,BARNA,SA,-33.17471,136.70484
5641,BUCKLEBOO,SA,-32.76257,136.00622
5641,BUNGEROO,SA,-32.79710,136.21400
5641,CARALUE,SA,-33.32968,136.14599
5641,CORTLINYE,SA,-33.03677,136.33948
5641,CUNYARIE,SA,-32.88707,136.33774
5641,KELLY,SA,-33.23932,136.48625
5641,KIMBA,SA,-33.13862,136.41748
5641,MOSELEY,SA,-32.95850,136.48796
5641,PANITYA,SA,-33.19883,136.09939
5641,PINKAWILLINIE,SA,-32.97359,135.88606
5641,SOLOMON,SA,-33.17471,136.70484
5641,WILCHERRY,SA,-32.91594,136.45345
5641,YALANDA,SA,-33.27608,136.70463
5641,YELTANA,SA,-32.78080,136.31100
5642,DARKE PEAK,SA,-33.46669,136.19503
5642,HAMBIDGE,SA,-33.45954,135.92272
5642,KIELPA,SA,-33.58664,136.22423
5642,MURLONG,SA,-33.69512,135.96823
5642,RUDALL,SA,-33.66124,136.26674
5650,COOTRA,SA,-33.26625,135.94675
5650,KOONGAWA,SA,-33.18619,135.85275
5650,WARRAMBOO,SA,-33.24469,135.59252
5651,KYANCUTTA,SA,-33.13442,135.56294
5652,PANEY,SA,-33.06660,135.41216
5652,PYGERY,SA,-32.93220,135.41700
5652,WUDINNA,SA,-33.04752,135.46187
5653,YANINEE,SA,-32.92660,135.26200
5654,COCATA,SA,-33.25541,135.25141
5654,KARCULTABY,SA,-32.94340,134.90058
5654,MINNIPA,SA,-32.80247,135.17255
5654,MOUNT DAMPER,SA,-33.13917,135.04191
5655,BOCKELBERG,SA,-32.58529,135.04856
5655,GAWLER RANGES,SA,-32.54240,135.33300
5655,KALDOONERA,SA,-32.58347,134.87628
5655,LOCKES CLAYPAN,SA,-32.47510,135.08200
5655,NARLABY,SA,-32.47440,134.88100
5655,POOCHERA,SA,-32.71330,134.84156
5655,PYGERY,SA,-32.93216,135.41738
5660,CHILPENUNDA,SA,-32.59148,134.52200
5660,CUNGENA,SA,-32.58358,134.71271
5661,KOOLGERA,SA,-32.32863,134.73679
5661,PIMBAACLA,SA,-32.35373,134.45013
5661,WALLALA,SA,-32.32116,134.61837
5661,WIRRULLA,SA,-32.40000,134.53333
5661,YANTANABIE,SA,-32.48676,134.64048
5670,BRAMFIELD,SA,-33.65074,135.02824
5670,COLTON,SA,-33.45613,134.90367
5670,COOLILLIE,SA,-33.45117,135.23915
5670,ELLISTON,SA,-33.64519,134.88865
5670,KAPPAWANTA,SA,-33.66225,135.32084
5670,MOUNT JOY,SA,-33.52142,135.05610
5670,MOUNT WEDGE,SA,-33.36633,135.07605
5670,PALKAGEE,SA,-33.40378,135.44253
5670,POLDA,SA,-33.52689,135.45676
5670,TALIA,SA,-33.31279,134.85830
5670,ULYERRA,SA,-33.41736,135.71115
5671,BAIRD BAY,SA,-33.14748,134.36323
5671,CALCA,SA,-33.02467,134.26713
5671,COLLEY,SA,-33.07889,134.70216
5671,MORTANA,SA,-33.00960,134.46100
5671,MOUNT COOPER,SA,-33.14748,134.36323
5671,PORT KENNY,SA,-33.16751,134.68294
5671,TYRINGA,SA,-33.10349,134.46141
5671,WITERA,SA,-33.15115,134.57000
5680,CARAWA,SA,-32.33361,134.20107
5680,CHANDADA,SA,-32.76503,134.66249
5680,CHINBINGINA,SA,-32.24448,134.25490
5680,EBA ANCHORAGE,SA,-32.68926,134.29290
5680,HASLAM,SA,-32.50871,134.21546
5680,INKSTER,SA,-32.91444,134.66866
5680,LAURA BAY,SA,-32.22809,133.83200
5680,MARYVALE,SA,-32.87283,134.47924
5680,MUDAMUCKLA,SA,-32.14186,134.05103
5680,NUNJIKOMPITA,SA,-32.26741,134.33108
5680,PERLUBIE,SA,-32.65316,134.28932
5680,PETINA,SA,-32.47522,134.38908
5680,PIEDNIPPIE,SA,-32.73039,134.36915
5680,PINJARRA STATION,SA,-32.07870,134.76200
5680,PUNTABIE,SA,-32.23661,134.11228
5680,PUREBA,SA,-32.05263,134.43688
5680,SCEALE BAY,SA,-33.01653,134.18785
5680,SMOKY BAY,SA,-32.37340,133.93568
5680,STREAKY BAY,SA,-32.79722,134.21111
5680,WESTALL,SA,-32.91768,134.09103
5680,YANERBIE,SA,-32.93021,134.14154
5690,BOOKABIE,SA,-31.84503,132.65746
5690,CEDUNA,SA,-32.13059,133.68171
5690,CEDUNA WATERS,SA,-32.17930,133.70000
5690,CHARRA,SA,-32.05217,133.32218
5690,CHUNDARIA,SA,-31.41010,132.65300
5690,COORABIE,SA,-31.90113,132.29038
5690,DENIAL BAY,SA,-32.08701,133.57076
5690,FOWLERS BAY,SA,-31.98869,132.43709
5690,KALANBI,SA,-31.91081,133.64251
5690,KOONIBBA,SA,-31.88890,133.45362
5690,MALTEE,SA,-32.05411,133.95124
5690,MERGHINY,SA,-32.14155,133.83473
5690,MITCHIDY MOOLA,SA,-31.65220,132.51500
5690,NADIA,SA,-32.09629,133.49859
5690,NANBONA,SA,-31.70050,132.67000
5690,NULLARBOR,SA,-31.05890,130.48800
5690,NUNDROO,SA,-31.78126,132.20010
5690,OAK VALLEY,SA,-29.40040,130.74000
5690,PENONG,SA,-31.92794,133.00655
5690,THEVENARD,SA,-32.14609,133.65432
5690,UWORRA,SA,-31.96677,133.33013
5690,WANDANA,SA,-31.97092,133.81391
5690,WATRABA,SA,-31.92396,133.21651
5690,WHITE WELL CORNER,SA,-31.85670,133.29319
5690,YALATA,SA,-31.48140,131.83838
5690,YELLABINNA,SA,-30.88950,132.18400
5690,YUMBARRA,SA,-31.72490,133.70100
5700,BLANCHE HARBOR,SA,-32.69030,137.75500
5700,COMMISSARIAT POINT,SA,-32.58950,137.76100
5700,CULTANA,SA,-32.93560,137.57300
5700,DAVENPORT,SA,-32.49000,137.77400
5700,MIRANDA,SA,-32.72755,137.90086
5700,MUNDALLIO,SA,-32.44019,137.88307
5700,PORT AUGUSTA,SA,-32.49523,137.78944
5700,PORT AUGUSTA NORTH,SA,-32.49523,137.78944
5700,PORT AUGUSTA WEST,SA,-32.48506,137.74588
5700,PORT PATERSON,SA,-32.55455,137.82982
5700,WAMI KATA,SA,-32.44429,137.80353
5700,WILLSDEN,SA,-32.50700,137.77900
5700,WINNINOWIE,SA,-32.62150,137.96200
5701,ARKAROOLA VILLAGE,SA,-30.31830,139.32900
5701,COOK,SA,-30.31830,139.32900
5701,PORT AUGUSTA,SA,-30.31830,139.32900
5701,TARCOOLA,SA,-30.69340,134.55700
5701,WOOLUNDUNGA,SA,-32.57080,137.97900
5710,COOK,SA,-30.61248,130.41578
5710,GLENDAMBO,SA,-30.96785,135.75928
5710,KINGOONYA,SA,-30.91641,135.32609
5710,NONNING,SA,-32.28321,136.46022
5710,PORT AUGUSTA,SA,-32.50272,137.87238
5710,STIRLING NORTH,SA,-32.51667,137.83333
5710,TARCOOLA,SA,-30.69343,134.55750
5713,EMEROO,SA,-32.34400,137.86500
5713,ISLAND LAGOON,SA,-31.45760,136.68800
5713,KOOTABERRA,SA,-32.05210,137.50200
5713,LAKE TORRENS,SA,-31.04040,137.84300
5713,LAKE TORRENS STATION,SA,-31.66120,137.97200
5713,MOUNT ARDEN,SA,-32.25300,137.69100
5713,OAKDEN HILLS,SA,-31.64330,137.06300
5713,PERNATTY,SA,-31.24070,137.49000
5713,SOUTH GAP,SA,-31.68480,137.55600
5713,WALLERBERDINA,SA,-31.85310,138.00700
5713,WILKATANA STATION,SA,-32.12810,137.77700
5713,WINTABATINYANA,SA,-31.43740,138.16200
5713,YADLAMALKA,SA,-31.93780,137.85100
5715,CARRIEWERLOO,SA,-32.32640,137.37900
5715,ILLEROO,SA,-32.49190,137.44400
5715,LINCOLN GAP,SA,-32.56190,137.58600
5715,PANDURRA,SA,-32.55790,137.30300
5715,WARTAKA,SA,-32.49210,136.99600
5715,YALYMBOO,SA,-31.73050,136.75800
5715,YUDNAPINNA,SA,-32.06600,137.05300
5717,HILTABA,SA,-32.20200,135.17800
5717,KOKATHA,SA,-31.35510,135.39900
5717,KOLENDO,SA,-32.40340,135.98000
5717,KONDOOLKA,SA,-32.03390,134.87700
5717,LAKE EVERARD,SA,-31.65400,135.01400
5717,LAKE GAIRDNER,SA,-31.64650,135.94300
5717,LAKE MACFARLANE,SA,-31.91890,136.69300
5717,MAHANEWO,SA,-31.72030,136.40300
5717,MOONAREE,SA,-31.87560,135.66700
5717,MOUNT IVE,SA,-32.51430,136.04700
5717,NONNING,SA,-32.52030,136.49100
5717,SIAM,SA,-32.37920,136.70300
5717,THURLGA,SA,-32.46890,135.78400
5717,UNO,SA,-32.78930,136.60000
5717,YARDEA,SA,-32.25230,135.57800
5719,BON BON,SA,-30.58970,135.50300
5719,BULGUNNIA,SA,-30.18890,134.71600
5719,COMMONWEALTH HILL,SA,-29.89330,133.71400
5719,COONDAMBO,SA,-30.96610,135.74700
5719,GLENDAMBO,SA,-30.96780,135.75900
5719,KINGOONYA,SA,-30.91640,135.32600
5719,LAKE HARRIS,SA,-31.11070,135.22100
5719,MULGATHING,SA,-30.42190,133.93000
5719,WILGENA,SA,-30.73290,134.86000
5719,WIRRAMINNA,SA,-30.95750,136.53500
5720,ARCOONA,SA,-31.11760,136.97800
5720,BILLA KALINA,SA,-29.90030,136.41000
5720,BOSWORTH,SA,-30.93210,137.52100
5720,MILLERS CREEK,SA,-30.01700,136.01900
5720,MOUNT EBA,SA,-30.13020,135.66000
5720,MOUNT VIVIAN,SA,-30.59490,135.81500
5720,PARAKYLIA,SA,-30.50910,136.25500
5720,PIMBA,SA,-31.25702,136.79416
5720,PURPLE DOWNS,SA,-30.84790,136.85300
5720,STUARTS CREEK,SA,-29.62860,137.05100
5720,WOOMERA,SA,-31.16564,136.81926
5722,ANDAMOOKA,SA,-30.45360,137.16482
5722,ANDAMOOKA STATION,SA,-30.58910,137.16700
5723,ALLANDALE STATION,SA,-27.67610,135.60600
5723,ANNA CREEK,SA,-28.75290,136.20400
5723,ARCKARINGA,SA,-27.83810,134.88200
5723,COOBER PEDY,SA,-29.01353,134.75441
5723,EVELYN DOWNS,SA,-27.98480,134.37100
5723,INGOMAR,SA,-29.51780,134.78900
5723,MABEL CREEK,SA,-29.13970,134.09300
5723,MCDOUALL PEAK,SA,-29.70680,135.24700
5723,MOUNT BARRY,SA,-28.58100,134.91100
5723,MOUNT CLARENCE STATION,SA,-29.15320,134.45000
5723,MOUNT WILLOUGHBY,SA,-28.42340,134.16800
5723,NILPINNA STATION,SA,-28.40340,135.56400
5723,WILLIAM CREEK,SA,-28.90780,136.34200
5723,WINTINNA,SA,-27.80510,133.84200
5724,MARLA,SA,-27.29974,133.62243
5724,MINTABIE,SA,-27.31584,133.29795
5724,WELBOURN HILL,SA,-27.34500,134.07700
5725,OLYMPIC DAM,SA,-30.44052,136.87275
5725,ROXBY DOWNS,SA,-30.56206,136.90088
5725,ROXBY DOWNS STATION,SA,-30.62770,136.66700
5730,ALPANA,SA,-31.11210,138.55000
5730,ANGORIGINA,SA,-31.10300,138.80900
5730,BELTANA,SA,-30.82004,138.41319
5730,BELTANA STATION,SA,-30.82570,138.38000
5730,BLINMAN,SA,-31.11877,138.69296
5730,EDIACARA,SA,-30.81770,138.14300
5730,GUM CREEK STATION,SA,-31.21470,138.65300
5730,MOOLOOLOO,SA,-30.98690,138.52800
5730,MOORILLAH,SA,-30.86690,138.49000
5730,MOTPENA,SA,-31.18650,138.26700
5730,MOUNT FALKLAND,SA,-31.15200,138.48600
5730,NARRINA,SA,-30.92790,138.84500
5730,NILPENA,SA,-30.97640,138.16600
5730,ORATUNGA STATION,SA,-31.06160,138.59000
5730,PARACHILNA,SA,-31.14198,138.39535
5730,PUTTAPA,SA,-30.71750,138.44500
5730,WARRAWEENA,SA,-30.80750,138.67700
5730,WIRREALPA,SA,-31.20750,139.14000
5731,BOLLARDS LAGOON,SA,-28.87060,140.72600
5731,COOPERS CREEK,SA,-28.83389,140.34818
5731,CORDILLO DOWNS,SA,-26.40191,140.57833
5731,DURHAM DOWNS,SA,-26.40191,140.57833
5731,FARINA,SA,-28.87060,140.72600
5731,FARINA STATION,SA,-30.06600,138.27400
5731,GIDGEALPA,SA,-28.02880,140.23600
5731,INNAMINCKA,SA,-27.46294,140.53072
5731,LEIGH CREEK,SA,-30.59081,138.39929
5731,LEIGH CREEK STATION,SA,-30.39010,138.50500
5731,LINDON,SA,-29.25820,140.06000
5731,LYNDHURST,SA,-30.29857,138.36247
5731,MERTY MERTY,SA,-28.55506,140.41150
5731,MOOLAWATANA,SA,-29.92196,139.84571
5731,MOUNT FREELING,SA,-30.00350,139.36700
5731,MOUNT LYNDHURST,SA,-30.00470,138.77700
5731,MULGARIA,SA,-30.16440,137.38900
5731,MURNPEOWIE,SA,-29.44180,139.32800
5731,MYRTLE SPRINGS,SA,-30.35190,138.25500
5731,STRZELECKI DESERT,SA,-27.69000,140.41000
5731,WITCHELINA,SA,-30.12048,137.91216
5732,ANGEPENA,SA,-30.65820,138.85600
5732,ARKAROOLA,SA,-30.31830,139.32900
5732,BURR WELL,SA,-30.46060,138.64700
5732,COPLEY,SA,-30.49210,138.40544
5732,GAMMON RANGES,SA,-30.57090,139.17400
5732,MANNERS WELL,SA,-30.63290,138.71100
5732,MOOLAWATANA,SA,-29.92200,139.84600
5732,MOUNT SERLE,SA,-30.38050,138.79500
5732,MULGA VIEW,SA,-30.89530,139.06700
5732,NEPABUNNA,SA,-30.56347,138.96701
5732,NORTH MOOLOOLOO,SA,-30.63200,138.56800
5732,PINDA SPRINGS,SA,-30.79580,138.86300
5732,UMBERATANA,SA,-30.17210,139.11400
5732,WERTALOONA,SA,-30.94520,139.43900
5732,WOOLTANA,SA,-30.32420,139.65300
5732,YANKANINNA,SA,-30.33280,138.96500
5733,ALTON DOWNS STATION,SA,-26.32110,138.97200
5733,CALLANNA,SA,-29.65220,137.65200
5733,CLAYTON STATION,SA,-29.31080,138.43900
5733,CLIFTON HILLS STATION,SA,-27.03800,138.89600
5733,COWARIE,SA,-27.53580,138.49600
5733,DULKANINNA,SA,-29.09380,138.66300
5733,ETADUNNA,SA,-28.75950,138.51000
5733,FARINA,SA,-30.07135,138.27014
5733,KALAMURINA,SA,-27.87710,138.11600
5733,LAKE EYRE,SA,-28.53600,137.49700
5733,MARREE,SA,-29.64812,138.06301
5733,MARREE STATION,SA,-29.59960,138.07500
5733,MULKA,SA,-28.33390,138.99900
5733,MULOORINA,SA,-29.32620,137.95100
5733,MUNDOWDNA,SA,-29.72030,138.40800
5733,MUNGERANIE,SA,-28.02290,138.65900
5733,PANDIE PANDIE,SA,-26.37280,139.76200
5734,CROWN POINT,SA,-26.12930,134.85000
5734,ERINGA,SA,-26.71490,135.07600
5734,MACUMBA,SA,-27.28490,136.20500
5734,MOUNT SARAH,SA,-26.93470,135.34800
5734,OODNADATTA,SA,-27.54234,135.42031
5734,SIMPSON DESERT,SA,-26.67900,137.43200
5734,TODMORDEN,SA,-27.28380,134.82700
5734,WITJIRA,SA,-26.39300,135.69600
5800,ADELAIDE,SA,-34.92850,138.60075
5801,ADELAIDE,SA,-34.92850,138.60075
5810,ADELAIDE,SA,-34.92850,138.60075
5839,ADELAIDE,SA,-34.92850,138.60075
5942,REGENCY PARK,SA,-34.86000,138.57000
5950,ADELAIDE AIRPORT,SA,-34.94540,138.52372
5950,EXPORT PARK,SA,-34.93500,138.54100
6000,CITY DELIVERY CENTRE,WA,-31.95500,115.85500
6000,PERTH,WA,-31.95257,115.86105
6000,PERTH GPO,WA,-31.95130,115.85900
6001,PERTH,WA,-31.95053,115.86046
6003,HIGHGATE,WA,-31.93922,115.86916
6003,NORTHBRIDGE,WA,-31.94363,115.85384
6004,EAST PERTH,WA,-31.95401,115.87879
6005,KINGS PARK,WA,-31.96115,115.84163
6005,WEST PERTH,WA,-31.94533,115.84743
6006,NORTH PERTH,WA,-31.92735,115.85513
6007,LEEDERVILLE,WA,-31.93196,115.84128
6007,WEST LEEDERVILLE,WA,-31.94069,115.83168
6008,DAGLISH,WA,-31.95185,115.80973
6008,SHENTON PARK,WA,-31.95881,115.80532
6008,SUBIACO,WA,-31.94699,115.82855
6008,SUBIACO EAST,WA,-31.94699,115.82855
6009,BROADWAY NEDLANDS,WA,-31.98368,115.81450
6009,CRAWLEY,WA,-31.98206,115.81077
6009,DALKEITH,WA,-31.99477,115.79881
6009,NEDLANDS,WA,-31.97915,115.80373
6009,NEDLANDS DC,WA,-31.97540,115.79300
6010,CLAREMONT,WA,-31.98425,115.77800
6010,CLAREMONT NORTH,WA,-31.98425,115.77800
6010,KARRAKATTA,WA,-31.96529,115.80051
6010,MOUNT CLAREMONT,WA,-31.96373,115.78376
6010,SWANBOURNE,WA,-31.97106,115.76680
6011,COTTESLOE,WA,-31.98965,115.76305
6011,PEPPERMINT GROVE,WA,-31.99798,115.76770
6012,MOSMAN PARK,WA,-32.01354,115.76344
6014,FLOREAT,WA,-31.93443,115.79065
6014,FLOREAT FORUM,WA,-31.93803,115.79289
6014,JOLIMONT,WA,-31.94763,115.81159
6014,WEMBLEY,WA,-31.93430,115.82000
6015,CITY BEACH,WA,-31.93931,115.76344
6016,GLENDALOUGH,WA,-31.91923,115.82003
6016,MOUNT HAWTHORN,WA,-31.91958,115.83558
6017,HERDSMAN,WA,-31.92046,115.80455
6017,OSBORNE PARK,WA,-31.91426,115.82307
6017,OSBORNE PARK DC,WA,-31.90020,115.81200
6018,CHURCHLANDS,WA,-31.92155,115.78976
6018,DOUBLEVIEW,WA,-31.89991,115.78125
6018,GWELUP,WA,-31.86925,115.79625
6018,GWELUP DC,WA,-31.87610,115.79900
6018,INNALOO,WA,-31.89429,115.79624
6018,KARRINYUP,WA,-31.87390,115.77081
6018,WOODLANDS,WA,-31.90894,115.79259
6019,SCARBOROUGH,WA,-31.89803,115.77160
6019,WEMBLEY DOWNS,WA,-31.91337,115.77275
6020,CARINE,WA,-31.85115,115.77765
6020,MARMION,WA,-31.84316,115.75762
6020,NORTH BEACH,WA,-31.86117,115.75820
6020,SORRENTO,WA,-31.82541,115.75276
6020,WATERMANS BAY,WA,-31.84960,115.75500
6021,BALCATTA,WA,-31.86018,115.81047
6021,STIRLING,WA,-31.88645,115.80987
6022,HAMERSLEY,WA,-31.85148,115.81373
6023,DUNCRAIG,WA,-31.83061,115.77527
6023,GLENGARRY,WA,-31.82750,115.78000
6024,GREENWOOD,WA,-31.82483,115.80479
6024,WARWICK,WA,-31.84213,115.81280
6025,CRAIGIE,WA,-31.78524,115.76758
6025,HILLARYS,WA,-31.80833,115.74388
6025,KALLAROO,WA,-31.78900,115.73900
6025,PADBURY,WA,-31.80077,115.77345
6026,KINGSLEY,WA,-31.81154,115.80439
6026,WOODVALE,WA,-31.79451,115.79610
6027,BELDON,WA,-31.77260,115.76727
6027,CONNOLLY,WA,-31.75180,115.75059
6027,EDGEWATER,WA,-31.76480,115.78146
6027,HEATHRIDGE,WA,-31.75934,115.75795
6027,JOONDALUP,WA,-31.73392,115.76573
6027,JOONDALUP DC,WA,-31.74120,115.75900
6027,MULLALOO,WA,-31.78035,115.74385
6027,OCEAN REEF,WA,-31.76005,115.73328
6028,BURNS BEACH,WA,-31.72469,115.72490
6028,CURRAMBINE,WA,-31.73506,115.74502
6028,ILUKA,WA,-31.73891,115.72915
6028,KINROSS,WA,-31.72145,115.74132
6029,TRIGG,WA,-31.87362,115.76048
6030,CLARKSON,WA,-31.68437,115.72678
6030,MERRIWA,WA,-31.66731,115.71274
6030,MINDARIE,WA,-31.69008,115.70605
6030,QUINNS ROCKS,WA,-31.66052,115.69593
6030,RIDGEWOOD,WA,-31.65927,115.72117
6030,TAMALA PARK,WA,-31.70742,115.72220
6031,BANKSIA GROVE,WA,-31.70324,115.80499
6031,CARRAMAR,WA,-31.70612,115.78796
6031,NEERABUP,WA,-31.69226,115.76087
6032,NOWERGUP,WA,-31.64593,115.76935
6033,CARABOODA,WA,-31.59889,115.71610
6034,EGLINTON,WA,-31.58776,115.66875
6035,YANCHEP,WA,-31.53653,115.73385
6036,BUTLER,WA,-31.64176,115.70413
6036,JINDALEE,WA,-31.65068,115.69202
6037,TWO ROCKS,WA,-31.48479,115.62731
6038,ALKIMOS,WA,-31.61716,115.68059
6041,CARABAN,WA,-31.36244,115.54543
6041,GABBADAH,WA,-31.28103,115.50433
6041,GUILDERTON,WA,-31.34181,115.50565
6041,WILBINGA,WA,-31.39932,115.60711
6041,WOODRIDGE,WA,-31.33696,115.59973
6042,SEABIRD,WA,-31.26389,115.46151
6043,BRETON BAY,WA,-31.19195,115.45046
6043,LEDGE POINT,WA,-31.10669,115.37563
6044,KARAKIN,WA,-31.06470,115.39724
6044,LANCELIN,WA,-31.04541,115.35328
6044,NILGEN,WA,-30.97107,115.36701
6044,WEDGE ISLAND,WA,-30.79043,115.21740
6050,COOLBINIA,WA,-31.91387,115.85439
6050,MENORA,WA,-31.92316,115.86082
6050,MOUNT LAWLEY,WA,-31.93206,115.87411
6051,MAYLANDS,WA,-31.93826,115.90245
6052,BEDFORD,WA,-31.91562,115.88471
6052,INGLEWOOD,WA,-31.91684,115.88512
6053,BAYSWATER,WA,-31.91648,115.91723
6054,ASHFIELD,WA,-31.91723,115.93660
6054,BASSENDEAN,WA,-31.90764,115.94259
6054,BASSENDEAN DC,WA,-31.90320,115.92800
6054,EDEN HILL,WA,-31.89064,115.94218
6054,KIARA,WA,-31.88439,115.93809
6054,LOCKRIDGE,WA,-31.88189,115.94983
6055,BRABHAM,WA,-31.82710,115.96900
6055,BUSHMEAD,WA,-31.92290,116.02700
6055,CAVERSHAM,WA,-31.87573,115.97487
6055,DAYTON,WA,-31.85560,115.96900
6055,GUILDFORD,WA,-31.89898,115.97181
6055,HAZELMERE,WA,-31.91062,116.00980
6055,HENLEY BROOK,WA,-31.80111,115.97484
6055,SOUTH GUILDFORD,WA,-31.91017,115.96687
6055,WEST SWAN,WA,-31.84607,115.98890
6056,BASKERVILLE,WA,-31.79720,116.05056
6056,BELLEVUE,WA,-31.89997,116.02369
6056,BOYA,WA,-31.91508,116.05324
6056,GREENMOUNT,WA,-31.89835,116.04895
6056,HELENA VALLEY,WA,-31.92007,116.03438
6056,HERNE HILL,WA,-31.82917,116.01663
6056,JANE BROOK,WA,-31.86192,116.05948
6056,KOONGAMIA,WA,-31.90626,116.04049
6056,MIDDLE SWAN,WA,-31.87233,116.01735
6056,MIDLAND,WA,-31.89176,116.01346
6056,MIDVALE,WA,-31.88603,116.02832
6056,MILLENDON,WA,-31.80730,116.02851
6056,RED HILL,WA,-31.82935,116.07681
6056,STRATTON,WA,-31.87008,116.03394
6056,SWAN VIEW,WA,-31.88585,116.05229
6056,VIVEASH,WA,-31.87600,115.99882
6056,WOODBRIDGE,WA,-31.89124,115.99290
6057,HIGH WYCOMBE,WA,-31.93652,116.00631
6057,MAIDA VALE,WA,-31.95301,116.02417
6058,FORRESTFIELD,WA,-31.98315,116.00001
6059,DIANELLA,WA,-31.88437,115.86992
6060,DOG SWAMP,WA,-31.90938,115.84598
6060,JOONDANNA,WA,-31.91089,115.84572
6060,TUART HILL,WA,-31.89657,115.83552
6060,YOKINE,WA,-31.90150,115.84942
6060,YOKINE SOUTH,WA,-31.91050,115.84900
6061,BALGA,WA,-31.85764,115.83579
6061,MIRRABOOKA,WA,-31.86620,115.86625
6061,NOLLAMARA,WA,-31.88057,115.84723
6061,WESTMINSTER,WA,-31.86643,115.84078
6062,EMBLETON,WA,-31.90313,115.91049
6062,MORLEY,WA,-31.88896,115.91817
6062,NORANDA,WA,-31.87545,115.89647
6063,BEECHBORO,WA,-31.86802,115.93875
6063,BENNETT SPRINGS,WA,-31.85840,115.94600
6064,ALEXANDER HEIGHTS,WA,-31.82690,115.86713
6064,GIRRAWHEEN,WA,-31.84068,115.84032
6064,KOONDOOLA,WA,-31.84126,115.86282
6064,MARANGAROO,WA,-31.82781,115.84134
6065,ASHBY,WA,-31.73315,115.79940
6065,DARCH,WA,-31.81323,115.84483
6065,GNANGARA,WA,-31.77567,115.86568
6065,HOCKING,WA,-31.76983,115.82012
6065,JANDABUP,WA,-31.73683,115.85325
6065,KINGSWAY,WA,-31.81320,115.84860
6065,LANDSDALE,WA,-31.80427,115.86174
6065,LEXIA,WA,-31.77826,115.91150
6065,MADELEY,WA,-31.81320,115.82759
6065,MARIGINIUP,WA,-31.70691,115.85046
6065,MELALEUCA,WA,-31.76324,115.81668
6065,PEARSALL,WA,-31.78012,115.81364
6065,PINJAR,WA,-31.76324,115.81668
6065,SINAGRA,WA,-31.73995,115.80277
6065,TAPPING,WA,-31.71721,115.79525
6065,WANGARA,WA,-31.79150,115.82812
6065,WANGARA DC,WA,-31.78880,115.81400
6065,WANNEROO,WA,-31.75730,115.80648
6066,BALLAJURA,WA,-31.83679,115.89358
6067,CULLACABARDEE,WA,-31.81299,115.90541
6068,WHITEMAN,WA,-31.82247,115.93497
6069,AVELEY,WA,-31.77754,115.98647
6069,BELHUS,WA,-31.78241,116.01344
6069,BRIGADOON,WA,-31.77988,116.08283
6069,ELLENBROOK,WA,-31.76456,116.00592
6069,ELLENBROOK EAST,WA,-31.76460,116.00600
6069,THE VINES,WA,-31.75828,116.00246
6069,UPPER SWAN,WA,-31.77311,116.02777
6070,DARLINGTON,WA,-31.92263,116.08276
6071,GLEN FORREST,WA,-31.91094,116.10425
6071,HOVEA,WA,-31.87571,116.11254
6072,MAHOGANY CREEK,WA,-31.91423,116.13299
6073,MUNDARING,WA,-31.92560,116.16548
6073,MUNDARING DC,WA,-31.90120,116.16700
6073,MUNDARING WEIR,WA,-31.92560,116.16500
6074,SAWYERS VALLEY,WA,-31.97479,116.25409
6076,BICKLEY,WA,-32.00338,116.09044
6076,CARMEL,WA,-32.01895,116.07408
6076,GOOSEBERRY HILL,WA,-31.95544,116.05112
6076,HACKETTS GULLY,WA,-31.98102,116.10312
6076,KALAMUNDA,WA,-31.97560,116.05659
6076,LESMURDIE,WA,-32.01318,116.03811
6076,PAULLS VALLEY,WA,-31.95501,116.11122
6076,PICKERING BROOK,WA,-32.05012,116.19588
6076,PIESSE BROOK,WA,-31.97555,116.07329
6076,RESERVOIR,WA,-31.99876,116.18221
6076,WALLISTON,WA,-31.99961,116.07224
6076,WALLISTON DC,WA,-31.99400,116.07200
6077,GNANGARA,WA,-31.77570,115.86600
6077,JANDABUP,WA,-31.75300,115.86400
6078,MARIGINIUP,WA,-31.70690,115.85000
6078,PINJAR,WA,-31.62070,115.82100
6079,LEXIA,WA,-31.77830,115.91200
6079,MELALEUCA,WA,-31.74160,115.92800
6081,PARKERVILLE,WA,-31.87531,116.13864
6081,STONEVILLE,WA,-31.87711,116.17051
6082,BAILUP,WA,-31.75867,116.30839
6082,MOUNT HELENA,WA,-31.87804,116.21058
6083,GIDGEGANNUP,WA,-31.79307,116.19660
6083,MORANGUP,WA,-31.61203,116.33240
6084,AVON VALLEY NATIONAL PARK,WA,-31.62695,116.18762
6084,BULLSBROOK,WA,-31.65536,115.99774
6084,CHITTERING,WA,-31.46888,116.05043
6084,LOWER CHITTERING,WA,-31.56062,116.08267
6084,WALYUNGA NATIONAL PARK,WA,-31.72763,116.07091
6090,MALAGA,WA,-31.86259,115.89654
6100,BURSWOOD,WA,-31.96331,115.89676
6100,LATHLAIN,WA,-31.96790,115.90811
6100,VICTORIA PARK,WA,-31.97504,115.89772
6101,CARLISLE,WA,-31.97863,115.91711
6101,CARLISLE NORTH,WA,-31.97863,115.91711
6101,CARLISLE SOUTH,WA,-31.97863,115.91711
6101,EAST VICTORIA PARK,WA,-31.98466,115.90836
6102,BENTLEY,WA,-32.00411,115.89640
6102,BENTLEY DC,WA,-31.99240,115.88900
6102,BENTLEY SOUTH,WA,-32.00411,115.89640
6102,ST JAMES,WA,-31.99617,115.91436
6103,RIVERVALE,WA,-31.96088,115.92019
6104,ASCOT,WA,-31.93546,115.92973
6104,BELMONT,WA,-31.95385,115.92611
6104,REDCLIFFE,WA,-31.93818,115.94355
6105,CLOVERDALE,WA,-31.96245,115.94473
6105,KEWDALE,WA,-31.97973,115.95963
6105,PERTH AIRPORT,WA,-31.96573,115.95863
6106,WELSHPOOL,WA,-31.99151,115.94976
6106,WELSHPOOL DC,WA,-31.98910,115.94500
6107,BECKENHAM,WA,-32.02750,115.94935
6107,CANNINGTON,WA,-32.01787,115.93467
6107,EAST CANNINGTON,WA,-32.00567,115.96332
6107,KENWICK,WA,-32.03319,115.98216
6107,QUEENS PARK,WA,-32.00424,115.94230
6107,WATTLE GROVE,WA,-32.00815,115.99700
6107,WILSON,WA,-32.01970,115.91161
6108,THORNLIE,WA,-32.05704,115.95271
6109,MADDINGTON,WA,-32.05029,115.98449
6109,ORANGE GROVE,WA,-32.03155,116.02194
6110,GOSNELLS,WA,-32.08230,115.99027
6110,HUNTINGDALE,WA,-32.08666,115.96709
6110,MARTIN,WA,-32.07891,116.06219
6110,SOUTHERN RIVER,WA,-32.10472,115.95944
6111,ASHENDON,WA,-32.21168,116.19084
6111,CAMILLO,WA,-32.11220,116.00400
6111,CANNING MILLS,WA,-32.07108,116.10497
6111,CHAMPION LAKES,WA,-32.11712,115.98603
6111,KARRAGULLEN,WA,-32.10038,116.11681
6111,KELMSCOTT,WA,-32.11442,116.01482
6111,KELMSCOTT DC,WA,-32.12990,116.00700
6111,LESLEY,WA,-32.10540,116.19400
6111,ROLEYSTONE,WA,-32.12576,116.06157
6111,WESTFIELD,WA,-32.11215,116.00433
6112,ARMADALE,WA,-32.14730,116.01288
6112,BEDFORDALE,WA,-32.14961,116.05433
6112,BROOKDALE,WA,-32.16898,116.00404
6112,DOOBARDA,WA,-32.17380,115.94730
6112,FORRESTDALE,WA,-32.14779,115.93696
6112,HARRISDALE,WA,-32.11760,115.93200
6112,HAYNES,WA,-32.15280,115.97500
6112,HILBERT,WA,-32.17760,115.98300
6112,MOUNT NASURA,WA,-32.14016,116.02570
6112,MOUNT RICHON,WA,-32.15996,116.02061
6112,PIARA WATERS,WA,-32.12470,115.91800
6112,SEVILLE GROVE,WA,-32.13600,115.99073
6112,WUNGONG,WA,-32.18192,116.00396
6121,OAKFORD,WA,-32.20433,115.92416
6121,OLDBURY,WA,-32.25446,115.90703
6122,BYFORD,WA,-32.22172,116.00884
6122,CARDUP,WA,-32.25664,115.98100
6122,DARLING DOWNS,WA,-32.19671,115.98660
6122,KARRAKUP,WA,-32.24702,116.05604
6123,MUNDIJONG,WA,-32.29960,115.98457
6123,WHITBY,WA,-32.28267,115.99646
6124,JARRAHDALE,WA,-32.37593,116.15958
6125,HOPELAND,WA,-32.36428,115.90922
6125,MARDELLA,WA,-32.33423,115.96489
6125,SERPENTINE,WA,-32.36170,115.97678
6126,KEYSBROOK,WA,-32.43637,116.02957
6147,LANGFORD,WA,-32.03979,115.94842
6147,LYNWOOD,WA,-32.04023,115.93206
6147,PARKWOOD,WA,-32.04677,115.91268
6148,FERNDALE,WA,-32.03076,115.92535
6148,RIVERTON,WA,-32.03383,115.89317
6148,ROSSMOYNE,WA,-32.03864,115.86771
6148,SHELLEY,WA,-32.02785,115.88953
6149,BULL CREEK,WA,-32.05660,115.86487
6149,LEEMING,WA,-32.07962,115.86566
6150,BATEMAN,WA,-32.05958,115.84438
6150,MURDOCH,WA,-32.06990,115.84260
6150,WINTHROP,WA,-32.05179,115.82972
6151,KENSINGTON,WA,-31.98305,115.88296
6151,SOUTH PERTH,WA,-31.98095,115.86392
6151,SOUTH PERTH ANGELO ST,WA,-31.98074,115.86283
6152,COMO,WA,-32.00109,115.86172
6152,KARAWARA,WA,-32.00953,115.88065
6152,MANNING,WA,-32.01167,115.86886
6152,SALTER POINT,WA,-32.02114,115.86282
6152,WATERFORD,WA,-32.01446,115.88966
6153,APPLECROSS,WA,-32.01161,115.83873
6153,APPLECROSS NORTH,WA,-32.01160,115.83900
6153,ARDROSS,WA,-32.02210,115.83535
6153,BRENTWOOD,WA,-32.04276,115.84803
6153,CANNING BRIDGE APPLECROSS,WA,-32.01070,115.85400
6153,MOUNT PLEASANT,WA,-32.02480,115.84849
6154,ALFRED COVE,WA,-32.03186,115.81814
6154,BOORAGOON,WA,-32.03640,115.83797
6154,MYAREE,WA,-32.03998,115.81565
6155,CANNING VALE,WA,-32.08888,115.91781
6155,CANNING VALE DC,WA,-32.05820,115.91800
6155,CANNING VALE SOUTH,WA,-32.09089,115.91940
6155,WILLETTON,WA,-32.04878,115.89215
6156,ATTADALE,WA,-32.02486,115.79968
6156,MELVILLE,WA,-32.04146,115.80347
6156,WILLAGEE,WA,-32.05247,115.80226
6156,WILLAGEE CENTRAL,WA,-32.05247,115.80226
6157,BICTON,WA,-32.03006,115.78450
6157,PALMYRA,WA,-32.04584,115.78471
6157,PALMYRA DC,WA,-32.05160,115.79100
6158,EAST FREMANTLE,WA,-32.03675,115.76640
6159,NORTH FREMANTLE,WA,-32.03530,115.74864
6160,FREMANTLE,WA,-32.05393,115.76048
6161,ROTTNEST ISLAND,WA,-32.00352,115.51481
6162,BEACONSFIELD,WA,-32.06722,115.77063
6162,SOUTH FREMANTLE,WA,-32.06779,115.75255
6162,WHITE GUM VALLEY,WA,-32.06135,115.76820
6163,BIBRA LAKE,WA,-32.10225,115.82403
6163,BIBRA LAKE DC,WA,-32.09770,115.80000
6163,COOLBELLUP,WA,-32.08341,115.80686
6163,HAMILTON HILL,WA,-32.08603,115.77649
6163,HILTON,WA,-32.07020,115.78400
6163,KARDINYA,WA,-32.06871,115.81489
6163,NORTH COOGEE,WA,-32.10250,115.76300
6163,NORTH LAKE,WA,-32.07897,115.82185
6163,O’CONNOR,WA,-32.10225,115.82403
6163,O'CONNOR,WA,-32.06024,115.79370
6163,SAMSON,WA,-32.07227,115.79955
6163,SPEARWOOD,WA,-32.10253,115.78264
6164,ATWELL,WA,-32.14601,115.86513
6164,AUBIN GROVE,WA,-32.16840,115.86114
6164,BANJUP,WA,-32.15702,115.88901
6164,BEELIAR,WA,-32.13126,115.81155
6164,COCKBURN CENTRAL,WA,-32.12133,115.84844
6164,HAMMOND PARK,WA,-32.16844,115.84944
6164,JANDAKOT,WA,-32.10714,115.85986
6164,SOUTH LAKE,WA,-32.10410,115.84026
6164,SUCCESS,WA,-32.15366,115.84635
6164,TREEBY,WA,-32.12180,115.89500
6164,YANGEBUP,WA,-32.12181,115.80825
6165,HOPE VALLEY,WA,-32.20078,115.80573
6165,NAVAL BASE,WA,-32.19875,115.78238
6166,COOGEE,WA,-32.11613,115.76579
6166,HENDERSON,WA,-32.14576,115.77859
6166,LAKE COOGEE,WA,-32.12800,115.78600
6166,MUNSTER,WA,-32.15094,115.81131
6166,WATTLEUP,WA,-32.17711,115.80312
6167,ANKETELL,WA,-32.21791,115.85931
6167,BERTRAM,WA,-32.24754,115.84766
6167,CALISTA,WA,-32.24712,115.80655
6167,CASUARINA,WA,-32.23759,115.87458
6167,KWINANA BEACH,WA,-32.22609,115.77638
6167,KWINANA TOWN CENTRE,WA,-32.24764,115.81352
6167,MANDOGALUP,WA,-32.19356,115.84220
6167,MEDINA,WA,-32.23627,115.80537
6167,ORELIA,WA,-32.23503,115.82082
6167,PARMELIA,WA,-32.25007,115.82566
6167,POSTANS,WA,-32.22061,115.81099
6167,THE SPECTACLES,WA,-32.22887,115.84642
6167,WANDI,WA,-32.19285,115.88071
6168,COOLOONGUP,WA,-32.29458,115.76292
6168,EAST ROCKINGHAM,WA,-32.25858,115.76372
6168,GARDEN ISLAND,WA,-32.20433,115.67763
6168,HILLMAN,WA,-32.28289,115.76304
6168,PERON,WA,-32.27499,115.70036
6168,ROCKINGHAM,WA,-32.27810,115.73514
6168,ROCKINGHAM BEACH,WA,-32.26766,115.73968
6168,ROCKINGHAM DC,WA,-32.27510,115.77200
6169,SAFETY BAY,WA,-32.31007,115.73190
6169,SHOALWATER,WA,-32.29337,115.71077
6169,WAIKIKI,WA,-32.31546,115.75302
6169,WARNBRO,WA,-32.33676,115.75950
6170,LEDA,WA,-32.27155,115.80182
6170,WELLARD,WA,-32.26327,115.86291
6171,BALDIVIS,WA,-32.32222,115.82852
6172,PORT KENNEDY,WA,-32.37601,115.75160
6173,SECRET HARBOUR,WA,-32.40513,115.76344
6174,GOLDEN BAY,WA,-32.42625,115.76344
6175,SINGLETON,WA,-32.44668,115.75456
6176,KARNUP,WA,-32.42507,115.79302
6180,LAKELANDS,WA,-32.47271,115.77071
6180,PARKLANDS,WA,-32.49703,115.76826
6181,STAKE HILL,WA,-32.49240,115.79900
6182,KERALUP,WA,-32.43580,115.84000
6207,MYARA,WA,-32.47481,116.05664
6207,NAMBEELUP,WA,-32.51107,115.84294
6207,NORTH DANDALUP,WA,-32.51980,115.96667
6207,SOLUS,WA,-32.48390,116.12233
6207,WHITTAKER,WA,-32.54777,116.00867
6208,BLYTHEWOOD,WA,-32.67562,115.86188
6208,FAIRBRIDGE,WA,-32.58306,115.93462
6208,MEELON,WA,-32.69279,115.93993
6208,NIRIMBA,WA,-32.66626,115.74812
6208,NORTH YUNDERUP,WA,-32.57591,115.79189
6208,OAKLEY,WA,-32.64361,115.94426
6208,PINJARRA,WA,-32.62701,115.87888
6208,POINT GREY,WA,-32.65452,115.68596
6208,RAVENSWOOD,WA,-32.57823,115.87538
6208,SOUTH YUNDERUP,WA,-32.58579,115.78670
6208,WEST PINJARRA,WA,-32.64161,115.80870
6209,BARRAGUP,WA,-32.55020,115.79600
6209,FURNISSDALE,WA,-32.56061,115.77266
6210,BARRAGUP,WA,-32.55020,115.79600
6210,BOUVARD,WA,-32.68980,115.64000
6210,CLIFTON,WA,-32.76547,115.63962
6210,COODANUP,WA,-32.55687,115.74807
6210,DAWESVILLE,WA,-32.63460,115.63400
6210,DUDLEY PARK,WA,-32.54920,115.73219
6210,ERSKINE,WA,-32.55901,115.69444
6210,FALCON,WA,-32.58828,115.65617
6210,FURNISSDALE,WA,-32.56060,115.77300
6210,GREENFIELDS,WA,-32.52865,115.76463
6210,HALLS HEAD,WA,-32.53632,115.71518
6210,HERRON,WA,-32.75490,115.67100
6210,LAKELANDS,WA,-32.47270,115.77100
6210,MADORA BAY,WA,-32.47379,115.75065
6210,MANDURAH,WA,-32.54616,115.72201
6210,MANDURAH DC,WA,-32.53460,115.72900
6210,MANDURAH EAST,WA,-32.54616,115.72201
6210,MANDURAH NORTH,WA,-32.51470,115.74037
6210,MEADOW SPRINGS,WA,-32.49938,115.76046
6210,PARKLANDS,WA,-32.49700,115.76800
6210,SAN REMO,WA,-32.49018,115.74479
6210,SILVER SANDS,WA,-32.51090,115.73491
6210,STAKE HILL,WA,-32.46610,115.79800
6210,WANNANUP,WA,-32.59774,115.64826
6211,BOUVARD,WA,-32.68977,115.63972
6211,CLIFTON,WA,-32.68977,115.63972
6211,DAWESVILLE,WA,-32.63457,115.63384
6211,HERRON,WA,-32.75494,115.67086
6213,BANKSIADALE,WA,-32.59598,116.09203
6213,DWELLINGUP,WA,-32.71425,116.06650
6213,ETMILYN,WA,-32.74624,116.13269
6213,HOLYOAKE,WA,-32.69867,116.06842
6213,INGLEHOPE,WA,-32.75931,116.19296
6213,MARRINUP,WA,-32.65425,116.01559
6213,TEESDALE,WA,-32.73651,116.00592
6214,BIRCHMONT,WA,-32.71596,115.71481
6214,COOLUP,WA,-32.73998,115.87455
6214,WEST COOLUP,WA,-32.73998,115.87455
6215,HAMEL,WA,-32.86800,115.90147
6215,LAKE CLIFTON,WA,-32.88433,115.71312
6215,NANGA BROOK,WA,-32.84563,116.06081
6215,PRESTON BEACH,WA,-32.87759,115.67414
6215,WAGERUP,WA,-32.92633,115.90298
6215,WAROONA,WA,-32.84300,115.85263
6218,YARLOOP,WA,-32.95717,115.86401
6219,COOKERNUP,WA,-33.00350,115.85150
6220,HARVEY,WA,-33.08231,115.90568
6220,HOFFMAN,WA,-33.08457,116.09105
6220,MYALUP,WA,-33.03628,115.73257
6220,UDUC,WA,-33.05183,115.80332
6220,WARAWARRUP,WA,-33.05212,115.90768
6221,MORNINGTON,WA,-33.14702,115.94473
6221,WOKALUP,WA,-33.10977,115.87140
6223,BENGER,WA,-33.17231,115.84035
6224,BEELA,WA,-33.24054,115.89760
6224,BRUNSWICK,WA,-33.25253,115.83925
6225,ALLANSON,WA,-33.32854,116.08648
6225,BOWELLING,WA,-33.42120,116.48445
6225,BUCKINGHAM,WA,-33.35332,116.34376
6225,CARDIFF,WA,-33.46998,116.25058
6225,COLLIE,WA,-33.35807,116.15122
6225,COLLIE BURN,WA,-33.39406,116.19029
6225,HARRIS RIVER,WA,-33.26509,116.14560
6225,LYALLS MILL,WA,-33.46099,116.12592
6225,MCALINDEN,WA,-33.58760,116.32778
6225,MUJA,WA,-33.44120,116.32973
6225,MUMBALLUP,WA,-33.53389,116.12592
6225,MUNGALUP,WA,-33.41637,116.08191
6225,NOGGERUP,WA,-33.60494,116.10301
6225,PALMER,WA,-33.30465,116.24072
6225,PRESTON SETTLEMENT,WA,-33.41693,116.15806
6225,SHOTTS,WA,-33.37578,116.25343
6225,WORSLEY,WA,-33.32053,115.98024
6225,YOURDAMUNG LAKE,WA,-33.17059,116.31169
6226,ROELANDS,WA,-33.29278,115.86401
6227,BUREKUP,WA,-33.32424,115.81668
6228,WATERLOO,WA,-33.33474,115.76935
6229,PICTON,WA,-33.35067,115.69631
6229,PICTON EAST,WA,-33.33898,115.72570
6230,BUNBURY,WA,-33.32100,115.63835
6230,CAREY PARK,WA,-33.35935,115.65305
6230,COLLEGE GROVE,WA,-33.37439,115.65827
6230,DALYELLUP,WA,-33.41094,115.61872
6230,DAVENPORT,WA,-33.35721,115.66665
6230,EAST BUNBURY,WA,-33.34037,115.65464
6230,GELORUP,WA,-33.41636,115.64168
6230,GLEN IRIS,WA,-33.33986,115.67985
6230,PELICAN POINT,WA,-33.31505,115.69504
6230,SOUTH BUNBURY,WA,-33.34955,115.64107
6230,USHER,WA,-33.37696,115.62973
6230,VITTORIA,WA,-33.32815,115.67405
6230,WITHERS,WA,-33.36536,115.63769
6231,BUNBURY,WA,-33.32100,115.63835
6232,EATON,WA,-33.31696,115.71585
6232,MILLBRIDGE,WA,-33.30759,115.73416
6233,AUSTRALIND,WA,-33.27512,115.72853
6233,BINNINGUP,WA,-33.13577,115.72062
6233,LESCHENAULT,WA,-33.23158,115.72851
6233,PARKFIELD,WA,-33.17575,115.71698
6233,WELLESLEY,WA,-33.21374,115.76102
6236,CROOKED BROOK,WA,-33.49790,115.81831
6236,DARDANUP,WA,-33.39795,115.72078
6236,DARDANUP WEST,WA,-33.39795,115.72078
6236,FERGUSON,WA,-33.43810,115.84500
6236,HENTY,WA,-33.37909,115.80942
6236,PARADISE,WA,-33.37366,115.77144
6236,WELLINGTON FOREST,WA,-33.43395,115.94610
6236,WELLINGTON MILL,WA,-33.46517,115.91017
6237,BOYANUP,WA,-33.48197,115.72755
6237,ELGIN,WA,-33.53570,115.63209
6237,GWINDINUP,WA,-33.52290,115.74942
6237,NORTH BOYANUP,WA,-33.42333,115.70649
6237,STRATHAM,WA,-33.47137,115.59366
6237,THE PLAINS,WA,-33.57499,115.68934
6239,ARGYLE,WA,-33.53926,115.76152
6239,BEELERUP,WA,-33.54341,115.85400
6239,BROOKHAMPTON,WA,-33.61098,115.87181
6239,CHARLEY CREEK,WA,-33.57602,115.90647
6239,DONNYBROOK,WA,-33.57884,115.82801
6239,GLEN MERVYN,WA,-33.53024,116.06986
6239,PAYNEDALE,WA,-33.65033,115.76004
6239,QUEENWOOD,WA,-33.54268,115.90126
6239,THOMSON BROOK,WA,-33.62965,115.96370
6239,UPPER CAPEL,WA,-33.59794,115.82059
6239,YABBERUP,WA,-33.53780,116.00759
6240,LOWDEN,WA,-33.54348,115.95863
6243,WILGA,WA,-33.70000,116.23333
6243,WILGA WEST,WA,-33.70451,116.13654
6244,BOYUP BROOK,WA,-33.82947,116.38411
6244,CHOWERUP,WA,-34.08321,116.69745
6244,DINNINUP,WA,-33.81297,116.54265
6244,KULIKUP,WA,-33.80755,116.71331
6244,MAYANUP,WA,-33.95605,116.44558
6244,SCOTTS BROOK,WA,-33.93564,116.66699
6244,TONEBRIDGE,WA,-34.21945,116.69381
6244,TRIGWELL,WA,-33.67320,116.63200
6251,BRAZIER,WA,-33.72768,115.82248
6251,KIRUP,WA,-33.70966,115.89389
6251,NEWLANDS,WA,-33.66991,115.87740
6252,MULLALYUP,WA,-33.75203,115.95863
6253,BALINGUP,WA,-33.78661,115.98443
6253,GRIMWADE,WA,-33.70068,116.05184
6253,SOUTHAMPTON,WA,-33.84496,115.92147
6254,GREENBUSHES,WA,-33.85680,116.05323
6254,NORTH GREENBUSHES,WA,-33.81825,116.05480
6255,BENJINUP,WA,-33.79702,116.27425
6255,BRIDGETOWN,WA,-33.95829,116.13812
6255,CATTERICK,WA,-33.85356,116.16313
6255,HESTER,WA,-33.90783,116.15974
6255,HESTER BROOK,WA,-33.90808,116.10667
6255,KANGAROO GULLY,WA,-33.95985,116.18312
6255,WINNEJUP,WA,-33.96850,116.32538
6256,GLENLYNN,WA,-34.01837,116.15205
6256,KINGSTON,WA,-34.12749,116.39187
6256,MARANUP,WA,-33.95338,116.02542
6256,SUNNYSIDE,WA,-34.02695,116.25217
6256,WANDILLUP,WA,-34.01161,116.08553
6256,YORNUP,WA,-34.05545,116.16977
6258,BALBARRUP,WA,-34.21532,116.24599
6258,CROWEA,WA,-34.54632,116.14947
6258,DEANMILL,WA,-34.24924,116.08273
6258,DIAMOND TREE,WA,-34.33529,116.11109
6258,DINGUP,WA,-34.28206,116.23615
6258,DIXVALE,WA,-34.20635,116.05509
6258,DONNELLY RIVER,WA,-34.08076,115.97001
6258,GLENORAN,WA,-34.22945,115.95476
6258,JARDEE,WA,-34.31813,116.06261
6258,LAKE MUIR,WA,-34.43593,116.50400
6258,LINFARNE,WA,-34.16686,116.11461
6258,MANJIMUP,WA,-34.24916,116.14375
6258,MIDDLESEX,WA,-34.31926,116.16385
6258,MORDALUP,WA,-34.30087,116.66430
6258,NYAMUP,WA,-34.32880,116.30600
6258,PALGARUP,WA,-34.17443,116.17234
6258,PERUP,WA,-34.29710,116.45545
6258,QUINNINUP,WA,-34.43352,116.22225
6258,RINGBARK,WA,-34.20660,116.11522
6258,SHANNON RIVER MILL,WA,-34.86650,116.36900
6258,SMITH BROOK,WA,-34.36582,116.20724
6258,UPPER WARREN,WA,-34.36121,116.28164
6258,WILGARRUP,WA,-34.15194,116.19845
6258,YANMAH,WA,-34.18349,116.01911
6260,BEEDELUP,WA,-34.35164,115.93684
6260,BIDDELIA,WA,-34.23475,115.70358
6260,CALLCUP,WA,-34.59143,115.91454
6260,CHANNYBEARUP,WA,-34.40548,115.97548
6260,COLLINS,WA,-34.46357,116.10748
6260,COLLINS SIDING,WA,-34.46360,116.10700
6260,EASTBROOK,WA,-34.38156,116.06963
6260,LAKE JASPER,WA,-34.41643,115.66917
6260,PEERABEELUP,WA,-34.33674,115.77581
6260,PEMBERTON,WA,-34.44327,116.03694
6260,YEAGARUP,WA,-34.48589,115.93805
6262,BOORARA BROOK,WA,-34.67617,116.17861
6262,CROWEA,WA,-34.54630,116.14900
6262,MEERUP,WA,-34.63712,116.08414
6262,NORTHCLIFFE,WA,-34.63310,116.12415
6262,SHANNON,WA,-34.75815,116.38128
6262,WINDY HARBOUR,WA,-34.80840,116.07398
6271,CAPEL,WA,-33.54263,115.56171
6271,CAPEL RIVER,WA,-33.62774,115.66243
6271,FORREST BEACH,WA,-33.57502,115.48257
6271,PEPPERMINT GROVE BEACH,WA,-33.52882,115.50620
6271,STIRLING ESTATE,WA,-33.49741,115.54459
6275,BARRABUP,WA,-33.88305,115.68013
6275,CARLOTTA,WA,-34.09423,115.77961
6275,CUNDINUP,WA,-33.84436,115.79799
6275,DARRADUP,WA,-34.09939,115.56748
6275,EAST NANNUP,WA,-34.02555,115.79720
6275,JALBARRAGUP,WA,-34.03953,115.61938
6275,JARRAHWOOD,WA,-33.79619,115.66528
6275,NANNUP,WA,-33.98214,115.76805
6275,SCOTT RIVER EAST,WA,-34.28203,115.47057
6275,YOGANUP,WA,-33.73891,115.54702
6280,ABBA RIVER,WA,-33.68048,115.50333
6280,ABBEY,WA,-33.66125,115.25941
6280,ACTON PARK,WA,-33.76278,115.36395
6280,AMBERGATE,WA,-33.70855,115.32609
6280,ANNIEBROOK,WA,-33.66496,115.16953
6280,BOALLIA,WA,-33.77419,115.26867
6280,BOVELL,WA,-33.66532,115.36188
6280,BROADWATER,WA,-33.66017,115.28471
6280,BUSSELTON,WA,-33.65316,115.34549
6280,CARBUNUP RIVER,WA,-33.70541,115.18548
6280,CHAPMAN HILL,WA,-33.79547,115.32859
6280,GEOGRAPHE,WA,-33.63763,115.37651
6280,HITHERGREEN,WA,-33.73455,115.47980
6280,JINDONG,WA,-33.74235,115.23586
6280,KALGUP,WA,-33.68048,115.50333
6280,KALOORUP,WA,-33.79544,115.21128
6280,KEALY,WA,-33.67123,115.23564
6280,LUDLOW,WA,-33.61394,115.48648
6280,MARYBROOK,WA,-33.67431,115.19221
6280,METRICUP,WA,-33.80487,115.12164
6280,NORTH JINDONG,WA,-33.72983,115.19925
6280,REINSCOURT,WA,-33.65014,115.40307
6280,RUABON,WA,-33.64609,115.50552
6280,SABINA RIVER,WA,-33.74948,115.41980
6280,SIESTA PARK,WA,-33.65525,115.22397
6280,TUTUNUP,WA,-33.66240,115.56047
6280,VASSE,WA,-33.67415,115.25290
6280,WALSALL,WA,-33.79796,115.37571
6280,WEST BUSSELTON,WA,-33.65598,115.32406
6280,WILYABRUP,WA,-33.77119,115.03423
6280,WONNERUP,WA,-33.61813,115.42219
6280,YALYALUP,WA,-33.66524,115.38606
6280,YELVERTON,WA,-33.75021,115.11262
6280,YOONGARILLUP,WA,-33.71497,115.42361
6281,DUNSBOROUGH,WA,-33.61740,115.10111
6281,EAGLE BAY,WA,-33.56205,115.06224
6281,NATURALISTE,WA,-33.55745,115.03737
6281,QUEDJINUP,WA,-33.63772,115.08996
6281,QUINDALUP,WA,-33.66712,115.14229
6282,YALLINGUP,WA,-33.67260,115.03083
6282,YALLINGUP SIDING,WA,-33.69864,115.10576
6284,BAUDIN,WA,-33.87253,115.46634
6284,COWARAMUP,WA,-33.85221,115.10142
6284,GRACETOWN,WA,-33.86416,114.98823
6284,TREETON,WA,-33.84700,115.20759
6285,BRAMLEY,WA,-33.91582,115.08261
6285,BURNSIDE,WA,-33.91785,115.04284
6285,GNARABUP,WA,-33.99784,114.99899
6285,MARGARET RIVER,WA,-33.96105,115.07674
6285,OSMINGTON,WA,-33.90713,115.20305
6285,PREVELLY,WA,-33.97574,114.99534
6285,ROSA BROOK,WA,-33.94017,115.19423
6285,ROSA GLEN,WA,-34.00343,115.20020
6285,SCHROEDER,WA,-34.01488,115.39203
6285,YEBBLE,WA,-33.91582,115.08261
6286,BORANUP,WA,-34.08080,115.01550
6286,FOREST GROVE,WA,-34.07235,115.10689
6286,REDGATE,WA,-34.02722,115.02836
6286,WITCHCLIFFE,WA,-34.01685,115.09732
6288,ALEXANDRA BRIDGE,WA,-34.16040,115.20273
6288,COURTENAY,WA,-34.18394,115.27045
6288,HAMELIN BAY,WA,-34.22833,115.05595
6288,KARRIDALE,WA,-34.20387,115.14025
6288,NILLUP,WA,-34.13511,115.26934
6288,SCOTT RIVER,WA,-34.28325,115.27003
6288,WARNER GLEN,WA,-34.12123,115.21602
6290,AUGUSTA,WA,-34.31605,115.15970
6290,DEEPDENE,WA,-34.27073,115.09991
6290,EAST AUGUSTA,WA,-34.31433,115.17221
6290,KUDARDUP,WA,-34.24748,115.16311
6290,LEEUWIN,WA,-34.35169,115.16605
6290,MOLLOY ISLAND,WA,-34.26987,115.21004
6302,BADGIN,WA,-31.80602,116.99688
6302,BALLADONG,WA,-31.92724,116.73951
6302,BURGES,WA,-31.83140,116.76134
6302,CALJIE,WA,-31.72848,116.93922
6302,COLD HARBOUR,WA,-31.87844,116.84089
6302,DALIAK,WA,-31.87361,116.72753
6302,FLINT,WA,-32.23266,116.43764
6302,FLYNN,WA,-32.03288,116.47136
6302,GILGERING,WA,-32.04747,116.78861
6302,GREENHILLS,WA,-31.91707,116.96430
6302,GWAMBYGINE,WA,-31.97346,116.80925
6302,INKPEN,WA,-31.83859,116.58328
6302,KAURING,WA,-31.94531,117.00876
6302,MALEBELLING,WA,-31.83090,116.91518
6302,MOUNT HARDEY,WA,-31.89973,116.85817
6302,MOUNT OBSERVATION,WA,-31.94245,116.49423
6302,NARRALOGGAN,WA,-31.88117,117.10021
6302,QUELLINGTON,WA,-31.78440,116.83798
6302,SAINT RONANS,WA,-31.89940,116.65100
6302,ST RONANS,WA,-31.89938,116.65097
6302,TALBOT,WA,-32.02527,116.62919
6302,TALBOT WEST,WA,-32.14688,116.66367
6302,WILBERFORCE,WA,-31.77330,116.71295
6302,YORK,WA,-31.89350,116.76818
6304,BALLY BALLY,WA,-32.18432,117.11631
6304,BEVERLEY,WA,-32.10982,116.92287
6304,DALE,WA,-32.21334,116.73472
6304,EAST BEVERLEY,WA,-32.02496,117.03281
6304,KOKEBY,WA,-32.21193,116.97444
6304,MORBINNING,WA,-32.11064,117.15874
6304,WESTDALE,WA,-32.30976,116.60743
6306,ALDERSYDE,WA,-32.31703,117.27558
6306,BROOKTON,WA,-32.36635,117.00759
6306,BULYEE,WA,-32.33428,117.51011
6306,JELCOBINE,WA,-32.39752,116.81916
6306,KWEDA,WA,-32.33588,117.36487
6308,CODJATOTINE,WA,-32.66023,116.82635
6308,DWARDA,WA,-32.76841,116.67944
6308,EAST PINGELLY,WA,-32.52800,117.27272
6308,HASTINGS,WA,-32.55961,116.79783
6308,PINGELLY,WA,-32.53277,117.08407
6308,PUMPHREYS BRIDGE,WA,-32.66680,116.90738
6308,SPRINGS,WA,-32.58130,116.53916
6308,WANDERING,WA,-32.67735,116.67337
6308,WEST PINGELLY,WA,-32.53277,117.08407
6309,EAST POPANYINNING,WA,-32.63333,117.29113
6309,POPANYINNING,WA,-32.66260,117.12389
6309,STRATHERNE,WA,-32.66009,117.34990
6309,WEST POPANYINNING,WA,-32.68080,116.99147
6311,COMMODINE,WA,-32.77264,117.32119
6311,CONTINE,WA,-32.83011,116.98852
6311,CUBALLING,WA,-32.81888,117.17918
6311,DRYANDRA,WA,-32.77687,116.97110
6311,LOL GRAY,WA,-32.73428,116.98935
6311,TOWNSENDALE,WA,-32.71066,117.27915
6311,WARDERING,WA,-32.82428,117.29810
6311,YORNANING,WA,-32.74201,117.16362
6312,BOUNDAIN,WA,-32.94660,117.38840
6312,DUMBERNING,WA,-32.97927,117.15631
6312,HILLSIDE,WA,-32.92105,117.18536
6312,MINIGIN,WA,-32.95234,117.05892
6312,NARROGIN,WA,-32.93120,117.17853
6312,NARROGIN VALLEY,WA,-32.94081,117.21802
6312,NOMANS LAKE,WA,-33.01113,117.50171
6312,TOOLIBIN,WA,-32.91521,117.65687
6312,YILLIMINNING,WA,-32.87191,117.41675
6313,HIGHBURY,WA,-33.07634,117.22058
6315,ARTHUR RIVER,WA,-33.34544,117.03694
6315,BALLAYING,WA,-33.35476,117.59440
6315,CANCANNING,WA,-33.11190,117.52197
6315,COLLANILLING,WA,-33.22886,117.54263
6315,DONGOLOCKING,WA,-33.14540,117.76867
6315,GUNDARING,WA,-33.31661,117.49586
6315,JALORAN,WA,-33.17305,117.42865
6315,LIME LAKE,WA,-33.41599,117.37227
6315,MINDING,WA,-33.28274,117.19681
6315,PIESSEVILLE,WA,-33.19223,117.28698
6315,WAGIN,WA,-33.31093,117.34617
6315,WEDGECARRUP,WA,-33.42105,117.18400
6316,BOYERINE,WA,-33.47528,117.40157
6316,CARTMETICUP,WA,-33.48345,117.50981
6316,GLENCOE,WA,-33.46714,117.63285
6316,KENMARE,WA,-33.56473,117.22610
6316,WESTWOOD,WA,-33.56339,117.32733
6316,WOODANILLING,WA,-33.56340,117.43111
6317,BADGEBUP,WA,-33.63350,117.89865
6317,BULLOCK HILLS,WA,-33.40791,117.70389
6317,CARROLUP,WA,-33.75861,117.36836
6317,COBLININE,WA,-33.61468,117.69705
6317,COYRECUP,WA,-33.66138,117.83840
6317,DATATINE,WA,-33.42567,117.86290
6317,EWLYAMARTUP,WA,-33.69219,117.68811
6317,KATANNING,WA,-33.68937,117.55512
6317,MARRACOONDA,WA,-33.67145,117.46413
6317,MOOJEBING,WA,-33.61148,117.55080
6317,MURDONG,WA,-33.74627,117.59629
6317,PINWERNYING,WA,-33.66604,117.54012
6317,SOUTH DATATINE,WA,-33.49765,117.87473
6317,SOUTH GLENCOE,WA,-33.52833,117.65622
6318,BROOMEHILL,WA,-33.84468,117.63957
6318,BROOMEHILL EAST,WA,-33.88817,117.69685
6318,BROOMEHILL VILLAGE,WA,-33.84470,117.64000
6318,BROOMEHILL WEST,WA,-33.87910,117.55501
6320,BOBALONG,WA,-34.00954,117.62556
6320,BORDERDALE,WA,-34.03712,117.42492
6320,DARTNALL,WA,-34.02253,117.76602
6320,LAKE TOOLBRUNUP,WA,-34.13044,117.89998
6320,MOONIES HILL,WA,-34.09340,117.53833
6320,TAMBELLUP,WA,-34.04095,117.63932
6320,WANSBROUGH,WA,-34.14279,117.67363
6321,CRANBROOK,WA,-34.25005,117.50262
6322,TENTERDEN,WA,-34.41081,117.43215
6323,KENDENUP,WA,-34.45860,117.57306
6324,DENBARKER,WA,-34.69653,117.46416
6324,FOREST HILL,WA,-34.61541,117.44228
6324,MOUNT BARKER,WA,-34.63075,117.66536
6324,PERILLUP,WA,-34.57081,117.23244
6324,PORONGURUP,WA,-34.65947,117.89466
6324,SOUTH STIRLING,WA,-34.61809,118.25658
6324,TAKALARUP,WA,-34.54772,118.10160
6324,WOOGENELLUP,WA,-34.52409,117.87895
6326,NARRIKUP,WA,-34.77744,117.69042
6327,REDMOND,WA,-34.88778,117.69278
6327,REDMOND WEST,WA,-34.84694,117.58872
6328,CAPE RICHE,WA,-34.61670,118.76700
6328,CHEYNES,WA,-34.82405,118.32855
6328,GNOWELLEN,WA,-34.39208,118.57124
6328,GREEN RANGE,WA,-34.71311,118.32062
6328,KOJANEERUP SOUTH,WA,-34.50309,118.37314
6328,MANYPEAKS,WA,-34.83828,118.17298
6328,METTLER,WA,-34.56948,118.58722
6328,PALMDALE,WA,-34.68793,118.15317
6328,WELLSTEAD,WA,-34.49525,118.60146
6330,ALBANY,WA,-35.02693,117.88372
6330,BAYONET HEAD,WA,-34.97514,117.93774
6330,BIG GROVE,WA,-35.08426,117.88340
6330,BORNHOLM,WA,-35.04627,117.58106
6330,CENTENNIAL PARK,WA,-35.01550,117.88500
6330,COLLINGWOOD HEIGHTS,WA,-34.99878,117.91684
6330,COLLINGWOOD PARK,WA,-35.00686,117.92209
6330,CUTHBERT,WA,-35.01602,117.79310
6330,DROME,WA,-34.92447,117.79206
6330,ELLEKER,WA,-35.00800,117.72645
6330,EMU POINT,WA,-34.99777,117.93837
6330,FRENCHMAN BAY,WA,-35.09432,117.94965
6330,GLEDHOW,WA,-35.00790,117.82795
6330,GOODE BEACH,WA,-35.08617,117.92876
6330,GREEN VALLEY,WA,-34.87809,117.81942
6330,KALGAN,WA,-34.89475,118.00052
6330,KING RIVER,WA,-34.93198,117.91260
6330,KRONKUP,WA,-35.03843,117.62258
6330,LANGE,WA,-34.99156,117.89275
6330,LITTLE GROVE,WA,-35.06825,117.87014
6330,LOCKYER,WA,-35.00533,117.85687
6330,LOWER KING,WA,-34.95379,117.93572
6330,LOWLANDS,WA,-35.06288,117.52584
6330,MARBELUP,WA,-34.98523,117.72439
6330,MCKAIL,WA,-34.98510,117.83101
6330,MIDDLETON BEACH,WA,-35.02278,117.90898
6330,MILLBROOK,WA,-34.91928,117.87689
6330,MILPARA,WA,-34.98680,117.86228
6330,MIRA MAR,WA,-35.01471,117.90260
6330,MOUNT CLARENCE,WA,-35.01997,117.89875
6330,MOUNT ELPHINSTONE,WA,-35.02252,117.85948
6330,MOUNT MELVILLE,WA,-35.01414,117.86986
6330,NANARUP,WA,-34.99349,118.04583
6330,NAPIER,WA,-34.78789,117.95446
6330,NULLAKI,WA,-35.01996,117.39234
6330,ORANA,WA,-34.99193,117.85631
6330,PORT ALBANY,WA,-35.03040,117.89792
6330,ROBINSON,WA,-35.03315,117.83163
6330,SANDPATCH,WA,-35.05659,117.78164
6330,SEPPINGS,WA,-35.00787,117.91130
6330,SPENCER PARK,WA,-35.00833,117.89632
6330,TORBAY,WA,-34.98304,117.64499
6330,TORNDIRRUP,WA,-35.05566,117.85146
6330,VANCOUVER PENINSULA,WA,-35.05986,117.93063
6330,WALMSLEY,WA,-34.98266,117.91293
6330,WARRENUP,WA,-34.97574,117.84730
6330,WEST CAPE HOWE,WA,-35.10722,117.61650
6330,WILLYUNG,WA,-34.93913,117.85782
6330,YAKAMIA,WA,-35.00016,117.88226
6330,YOUNGS SIDING,WA,-35.00113,117.51630
6331,ALBANY DC,WA,-35.02690,117.88400
6332,ALBANY,WA,-35.02693,117.88372
6332,ALBANY PO,WA,-35.02690,117.88400
6333,BOW BRIDGE,WA,-34.96774,116.97667
6333,DENMARK,WA,-34.96176,117.35065
6333,HAY,WA,-34.96013,117.40058
6333,HAZELVALE,WA,-34.92729,116.85337
6333,KENTDALE,WA,-34.94591,117.05251
6333,KORDABUP,WA,-34.91210,117.12464
6333,MOUNT LINDESAY,WA,-34.81294,117.34714
6333,MOUNT LINDSAY,WA,-34.82270,117.42100
6333,MOUNT ROMANCE,WA,-34.83530,117.08174
6333,NORNALUP,WA,-35.00876,116.83204
6333,OCEAN BEACH,WA,-35.00715,117.32645
6333,PARRYVILLE,WA,-34.99183,117.11017
6333,PEACEFUL BAY,WA,-35.03859,116.92272
6333,SCOTSDALE,WA,-34.91363,117.25295
6333,SHADFORTH,WA,-34.96132,117.27855
6333,TINGLEDALE,WA,-34.95688,116.88890
6333,TRENT,WA,-34.82022,116.93564
6333,WILLIAM BAY,WA,-34.98663,117.20882
6335,GNOWANGERUP,WA,-33.93726,118.00784
6335,JACKITUP,WA,-33.90559,118.09820
6335,KEBARINGUP,WA,-34.02150,118.14020
6335,PALLINUP,WA,-33.98383,117.93604
6336,COWALELLUP,WA,-34.09517,118.55571
6336,MILLS LAKE,WA,-33.83151,118.53310
6336,MINDARABIN,WA,-33.90350,118.36449
6336,NEEDILUP,WA,-33.95304,118.77204
6336,ONGERUP,WA,-33.96596,118.48548
6336,TOOMPUP,WA,-34.06110,118.35999
6337,FITZGERALD,WA,-33.74742,119.45786
6337,GAIRDNER,WA,-34.20371,118.93805
6337,JACUP,WA,-33.84694,119.21147
6337,JERRAMUNGUP,WA,-33.94209,118.91843
6337,WEST FITZGERALD,WA,-33.80364,119.32774
6338,AMELUP,WA,-34.25290,118.21589
6338,BORDEN,WA,-34.07231,118.26217
6338,BOXWOOD HILL,WA,-34.36603,118.75029
6338,BREMER BAY,WA,-34.39785,119.18969
6338,MAGITUP,WA,-34.13455,118.16114
6338,MONJEBUP,WA,-34.29272,118.54575
6338,NALYERLUP,WA,-34.14464,118.41023
6338,NORTH STIRLINGS,WA,-34.24800,118.07314
6338,STIRLING RANGE NATIONAL PARK,WA,-34.40062,118.10391
6341,NYABING,WA,-33.62546,118.20588
6343,PINGRUP,WA,-33.54387,118.85968
6346,FITZGERALD RIVER NATIONAL PARK,WA,-33.98748,119.50238
6346,JERDACUTTUP,WA,-33.77700,120.45300
6346,RAVENSTHORPE,WA,-33.58176,120.04702
6346,WEST RIVER,WA,-33.48920,119.64273
6348,HOPETOUN,WA,-33.85391,120.02030
6350,BULLOCK HILLS,WA,-33.43390,117.69470
6350,DUMBLEYUNG,WA,-33.31473,117.74206
6350,NAIRIBIN,WA,-33.33650,117.94281
6350,NIPPERING,WA,-33.25346,117.69791
6351,MOULYINNING,WA,-33.22822,117.92633
6351,NORTH MOULYINNING,WA,-33.13054,117.90947
6352,KUKERIN,WA,-33.19133,118.08180
6352,MERILUP,WA,-33.31783,118.20685
6352,NORTH KUKERIN,WA,-33.17633,118.06534
6352,SOUTH KUKERIN,WA,-33.22512,118.10989
6353,BEENONG,WA,-33.03672,118.62742
6353,BUNICHE,WA,-33.00605,118.75771
6353,KUENDER,WA,-32.86700,118.51879
6353,LAKE GRACE,WA,-33.10089,118.46997
6353,MALLEE HILL,WA,-33.21185,118.72020
6353,NEENDALING,WA,-33.11666,118.31984
6353,NORTH BURNGUP,WA,-32.87641,118.78884
6353,NORTH LAKE GRACE,WA,-33.03157,118.46994
6353,SOUTH LAKE GRACE,WA,-33.24482,118.47020
6353,TARIN ROCK,WA,-33.10960,118.23244
6355,DUNN ROCK,WA,-33.35767,119.55358
6355,EAST NEWDEGATE,WA,-33.09248,119.27506
6355,HOLT ROCK,WA,-32.67766,119.41166
6355,LAKE BIDDY,WA,-32.91177,118.96321
6355,LAKE CAMM,WA,-32.95722,119.60486
6355,LITTLE ITALY,WA,-32.62474,119.15340
6355,MAGENTA,WA,-33.35767,119.55358
6355,MOUNT SHERIDAN,WA,-32.88922,119.20710
6355,NEWDEGATE,WA,-33.09322,119.02363
6355,SOUTH NEWDEGATE,WA,-33.21716,119.02546
6355,VARLEY,WA,-32.82316,119.53599
6356,HATTER HILL,WA,-33.03390,119.88200
6356,LAKE KING,WA,-33.08740,119.68820
6356,MOUNT MADDEN,WA,-33.26027,119.83199
6357,PINGARING,WA,-32.68997,118.81307
6358,KARLGARIN,WA,-32.38147,118.71980
6359,FORRESTANIA,WA,-32.41584,119.75496
6359,HYDEN,WA,-32.44904,118.86565
6359,LITTLE ITALY,WA,-32.62470,119.15300
6361,HARRISMITH,WA,-32.93628,117.85651
6361,TINCURRIN,WA,-32.98053,117.74955
6363,DUDININ,WA,-32.95244,118.00432
6363,WALYURIN,WA,-32.87095,118.25587
6365,JILAKIN,WA,-32.67707,118.40804
6365,JITARNING,WA,-32.78741,117.98742
6365,KULIN,WA,-32.67563,118.23546
6365,KULIN WEST,WA,-32.62038,118.10744
6367,BENDERING,WA,-32.38840,118.30400
6367,KONDININ,WA,-32.42038,118.39294
6368,SOUTH KUMMININ,WA,-32.20076,118.43968
6369,EMU HILL,WA,-32.08330,118.33300
6369,MOUNT WALKER,WA,-32.06974,118.82070
6369,NAREMBEEN,WA,-32.06534,118.39577
6369,WADDERIN,WA,-32.07288,118.39139
6369,WEST HOLLETON,WA,-32.02810,119.03491
6369,WOOLOCUTTY,WA,-32.16528,119.00867
6370,EAST WICKEPIN,WA,-32.78280,117.70756
6370,GILLIMANNING,WA,-32.78280,117.70756
6370,KIRK ROCK,WA,-32.63501,117.73537
6370,MALYALLING,WA,-32.71520,117.59774
6370,WICKEPIN,WA,-32.78161,117.50283
6370,WOGOLIN,WA,-32.79779,117.82856
6372,KIRK ROCK,WA,-32.62758,117.62001
6372,YEALERING,WA,-32.62758,117.62001
6373,BULLARING,WA,-32.52587,117.78425
6375,ADAMSVALE,WA,-32.19986,117.67261
6375,BILBARIN,WA,-32.20410,117.95532
6375,CORRIGIN,WA,-32.33406,117.87743
6375,GORGE ROCK,WA,-32.45677,118.04262
6375,KUNJIN,WA,-32.35749,117.75241
6375,KURRENKUTTEN,WA,-32.35341,118.12380
6383,BADJALING,WA,-31.99889,117.49936
6383,BALKULING,WA,-31.94903,117.16177
6383,CUBBINE,WA,-31.88174,117.35065
6383,DANGIN,WA,-32.05264,117.34990
6383,DOODENANNING,WA,-31.86117,117.19220
6383,DULBELLING,WA,-31.97052,117.25423
6383,MAWSON,WA,-31.98420,117.19000
6383,MOUNT STIRLING,WA,-31.88118,117.52836
6383,QUAIRADING,WA,-32.01269,117.39551
6383,SOUTH CAROLING,WA,-32.15200,117.38700
6383,SOUTH QUAIRADING,WA,-32.15414,117.37209
6383,WAMENUSKING,WA,-32.14700,117.61694
6383,YOTING,WA,-31.96220,117.59166
6384,PANTAPIN,WA,-32.03086,117.66695
6385,KWOLYIN,WA,-31.93590,117.71388
6386,SHACKLETON,WA,-32.00184,117.87803
6390,BANNISTER,WA,-32.58209,116.48552
6390,BODDINGTON,WA,-32.79801,116.47776
6390,CROSSMAN,WA,-32.81930,116.61192
6390,LOWER HOTHAM,WA,-32.93029,116.41385
6390,MARRADONG,WA,-32.93886,116.45485
6390,MOUNT COOKE,WA,-32.41417,116.30778
6390,MOUNT WELLS,WA,-32.60516,116.31490
6390,NORTH BANNISTER,WA,-32.58209,116.48552
6390,RANFORD,WA,-32.79278,116.49490
6390,UPPER MURRAY,WA,-32.98890,116.30684
6390,WURAMING,WA,-32.83119,116.27359
6391,BORANING,WA,-33.10570,116.70900
6391,CONGELIN,WA,-32.85350,116.89100
6391,CULBIN,WA,-33.16690,116.84200
6391,HILLMAN RIVER,WA,-33.42800,116.81700
6391,NARRAKINE,WA,-32.99230,116.76700
6391,QUINDANNING,WA,-33.03289,116.48935
6391,TARWONGA,WA,-33.08030,117.10200
6391,WILLIAMS,WA,-33.01910,116.75000
6392,BOKAL,WA,-33.44172,116.90273
6392,BOOLADING,WA,-33.35976,116.62323
6392,DARDADINE,WA,-33.23210,116.79100
6392,DARKAN,WA,-33.33450,116.73315
6392,MEEKING,WA,-33.24700,116.62800
6393,CORDERING,WA,-33.51210,116.67535
6393,DURANILLIN,WA,-33.52069,116.79687
6393,MOODIARRUP,WA,-33.61181,116.75803
6393,TRIGWELL,WA,-33.67319,116.63183
6394,BEAUFORT RIVER,WA,-33.58828,117.04612
6394,BOILUP,WA,-33.75925,117.00560
6394,BOSCABEL,WA,-33.69871,117.11377
6394,CHANGERUP,WA,-33.73534,116.84530
6394,MOKUP,WA,-33.61660,116.82500
6394,MURADUP,WA,-33.85804,116.94264
6394,ORCHID VALLEY,WA,-34.00762,116.82388
6394,QUALEUP,WA,-33.90442,116.80705
6395,CHERRY TREE POOL,WA,-33.79405,117.27861
6395,JINGALUP,WA,-33.96553,117.03005
6395,KOJONUP,WA,-33.82838,117.15899
6395,LUMEAH,WA,-33.99463,117.23184
6395,MOBRUP,WA,-34.13159,116.91176
6395,RYANSBROOK,WA,-34.08971,117.15857
6396,FRANKLAND,WA,-34.30290,116.93814
6396,FRANKLAND RIVER,WA,-34.30290,116.93800
6397,ROCKY GULLY,WA,-34.63188,116.93814
6398,BROKE,WA,-34.93492,116.41940
6398,NORTH WALPOLE,WA,-34.88390,116.71065
6398,WALPOLE,WA,-34.97586,116.73316
6401,BUCKLAND,WA,-31.53489,116.63541
6401,BURLONG,WA,-31.67379,116.61117
6401,CUNJARDINE,WA,-31.43986,116.85694
6401,IRISHTOWN,WA,-31.59130,116.64687
6401,JENNACUBBINE,WA,-31.46457,116.71462
6401,JENNAPULLIN,WA,-31.52839,116.71690
6401,KATRINE,WA,-31.53489,116.63541
6401,MALABAINE,WA,-31.63238,116.71369
6401,MEENAAR,WA,-31.63710,116.89576
6401,MOKINE,WA,-31.74738,116.55749
6401,MULUCKINE,WA,-31.67275,116.72837
6401,MUMBERKINE,WA,-31.41472,116.65665
6401,MURESK,WA,-31.71932,116.71213
6401,NORTHAM,WA,-31.64787,116.67421
6401,ROSSMORE,WA,-31.40034,116.76783
6401,SOUTHERN BROOK,WA,-31.55896,116.83028
6401,SPENCERS BROOK,WA,-31.72323,116.65538
6401,THROSSELL,WA,-31.69443,116.82684
6401,WONGAMINE,WA,-31.47116,116.62076
6403,GRASS VALLEY,WA,-31.63665,116.82035
6405,GREENWOODS VALLEY,WA,-31.51568,116.90922
6405,MECKERING,WA,-31.62734,117.00862
6405,QUELAGETTING,WA,-31.48291,117.09641
6405,WARDING EAST,WA,-31.75851,117.09035
6407,CUNDERDIN,WA,-31.65157,117.23716
6407,WAEEL,WA,-31.65097,117.16878
6407,WATERCARRIN,WA,-31.44058,117.24132
6407,WYOLA,WA,-31.56428,117.37022
6407,WYOLA WEST,WA,-31.52713,117.31803
6407,YOUNDEGIN,WA,-31.79941,117.29395
6409,DOONGIN,WA,-31.58592,117.50262
6409,NORTH TAMMIN,WA,-31.48450,117.49408
6409,SOUTH TAMMIN,WA,-31.67004,117.49123
6409,TAMMIN,WA,-31.64196,117.48695
6409,YORKRAKINE,WA,-31.36981,117.55101
6410,BUNGULLA,WA,-31.77653,117.79294
6410,DAADENNING CREEK,WA,-31.77653,117.79294
6410,KELLERBERRIN,WA,-31.63301,117.72296
6410,MOUNT CAROLINE,WA,-31.73335,117.63937
6410,NORTH KELLERBERRIN,WA,-31.48021,117.64491
6411,DOODLAKINE,WA,-31.51333,117.84165
6411,SOUTH DOODLAKINE,WA,-31.68644,117.91393
6412,BAANDEE,WA,-31.54519,117.98334
6412,NORTH BAANDEE,WA,-31.37015,117.93458
6413,HINES HILL,WA,-31.51123,118.08886
6414,NANGEENAN,WA,-31.53091,118.18248
6415,GOOMARIN,WA,-31.23824,118.41456
6415,KORBEL,WA,-31.65258,118.15034
6415,MERREDIN,WA,-31.48264,118.27239
6415,NOKANING,WA,-31.37312,118.23190
6415,NORPA,WA,-31.57951,118.41635
6415,TANDEGIN,WA,-31.67329,118.56567
6418,BRUCE ROCK,WA,-31.85095,118.15908
6418,YARDING,WA,-31.87600,117.95000
6419,ARDATH,WA,-32.04486,118.13567
6420,CRAMPHORNE,WA,-31.87350,118.39602
6420,MUNTADGIN,WA,-31.75955,118.55992
6421,BURRACOPPIN,WA,-31.42637,118.42231
6421,CAMPION,WA,-31.02890,118.49800
6421,SOUTH BURRACOPPIN,WA,-31.58926,118.64223
6421,WARRALAKIN,WA,-30.96134,118.59492
6422,WALGOOLAN,WA,-31.34581,118.60314
6423,BOODAROCKIN,WA,-31.00410,118.82972
6423,CARRABIN,WA,-31.40330,118.69223
6423,WARRACHUPPIN,WA,-31.01180,118.69372
6423,WESTONIA,WA,-31.28575,118.69815
6424,BODALLIN,WA,-31.36974,118.86046
6424,NORTH BODALLIN,WA,-31.09061,118.93071
6424,SOUTH BODALLIN,WA,-31.53526,118.88475
6425,DULYALBIN,WA,-31.55389,119.07130
6425,MOORINE ROCK,WA,-31.31333,119.12552
6426,CORINTHIA,WA,-31.13318,119.16669
6426,GHOOLI,WA,-31.27374,119.51191
6426,HOLLETON,WA,-31.94520,119.16714
6426,MARVEL LOCH,WA,-31.46747,119.48945
6426,MOUNT HAMPTON,WA,-31.72525,118.88162
6426,MOUNT HOLLAND,WA,-32.13529,119.57024
6426,MOUNT JACKSON,WA,-30.19554,119.12261
6426,MOUNT PALMER,WA,-31.40061,119.67988
6426,PARKER RANGE,WA,-31.91685,119.81820
6426,SKELETON ROCK,WA,-31.87143,119.40152
6426,SOUTH YILGARN,WA,-31.78974,119.24933
6426,SOUTHERN CROSS,WA,-31.23320,119.32976
6426,TURKEY HILL,WA,-30.95506,119.36266
6426,YELLOWDINE,WA,-31.16831,119.69003
6427,KOOLYANOBBING,WA,-30.83892,119.55717
6428,BABAKIN,WA,-32.15096,118.04203
6429,BOORABBIN,WA,-30.83726,120.22026
6429,BULLABULLING,WA,-31.00014,120.89313
6429,COOLGARDIE,WA,-30.95427,121.17593
6429,KARRAMINDIE,WA,-31.02360,121.45780
6429,LONDONDERRY,WA,-31.18510,121.23640
6429,MOUNT BURGES,WA,-30.84059,121.26304
6429,VICTORIA ROCK,WA,-31.50960,120.81921
6429,WALLAROO,WA,-30.86511,120.50912
6430,BINDULI,WA,-30.79707,121.38974
6430,BROADWOOD,WA,-30.79707,121.38974
6430,HANNANS,WA,-30.72397,121.45355
6430,KALGOORLIE,WA,-30.74900,121.46600
6430,KARLKURLA,WA,-30.75984,121.43824
6430,LAMINGTON,WA,-30.73493,121.46281
6430,MULLINGAR,WA,-30.70213,121.47278
6430,PICCADILLY,WA,-30.74030,121.46700
6430,SOMERVILLE,WA,-30.77075,121.45383
6430,SOUTH KALGOORLIE,WA,-30.76301,121.47875
6430,WEST KALGOORLIE,WA,-30.78009,121.43380
6430,WEST LAMINGTON,WA,-30.75105,121.45735
6430,WILLIAMSTOWN,WA,-30.74444,121.48513
6430,YILKARI,WA,-30.82493,121.44336
6431,BOORARA,WA,-30.79107,121.64537
6431,BROWN HILL,WA,-30.74992,121.52856
6431,BULONG,WA,-30.68783,121.82494
6431,EMU FLAT,WA,-31.03486,122.55133
6431,FEYSVILLE,WA,-31.01051,121.59880
6431,KANOWNA,WA,-30.48576,121.35035
6431,KOOKYNIE,WA,-29.71512,122.10504
6431,KURNALPI,WA,-30.34739,121.96363
6431,LAKEWOOD,WA,-30.82841,121.50736
6431,ORA BANDA,WA,-30.24390,120.95455
6431,PLUMRIDGE LAKES,WA,-29.45944,126.17563
6431,TRAFALGAR,WA,-30.81979,121.57069
6431,WARBURTON,WA,-26.13388,126.57864
6432,BOULDER,WA,-30.77685,121.49323
6432,FIMISTON,WA,-30.77660,121.50414
6432,SOUTH BOULDER,WA,-30.79169,121.49562
6432,VICTORY HEIGHTS,WA,-30.77949,121.47292
6433,HANNANS,WA,-30.72397,121.45355
6433,HANNANS PO,WA,-30.72400,121.45400
6433,KALGOORLIE,WA,-30.74900,121.46600
6433,KALGOORLIE DC,WA,-30.74900,121.46600
6433,KALGOORLIE PO,WA,-30.74900,121.46600
6434,CUNDEELEE,WA,-31.01561,123.14637
6434,FORREST,WA,-30.90890,127.45759
6434,PARKESTON,WA,-30.73179,121.50567
6434,RAWLINNA,WA,-31.00924,125.33160
6434,ZANTHUS,WA,-30.75231,124.03637
6435,AGNEW,WA,-27.67280,121.62800
6436,MENZIES,WA,-29.69155,121.02894
6436,ULARRING,WA,-29.19915,120.23658
6437,LEINSTER,WA,-27.91600,120.69915
6437,SIR SAMUEL,WA,-27.59390,120.57700
6438,LAKE DARLOT,WA,-27.93035,121.29920
6438,LEONORA,WA,-28.88500,121.33083
6440,BANDYA,WA,-27.73365,122.18262
6440,BEADELL,WA,-28.35073,127.51840
6440,BURTVILLE,WA,-28.76990,122.63500
6440,COSMO NEWBERY,WA,-27.92414,123.38034
6440,LAKE WELLS,WA,-27.19330,123.03208
6440,LAVERTON,WA,-28.62566,122.40134
6440,NEALE,WA,-28.27582,125.28471
6442,KAMBALDA,WA,-31.20160,121.66300
6442,KAMBALDA EAST,WA,-31.20360,121.66679
6442,KAMBALDA WEST,WA,-31.23194,121.61121
6443,BALLADONIA,WA,-32.45810,123.86675
6443,CAIGUNA,WA,-32.26890,125.48953
6443,COCKLEBIDDY,WA,-32.03670,126.09540
6443,DUNDAS,WA,-32.39069,121.75903
6443,EUCLA,WA,-31.67622,128.88912
6443,FRASER RANGE,WA,-32.01150,122.79764
6443,HIGGINSVILLE,WA,-31.74558,121.71431
6443,MADURA,WA,-31.89871,127.02268
6443,MUNDRABILLA,WA,-31.87337,127.87283
6443,NORSEMAN,WA,-32.19777,121.77886
6443,WIDGIEMOOLTHA,WA,-31.49492,121.57460
6445,NORTH CASCADE,WA,-32.93256,121.11916
6445,SALMON GUMS,WA,-32.98152,121.64382
6446,GRASS PATCH,WA,-33.18366,121.71955
6447,LORT RIVER,WA,-33.26689,121.38411
6447,MOUNT NEY,WA,-33.45683,122.50859
6447,SCADDAN,WA,-33.44065,121.72240
6447,WITTENOOM HILLS,WA,-33.48258,122.12405
6448,GIBSON,WA,-33.58819,121.85626
6450,BANDY CREEK,WA,-33.82455,121.93989
6450,BEAUMONT,WA,-33.50221,122.65485
6450,BOYATUP,WA,-33.74371,123.08806
6450,CAPE LE GRAND,WA,-33.95644,122.15013
6450,CASCADE,WA,-33.47762,121.08041
6450,CASTLETOWN,WA,-33.83925,121.90447
6450,CHADWICK,WA,-33.83894,121.89330
6450,CONDINGUP,WA,-33.74765,122.52690
6450,COOMALBIDGUP,WA,-33.72187,121.36355
6450,DALYUP,WA,-33.71878,121.59685
6450,EAST MUNGLINUP,WA,-33.72238,120.92573
6450,ESPERANCE,WA,-33.86131,121.89142
6450,HOWICK,WA,-33.75236,122.78288
6450,MERIVALE,WA,-33.81403,122.20693
6450,MONJINGUP,WA,-33.76676,121.77453
6450,MUNGLINUP,WA,-33.70482,120.86275
6450,MYRUP,WA,-33.78807,121.92544
6450,NERIDUP,WA,-33.65063,122.20079
6450,NULSEN,WA,-33.85450,121.87155
6450,PINK LAKE,WA,-33.84984,121.79133
6450,SINCLAIR,WA,-33.86357,121.87264
6450,WEST BEACH,WA,-33.87036,121.88975
6450,WINDABOUT,WA,-33.82244,121.91061
6452,BURAMINYA,WA,-33.09658,123.32559
6452,CAPE ARID,WA,-33.70491,123.44997
6452,ISRAELITE BAY,WA,-33.46422,123.91155
6460,GOOMALLING,WA,-31.29665,116.83045
6460,HULONGINE,WA,-31.36737,116.81673
6460,KARRANADGIN,WA,-31.21693,116.72910
6460,UCARTY WEST,WA,-31.35157,116.93034
6460,WALYORMOURING,WA,-31.20513,116.87828
6461,DOWERIN,WA,-31.19563,117.03197
6461,KOOMBERKINE,WA,-30.97890,116.98977
6462,HINDMARSH,WA,-31.18289,117.19087
6462,MINNIVALE,WA,-31.08745,117.13220
6462,UCARTY,WA,-31.31565,117.05116
6463,BENJABERRING,WA,-31.10658,117.29112
6465,MANMANNING,WA,-30.88946,117.22058
6466,CADOUX,WA,-30.74081,117.12648
6467,BURAKIN,WA,-30.57066,117.12648
6468,GOODLANDS,WA,-29.99526,117.27429
6468,KALANNIE,WA,-30.36678,117.12097
6468,PETRUDOR,WA,-30.43693,116.98643
6470,KULJA,WA,-30.35806,117.31464
6472,BEACON,WA,-30.45205,117.87145
6472,BIMBIJY,WA,-29.73271,118.05954
6472,CLEARY,WA,-30.43500,117.64575
6472,KARROUN HILL,WA,-29.97546,118.20565
6472,MOUROUBRA,WA,-29.80851,117.71251
6472,REMLAP,WA,-29.99693,117.65171
6472,TAMPU,WA,-30.18320,117.82400
6473,NORTH WIALKI,WA,-30.28597,118.22883
6473,WIALKI,WA,-30.46595,118.07521
6475,BADGERIN ROCK,WA,-30.76958,117.31001
6475,BOORALAMING,WA,-30.88375,117.35956
6475,DUKIN,WA,-30.90819,117.54073
6475,KOORDA,WA,-30.82207,117.48215
6475,LAKE MARGARETTE,WA,-30.74994,117.50091
6475,MOLLERIN,WA,-30.40064,117.50262
6475,NEWCARLBEON,WA,-30.63623,117.36555
6476,GABBIN,WA,-30.69728,117.69042
6477,BENCUBBIN,WA,-30.81642,117.86245
6477,WELBUNGIN,WA,-30.82501,117.99495
6479,BARBALIN,WA,-30.88144,118.11296
6479,BONNIE ROCK,WA,-30.56026,118.28462
6479,DANDANNING,WA,-31.00806,118.17943
6479,ELACHBUTTING,WA,-30.60434,118.60594
6479,KARLONING,WA,-30.60683,118.16584
6479,LAKE BROWN,WA,-30.94638,118.34469
6479,MANGOWINE,WA,-31.04710,118.10500
6479,MUKINBUDIN,WA,-30.90934,118.25648
6479,WATTONING,WA,-30.76613,118.20923
6479,WILGOYNE,WA,-30.77541,118.43968
6480,NUKARNI,WA,-31.29854,118.27605
6484,BULLFINCH,WA,-30.98334,119.11189
6484,ENNUIN,WA,-30.66868,118.92354
6484,LAKE DEBORAH,WA,-30.46721,119.75692
6485,COWCOWING,WA,-31.01196,117.44904
6485,KORRELOCKING,WA,-31.19872,117.48918
6485,NALKAIN,WA,-31.07175,117.44017
6485,NEMBUDDING,WA,-31.14829,117.58627
6485,WYALKATCHEM,WA,-31.29518,117.35583
6487,NORTH YELBENI,WA,-31.05435,117.66950
6487,SOUTH YELBENI,WA,-31.29763,117.65418
6487,YELBENI,WA,-31.16919,117.66293
6488,NORTH TRAYNING,WA,-31.03844,117.78799
6488,SOUTH TRAYNING,WA,-31.22374,117.79208
6488,TRAYNING,WA,-31.11404,117.79216
6489,KUNUNOPPIN,WA,-31.11287,117.91896
6489,NORTH KUNUNOPPIN,WA,-31.04413,117.94424
6489,SOUTH KUNUNOPPIN,WA,-31.18057,117.95231
6490,BURRAN ROCK,WA,-31.24383,118.01549
6490,CHANDLER,WA,-31.08268,118.37179
6490,ELABBIN,WA,-31.23768,118.14835
6490,KWELKAN,WA,-31.14039,117.99898
6490,NUNGARIN,WA,-31.09021,118.20827
6490,TALGOMINE,WA,-31.18447,118.24675
6501,MUCHEA,WA,-31.53824,115.92315
6502,BINDOON,WA,-31.37350,116.09526
6502,BINDOON TRAINING AREA,WA,-31.24432,116.27377
6503,BAMBUN,WA,-31.43395,115.88165
6503,BEERMULLAH,WA,-31.23466,115.79137
6503,BOONANARRING,WA,-31.24732,115.83565
6503,BREERA,WA,-31.44344,115.96914
6503,COONABIDGEE,WA,-31.33990,115.86102
6503,COWALLA,WA,-31.08628,115.53030
6503,CULLALLA,WA,-31.21729,115.99784
6503,GINGIN,WA,-31.34968,115.90678
6503,GINGINUP,WA,-31.31193,115.92215
6503,GRANVILLE,WA,-31.43395,115.88165
6503,LENNARD BROOK,WA,-31.37997,115.91244
6503,MINDARRA,WA,-31.08213,115.93488
6503,MOONDAH,WA,-31.34871,115.97879
6503,MOORE RIVER NATIONAL PARK,WA,-31.10677,115.67811
6503,MUCKENBURRA,WA,-31.32953,115.76076
6503,NEERGABBY,WA,-31.30299,115.65760
6503,ORANGE SPRINGS,WA,-31.00417,115.61486
6503,RED GULLY,WA,-30.98074,115.79740
6503,WANERIE,WA,-31.20150,115.59545
6503,YEAL,WA,-31.43800,115.71885
6504,MOOLIABEENEE,WA,-31.30272,116.07685
6505,WANNAMAL,WA,-31.14629,116.15958
6506,MOGUMBER,WA,-31.00636,116.01774
6507,CATABY,WA,-30.73509,115.53866
6507,COOLJARLOO,WA,-30.62912,115.46453
6507,DANDARAGAN,WA,-30.65831,115.70353
6507,MIMEGARRA,WA,-30.87660,115.40886
6507,REGANS FORD,WA,-30.97193,115.70147
6507,YATHROO,WA,-30.84658,115.85623
6509,GLENTROMIE,WA,-30.91769,116.23623
6509,NEW NORCIA,WA,-30.97108,116.21459
6509,WADDINGTON,WA,-30.83880,116.26742
6509,YARAWINDAH,WA,-31.07857,116.23844
6510,BARBERTON,WA,-30.73626,116.02822
6510,BERKSHIRE VALLEY,WA,-30.57718,116.17350
6510,GILLINGARRA,WA,-30.91221,116.03617
6510,KOOJAN,WA,-30.80928,116.02641
6510,MOORA,WA,-30.64107,116.00799
6510,WALEBING,WA,-30.69491,116.21185
6511,CERVANTES,WA,-30.50173,115.07625
6512,COOMBERDALE,WA,-30.46816,116.03672
6512,NAMBAN,WA,-30.38074,115.92760
6513,GUNYIDI,WA,-30.14479,116.05563
6513,WATHEROO,WA,-30.26130,116.06824
6514,GREEN HEAD,WA,-30.05397,115.02287
6514,LEEMAN,WA,-29.94707,114.98238
6515,COOROW,WA,-29.88240,116.02164
6515,EGANU,WA,-30.03456,115.74262
6515,MARCHAGEE,WA,-30.04305,116.11300
6515,WADDY FOREST,WA,-29.85648,116.20508
6516,JURIEN BAY,WA,-30.29383,115.11777
6517,CARNAMAH,WA,-29.72250,115.89949
6517,WINCHESTER,WA,-29.76410,116.02400
6518,ENEABBA,WA,-29.81423,115.26687
6518,WARRADARGE,WA,-30.05683,115.32925
6519,ARRINO,WA,-29.54886,115.51515
6519,ARROWSMITH EAST,WA,-29.51697,115.35384
6519,DUDAWA,WA,-29.37543,115.77856
6519,KADATHINNI,WA,-29.63583,115.58490
6519,THREE SPRINGS,WA,-29.53323,115.76179
6519,WOMARDEN,WA,-29.49603,115.87895
6521,BADGINGARRA,WA,-30.43849,115.62688
6521,BOOTHENDARRA,WA,-30.25397,115.73200
6521,GREY,WA,-30.65993,115.13778
6521,HILL RIVER,WA,-30.32612,115.23372
6521,NAMBUNG,WA,-30.50627,115.23372
6522,BUNDANOON,WA,-29.30659,115.48782
6522,HOLMWOOD,WA,-29.04660,115.63346
6522,IKEWA,WA,-29.15963,115.55625
6522,LOCKIER,WA,-29.19418,115.34618
6522,MINGENEW,WA,-29.19296,115.44220
6522,MOORIARY,WA,-29.28434,115.33955
6522,MOUNT BUDD,WA,-29.17654,115.64915
6522,NANGETTY,WA,-29.03702,115.41598
6522,YANDANOOKA,WA,-29.28808,115.63674
6522,YARRAGADEE,WA,-29.12006,115.44181
6525,ALLANOOKA,WA,-29.04674,115.07032
6525,ARROWSMITH,WA,-29.54568,115.05385
6525,BONNIEFIELD,WA,-29.18467,114.91842
6525,BOOKARA,WA,-29.11736,114.89580
6525,DONGARA,WA,-29.24517,114.93255
6525,IRWIN,WA,-29.29061,115.04660
6525,MILO,WA,-29.29221,115.19732
6525,MOUNT ADAMS,WA,-29.34343,115.01223
6525,MOUNT HORNER,WA,-29.16156,115.18650
6525,PORT DENISON,WA,-29.26441,114.92796
6525,SPRINGFIELD,WA,-29.27520,114.95000
6525,YARDARINO,WA,-29.25938,115.00602
6528,MOUNT HILL,WA,-29.00916,114.91339
6528,SOUTH GREENOUGH,WA,-29.00570,114.79848
6528,WALKAWAY,WA,-28.94038,114.83952
6530,BEACHLANDS,WA,-28.78467,114.60317
6530,BERESFORD,WA,-28.75821,114.61962
6530,BLUFF POINT,WA,-28.73676,114.62495
6530,GERALDTON,WA,-28.77965,114.61445
6530,GERALDTON DC,WA,-28.77380,114.61200
6530,HOUTMAN ABROLHOS,WA,-28.77770,113.85800
6530,KARLOO,WA,-28.79982,114.64103
6530,MAHOMETS FLATS,WA,-28.79237,114.61342
6530,MERU,WA,-28.79960,114.67612
6530,MORESBY,WA,-28.73407,114.66372
6530,MOUNT TARCOOLA,WA,-28.79662,114.62568
6530,RAAF WAGGRAKINE,WA,-28.78467,114.60317
6530,RANGEWAY,WA,-28.78484,114.62977
6530,SPALDING,WA,-28.73869,114.63333
6530,STRATHALBYN,WA,-28.75213,114.64124
6530,SUNSET BEACH,WA,-28.72332,114.62306
6530,TARCOOLA BEACH,WA,-28.80528,114.62093
6530,UTAKARRA,WA,-28.77765,114.64091
6530,WAGGRAKINE,WA,-28.68465,114.64460
6530,WANDINA,WA,-28.81789,114.63572
6530,WEBBERTON,WA,-28.75346,114.62959
6530,WEST END,WA,-28.77833,114.58585
6530,WONTHELLA,WA,-28.76717,114.62466
6530,WOORREE,WA,-28.76828,114.65905
6531,GERALDTON,WA,-28.77965,114.61445
6531,GERALDTON PO,WA,-28.77380,114.61200
6532,AJANA,WA,-27.84024,114.69243
6532,BINNU,WA,-28.01741,114.54099
6532,BOOTENAL,WA,-28.85639,114.72977
6532,BRINGO,WA,-28.74981,114.82484
6532,BULLER,WA,-28.65287,114.62022
6532,BURMA ROAD,WA,-28.97039,115.02950
6532,CAPE BURNEY,WA,-28.86081,114.64855
6532,CARRARANG,WA,-26.33268,113.37635
6532,COBURN,WA,-26.74842,114.40902
6532,COOLCALALAYA,WA,-27.53822,115.02122
6532,DARTMOOR,WA,-28.02720,115.14004
6532,DEEPDALE,WA,-28.78199,114.67718
6532,DINDILOA,WA,-28.43241,114.78903
6532,DRUMMOND COVE,WA,-28.67265,114.61558
6532,DURAWAH,WA,-28.57118,114.93830
6532,EAST CHAPMAN,WA,-28.69346,114.84059
6532,EAST NABAWA,WA,-28.49029,114.86481
6532,EAST YUNA,WA,-28.40296,115.12469
6532,ELLENDALE,WA,-28.89695,114.93074
6532,ERADU,WA,-28.69657,115.03769
6532,ERADU SOUTH,WA,-28.77525,115.07203
6532,EURARDY,WA,-27.48996,114.71778
6532,GEORGINA,WA,-28.87674,114.75325
6532,GLENFIELD,WA,-28.69948,114.62079
6532,GREENOUGH,WA,-28.92013,114.70397
6532,HAMELIN POOL,WA,-26.40928,114.46252
6532,HICKETY,WA,-28.44956,114.73857
6532,HOWATHARRA,WA,-28.54598,114.62980
6532,KOJARENA,WA,-28.72353,114.86397
6532,MARRAH,WA,-28.43247,114.98184
6532,MEADOW,WA,-26.81648,114.61455
6532,MINNENOOKA,WA,-28.87844,114.87091
6532,MOONYOONOOKA,WA,-28.78032,114.75639
6532,MOUNT ERIN,WA,-28.57986,114.85537
6532,NABAWA,WA,-28.49874,114.79241
6532,NANSON,WA,-28.56237,114.75962
6532,NARALING,WA,-28.39961,114.85749
6532,NARNGULU,WA,-28.80054,114.67167
6532,NARRA TARRA,WA,-28.63401,114.76387
6532,NERREN NERREN,WA,-27.12962,114.62536
6532,NOLBA,WA,-28.23974,114.87276
6532,NORTH ERADU,WA,-28.55040,115.13638
6532,NORTHERN GULLY,WA,-28.66011,114.91930
6532,OAKAJEE,WA,-28.60110,114.61768
6532,ROCKWELL,WA,-28.34633,114.91524
6532,RUDDS GULLY,WA,-28.84846,114.67354
6532,SANDSPRINGS,WA,-28.78881,114.95170
6532,SOUTH YUNA,WA,-28.36498,115.01232
6532,TAMALA,WA,-26.77208,113.78913
6532,TIBRADDEN,WA,-28.74848,114.90220
6532,TOOLONGA,WA,-26.76806,115.19018
6532,VALENTINE,WA,-28.54356,115.05661
6532,WANDANA,WA,-28.17601,115.31889
6532,WEST BINNU,WA,-28.01741,114.54099
6532,WHITE PEAK,WA,-28.63240,114.64992
6532,WICHERINA,WA,-28.68486,115.00405
6532,WICHERINA SOUTH,WA,-28.78257,115.01776
6532,YETNA,WA,-28.62232,114.68201
6532,YUNA,WA,-28.20052,115.03326
6535,ALMA,WA,-28.28637,114.64805
6535,BOWES,WA,-28.49686,114.62605
6535,EAST BOWES,WA,-28.38025,114.67002
6535,GREGORY,WA,-28.18729,114.25081
6535,HORROCKS,WA,-28.38082,114.43200
6535,ISSEKA,WA,-28.43455,114.65176
6535,NORTHAMPTON,WA,-28.35224,114.63006
6535,OGILVIE,WA,-28.16598,114.75680
6535,SANDY GULLY,WA,-28.29912,114.49891
6535,YALLABATHARRA,WA,-28.01298,114.19878
6536,KALBARRI,WA,-27.71042,114.16462
6536,KALBARRI NATIONAL PARK,WA,-27.82070,114.46127
6536,ZUYTDORP,WA,-27.39970,114.20011
6537,DENHAM,WA,-25.92720,113.54237
6537,DIRK HARTOG,WA,-25.80240,113.02500
6537,DIRK HARTOG ISLAND,WA,-25.80240,113.02503
6537,FRANCOIS PERON NATIONAL PARK,WA,-25.82039,113.55000
6537,MONKEY MIA,WA,-25.79431,113.71876
6537,NANGA,WA,-26.55487,113.94959
6537,SHARK BAY,WA,-25.78342,113.29877
6537,USELESS LOOP,WA,-26.13333,113.38333
6556,BEECHINA,WA,-31.85899,116.31391
6556,CHIDLOW,WA,-31.85800,116.27168
6556,GORRIE,WA,-31.89210,116.30182
6556,MALMALLING,WA,-31.96686,116.33119
6556,THE LAKES,WA,-31.90767,116.34635
6558,WOOROLOO,WA,-31.80298,116.31314
6560,WUNDOWIE,WA,-31.75016,116.36037
6562,BAKERS HILL,WA,-31.74943,116.45694
6562,COPLEY,WA,-31.79614,116.47684
6562,WOOTTATING,WA,-31.88202,116.45586
6564,CLACKLINE,WA,-31.70943,116.51970
6566,BEJOORDING,WA,-31.38326,116.53391
6566,CARANI,WA,-30.99328,116.41116
6566,COONDLE,WA,-31.47134,116.44817
6566,CULHAM,WA,-31.41348,116.47795
6566,DUMBARTON,WA,-31.57424,116.49822
6566,HODDYS WELL,WA,-31.63579,116.46336
6566,NUNILE,WA,-31.52222,116.52142
6566,TOODYAY,WA,-31.55002,116.46383
6566,WEST TOODYAY,WA,-31.52802,116.40514
6567,DEWARS POOL,WA,-31.38664,116.35533
6567,JULIMAR,WA,-31.50725,116.30097
6567,MOONDYNE,WA,-31.54814,116.22615
6568,BOLGART,WA,-31.27427,116.50873
6568,WATTENING,WA,-31.32535,116.40058
6568,WYENING,WA,-31.15727,116.54222
6569,CALINGIRI,WA,-31.08934,116.44814
6569,CARANI,WA,-31.09470,116.39600
6569,OLD PLAINS,WA,-31.14353,116.35674
6571,YERECOIN,WA,-30.91392,116.44299
6572,PIAWANING,WA,-30.79630,116.39600
6574,BINDI BINDI,WA,-30.59389,116.36302
6574,GABALONG,WA,-30.71891,116.39002
6575,MILING,WA,-30.39537,116.37217
6603,KONNONGORRING,WA,-31.03930,116.77296
6603,LAKE HINDS,WA,-30.75342,116.56622
6603,LAKE NINAN,WA,-30.94243,116.63966
6603,MOCARDY,WA,-30.87179,116.90254
6603,WONGAN HILLS,WA,-30.83144,116.69944
6605,KONDUT,WA,-30.71891,116.84391
6606,BALLIDU,WA,-30.59645,116.76994
6606,EAST BALLIDU,WA,-30.55968,116.88863
6606,EAST DAMBORING,WA,-30.59645,116.76994
6606,WEST BALLIDU,WA,-30.60991,116.65462
6608,EAST DAMBORING,WA,-30.47375,116.80233
6608,MARNE,WA,-30.46189,116.68016
6608,PITHARA,WA,-30.38687,116.66926
6609,DALWALLINU,WA,-30.28660,116.66312
6609,NUGADONG,WA,-30.19841,116.80986
6609,XANTIPPE,WA,-30.24065,116.99949
6612,JIBBERDING,WA,-29.94597,116.84985
6612,MIAMOON,WA,-30.15156,116.48217
6612,PAYNES FIND,WA,-29.28329,117.49213
6612,WUBIN,WA,-30.10652,116.63014
6613,BUNTINE,WA,-29.98521,116.58458
6614,MAYA,WA,-29.85651,116.58458
6616,LATHAM,WA,-29.75427,116.56099
6620,BUNJIL,WA,-29.65240,116.36500
6620,PERENJORI,WA,-29.44354,116.28867
6620,ROTHSAY,WA,-29.17966,116.71594
6623,BOWGADA,WA,-29.34239,116.16192
6623,BUNJIL,WA,-29.19821,116.13594
6623,GUTHA,WA,-28.98924,116.11130
6623,KOOLANOOKA,WA,-29.26910,116.07209
6623,MORAWA,WA,-29.21258,116.01018
6623,PINTHARUKA,WA,-29.06098,116.11123
6625,MERKANOOKA,WA,-29.22370,115.80500
6627,CANNA,WA,-28.83815,115.99410
6628,TARDUN,WA,-28.79021,115.80485
6630,DEVILS CREEK,WA,-28.67311,115.51616
6630,MULLEWA,WA,-28.53955,115.51326
6630,MURCHISON,WA,-26.14020,116.16048
6630,NERRAMYNE,WA,-27.72475,115.50152
6630,NUNIERRA,WA,-28.15414,115.68448
6630,WEST CASUARINAS,WA,-28.93210,115.26500
6630,WONGOONDY,WA,-28.82625,115.51612
6630,WOOLGORONG,WA,-27.74558,115.83040
6631,PINDAR,WA,-28.54417,115.94680
6632,AMBANIA,WA,-28.58611,115.16266
6632,TENINDEWA,WA,-28.62423,115.36345
6635,SOUTH MURCHISON,WA,-26.98951,116.50811
6635,YALGOO,WA,-28.34006,116.68294
6638,COOLADAR HILL,WA,-28.49852,118.16378
6638,DAGGAR HILLS,WA,-28.16349,117.64071
6638,MOUNT MAGNET,WA,-28.06520,117.84884
6638,PAYNESVILLE,WA,-28.01449,118.57682
6639,SANDSTONE,WA,-28.64015,119.04599
6640,CUE,WA,-27.42458,117.89672
6640,EAST MURCHISON,WA,-26.37765,117.14599
6640,LAKE AUSTIN,WA,-27.49585,118.03527
6640,REEDY,WA,-27.12060,118.08363
6640,WELD RANGE,WA,-27.08928,117.67463
6642,ANGELO RIVER,WA,-23.57367,118.49503
6642,CAPRICORN,WA,-23.91414,119.76296
6642,KARALUNDI,WA,-26.12520,118.68000
6642,KUMARINA,WA,-25.30981,119.44644
6642,MEEKATHARRA,WA,-26.59521,118.49754
6642,PEAK HILL,WA,-25.09401,118.29846
6646,LAKE CARNEGIE,WA,-26.23933,122.55990
6646,LITTLE SANDY DESERT,WA,-24.94550,121.59143
6646,WILUNA,WA,-26.59432,120.22735
6701,BABBAGE ISLAND,WA,-24.87531,113.63212
6701,BERNIER ISLAND,WA,-24.85043,113.13820
6701,BROCKMAN,WA,-24.87627,113.65081
6701,BROWN RANGE,WA,-24.89263,113.71752
6701,CARBLA,WA,-26.18022,114.37792
6701,CARNARVON,WA,-24.88775,113.66218
6701,CORAL BAY,WA,-23.14367,113.77154
6701,DORRE ISLAND,WA,-25.06224,113.10842
6701,EAST CARNARVON,WA,-24.86438,113.67776
6701,GILROYD,WA,-25.89196,115.16372
6701,GREYS PLAIN,WA,-24.88291,113.69975
6701,INGGARDA,WA,-24.98612,114.24585
6701,KENNEDY RANGE,WA,-24.68611,114.95166
6701,KINGSFORD,WA,-24.86484,113.69321
6701,LYNDON,WA,-23.37177,114.32685
6701,MACLEOD,WA,-24.41218,113.50261
6701,MASSEY BAY,WA,-24.90630,113.68529
6701,MAUDS LANDING,WA,-23.12910,113.78100
6701,MINILYA,WA,-23.81582,114.00937
6701,MORGANTOWN,WA,-24.87653,113.66012
6701,NINGALOO,WA,-22.67991,113.69805
6701,NORTH PLANTATIONS,WA,-24.82553,113.76773
6701,SOUTH CARNARVON,WA,-24.89206,113.65736
6701,SOUTH PLANTATIONS,WA,-24.85214,113.73011
6701,TALISKER,WA,-26.27083,115.25924
6701,WOODLEIGH,WA,-26.20807,114.87658
6701,WOORAMEL,WA,-25.75606,114.27007
6701,YALARDY,WA,-26.09604,115.24715
6701,YANDOO CREEK,WA,-24.31299,114.32871
6705,EAST LYONS RIVER,WA,-24.29642,117.31379
6705,GASCOYNE JUNCTION,WA,-25.05416,115.20785
6705,GASCOYNE RIVER,WA,-25.43482,116.09621
6705,WEST LYONS RIVER,WA,-24.45982,115.61217
6707,CAPE RANGE NATIONAL PARK,WA,-22.14932,113.91884
6707,EXMOUTH,WA,-21.93134,114.12368
6707,EXMOUTH GULF,WA,-22.67715,114.05390
6707,LEARMONTH,WA,-22.26180,114.09642
6707,NORTH WEST CAPE,WA,-21.88764,114.12940
6710,CANE,WA,-22.19305,115.97826
6710,ONSLOW,WA,-21.66272,115.10698
6710,PEEDAMULLA,WA,-21.87129,115.68011
6710,TALANDJI,WA,-22.11873,114.98957
6710,YANNARIE,WA,-22.86419,114.95476
6711,THEVENARD ISLAND,WA,-21.45730,115.02059
6712,BARROW ISLAND,WA,-20.78043,115.40227
6713,DAMPIER,WA,-20.66212,116.71077
6713,DAMPIER ARCHIPELAGO,WA,-20.54050,116.73121
6714,ANTONYMYRE,WA,-20.65430,117.09156
6714,BALLA BALLA,WA,-20.69246,117.78682
6714,BAYNTON,WA,-20.75204,116.80047
6714,BULGARRA,WA,-20.72790,116.85766
6714,BURRUP,WA,-20.62306,116.76889
6714,CLEAVERVILLE,WA,-20.66124,116.99819
6714,COOYA POOYA,WA,-20.96497,117.08528
6714,GAP RIDGE,WA,-20.73730,116.76652
6714,GNOOREA,WA,-20.83612,116.38653
6714,KARRATHA,WA,-20.73371,116.84474
6714,KARRATHA INDUSTRIAL ESTATE,WA,-20.76781,116.87088
6714,MAITLAND,WA,-20.99430,116.68967
6714,MARDIE,WA,-21.06180,116.16655
6714,MILLARS WELL,WA,-20.74280,116.81721
6714,MOUNT ANKETELL,WA,-20.72819,117.02106
6714,MULATAGA,WA,-20.74947,116.86887
6714,NICKOL,WA,-20.74175,116.79971
6714,PEGS CREEK,WA,-20.73175,116.83880
6714,SHERLOCK,WA,-20.89862,117.74167
6714,STOVE HILL,WA,-20.78282,116.83096
6716,FORTESCUE,WA,-21.67564,115.86271
6716,HAMERSLEY RANGE,WA,-22.31562,117.00029
6716,MILLSTREAM,WA,-21.41965,117.16063
6716,PANNAWONICA,WA,-21.63862,116.32188
6718,ROEBOURNE,WA,-20.75055,117.19706
6718,WHIM CREEK,WA,-20.86330,117.83372
6720,COSSACK,WA,-20.68101,117.18552
6720,POINT SAMSON,WA,-20.62789,117.18166
6720,WICKHAM,WA,-20.67320,117.14727
6721,INDEE,WA,-20.93171,118.46994
6721,MUNDABULLANGANA,WA,-20.52011,118.06009
6721,PARDOO,WA,-20.05558,119.82219
6721,PORT HEDLAND,WA,-20.38391,118.64838
6721,REDBANK,WA,-20.34503,118.61423
6721,STRELLEY,WA,-20.45489,119.00207
6721,WALLAREENYA,WA,-20.74577,118.80961
6721,WEDGEFIELD,WA,-20.36351,118.59037
6722,BOODARIE,WA,-20.42731,118.55349
6722,DE GREY,WA,-20.31228,119.24813
6722,FINUCANE,WA,-20.29679,118.56978
6722,PIPPINGARRA,WA,-20.45341,118.80912
6722,SOUTH HEDLAND,WA,-20.39272,118.60156
6723,GOLDSWORTHY,WA,-20.33980,119.51800
6725,BILINGURR,WA,-17.92550,122.23362
6725,BROOME,WA,-17.96443,122.23037
6725,DAMPIER PENINSULA,WA,-16.94381,122.75389
6725,DJUGUN,WA,-17.93937,122.22874
6725,EIGHTY MILE BEACH,WA,-19.72427,120.74101
6725,GINGERAH,WA,-18.36690,122.99895
6725,LAGRANGE,WA,-18.72112,121.87976
6725,MINYIRR,WA,-17.99113,122.20567
6725,ROEBUCK,WA,-17.87110,122.37112
6725,WATERBANK,WA,-17.81940,122.22024
6726,CABLE BEACH,WA,-17.95216,122.21150
6728,CAMBALLIN,WA,-17.95182,124.25225
6728,DERBY,WA,-17.43999,123.74401
6728,GEEGULLY CREEK,WA,-18.30459,123.82767
6728,JARLMADANGAH BURRU,WA,-17.95182,124.25225
6728,KIMBOLTON,WA,-16.65575,124.37719
6728,KING LEOPOLD RANGES,WA,-17.06255,125.70817
6728,MEDA,WA,-17.40560,124.05308
6728,ST GEORGE RANGES,WA,-18.48783,124.39523
6728,WILLARE,WA,-17.72655,123.65655
6731,COCKATOO ISLAND,WA,-16.09391,123.60918
6733,KOOLAN ISLAND,WA,-16.13154,123.75736
6740,DRYSDALE RIVER,WA,-14.76963,126.77389
6740,KALUMBURU,WA,-14.29359,126.64463
6740,MITCHELL PLATEAU,WA,-14.87778,125.85932
6740,OOMBULGURRI,WA,-15.18001,127.84479
6740,PRINCE REGENT RIVER,WA,-15.72777,125.48130
6740,WYNDHAM,WA,-15.58470,128.22000
6743,CAMBRIDGE GULF,WA,-15.15904,128.55651
6743,DURACK,WA,-16.31030,128.24807
6743,GIBB,WA,-16.42245,126.46945
6743,KUNUNURRA,WA,-15.60495,128.76547
6743,LAKE ARGYLE,WA,-16.32149,128.79962
6743,WARMUN,WA,-17.02973,128.21077
6743,WIJILAWARRIM,WA,-15.15904,128.55651
6751,CHICHESTER,WA,-21.88705,117.99888
6751,INNAWANGA,WA,-23.37207,117.03616
6751,JUNA DOWNS,WA,-22.85692,118.62367
6751,KARIJINI,WA,-22.55912,118.45600
6751,MOUNT SHEILA,WA,-22.49145,117.72366
6751,MULGA DOWNS,WA,-22.23421,119.02442
6751,NANUTARRA,WA,-22.54251,115.49988
6751,ROCKLEA,WA,-22.88391,117.44861
6751,TOM PRICE,WA,-22.69614,117.79501
6751,WITTENOOM,WA,-22.27390,118.32116
6753,JIGALONG,WA,-22.97989,119.78892
6753,NEWMAN,WA,-22.97989,119.78892
6754,PARABURDOO,WA,-23.19539,117.71388
6758,NULLAGINE,WA,-22.00634,120.34355
6760,MARBLE BAR,WA,-21.04876,119.97405
6761,SHAY GAP,WA,-20.42350,120.13000
6762,TELFER,WA,-21.09764,123.79646
6765,FITZROY CROSSING,WA,-18.19365,125.56037
6765,KUPARTIYA,WA,-18.19365,125.56037
6765,MOUNT HARDMAN,WA,-17.82642,124.77408
6770,HALLS CREEK,WA,-18.22294,127.67007
6770,KUNDAT DJARU,WA,-18.22294,127.67007
6770,MCBEATH,WA,-18.24101,127.68856
6770,MUELLER RANGES,WA,-18.70620,126.87356
6770,ORD RIVER,WA,-17.40072,128.02548
6770,PURNULULU,WA,-17.50956,128.39290
6770,STURT CREEK,WA,-19.34958,127.78367
6770,TANAMI,WA,-20.76596,127.38714
6798,CHRISTMAS ISLAND,WA,-10.44753,105.69045
6799,HOME ISLAND COCOS (KEELING) ISLANDS,WA,-12.16417,96.87096
6799,WEST ISLAND COCOS (KEELING) ISLANDS,WA,-12.18870,96.82939
6800,PERTH,WA,-31.95053,115.86046
6803,NORTHBRIDGE,WA,-31.94360,115.85400
6809,PERTH,WA,-31.95053,115.86046
6817,PERTH,WA,-31.95053,115.86046
6820,PERTH,WA,-31.95053,115.86046
6827,PERTH,WA,-31.95053,115.86046
6830,PERTH,WA,-31.95053,115.86046
6831,PERTH ST GEORGES TCE,WA,-31.95500,115.85731
6832,PERTH EAST ST GEORGES TCE,WA,-31.95500,115.85700
6837,PERTH,WA,-31.95053,115.86046
6838,PERTH,WA,-31.95053,115.86046
6839,PERTH,WA,-31.95053,115.86046
6840,PERTH,WA,-31.95053,115.86046
6841,PERTH,WA,-31.95053,115.86046
6842,PERTH,WA,-31.95053,115.86046
6843,PERTH,WA,-31.95053,115.86046
6844,PERTH,WA,-31.95053,115.86046
6845,PERTH,WA,-31.95053,115.86046
6846,PERTH,WA,-31.95053,115.86046
6847,PERTH,WA,-31.95053,115.86046
6848,PERTH,WA,-31.95053,115.86046
6849,PERTH BC,WA,-31.94880,115.86400
6850,CLOISTERS SQUARE,WA,-31.95253,115.85357
6850,CLOISTERS SQUARE PO,WA,-31.95250,115.85400
6865,NORTHBRIDGE,WA,-31.94360,115.85400
6872,WEST PERTH,WA,-31.94533,115.84743
6892,EAST PERTH,WA,-31.96076,115.87460
6900,LEEDERVILLE,WA,-31.93200,115.84100
6901,WEST LEEDERVILLE,WA,-31.94069,115.83168
6902,LEEDERVILLE,WA,-31.93200,115.84100
6903,LEEDERVILLE,WA,-31.93200,115.84100
6904,SUBIACO,WA,-31.94699,115.82855
6904,SUBIACO PO,WA,-31.94990,115.82400
6905,NORTHLANDS,WA,-27.67280,121.62800
6905,NORTHLANDS PO,WA,-27.67280,121.62800
6906,NORTH PERTH,WA,-31.92738,115.85247
6907,NEDLANDS,WA,-31.97910,115.80400
6909,NEDLANDS,WA,-31.97910,115.80400
6910,CLAREMONT,WA,-31.98425,115.77800
6911,COTTESLOE,WA,-31.98965,115.76305
6912,MOSMAN PARK,WA,-32.01510,115.76639
6913,WEMBLEY,WA,-31.93430,115.82000
6914,BALCATTA,WA,-31.86018,115.81047
6915,MOUNT HAWTHORN,WA,-31.91958,115.83558
6916,OSBORNE PARK,WA,-31.91426,115.82307
6916,OSBORNE PARK DC,WA,-31.91430,115.82300
6917,OSBORNE PARK,WA,-31.91426,115.82307
6918,INNALOO,WA,-31.89430,115.79600
6919,JOONDALUP DC,WA,-31.74120,115.75900
6920,NORTH BEACH,WA,-31.86117,115.75820
6921,KARRINYUP,WA,-31.87390,115.77081
6922,SCARBOROUGH,WA,-31.89803,115.77160
6923,HILLARYS,WA,-31.80830,115.74400
6924,GREENWOOD,WA,-31.82483,115.80479
6925,WALLISTON DC,WA,-31.99400,116.07200
6926,KALAMUNDA,WA,-31.97560,116.05659
6929,MOUNT LAWLEY,WA,-31.93206,115.87411
6931,MAYLANDS,WA,-31.92860,115.89200
6932,INGLEWOOD,WA,-31.91684,115.88512
6933,BAYSWATER,WA,-31.92176,115.92521
6934,BASSENDEAN,WA,-31.90764,115.94259
6935,GUILDFORD,WA,-31.89898,115.97181
6936,MIDLAND DC,WA,-31.89180,116.01300
6937,TUART HILL,WA,-31.89657,115.83552
6938,TUART HILL,WA,-31.89657,115.83552
6939,TUART HILL,WA,-31.89657,115.83552
6940,TUART HILL,WA,-31.89657,115.83552
6941,MIRRABOOKA,WA,-31.86620,115.86625
6942,BASSENDEAN DC,WA,-31.90320,115.92800
6943,MORLEY,WA,-31.88896,115.91817
6944,MALAGA,WA,-31.86486,115.89553
6945,MALAGA DC,WA,-31.85560,115.89300
6946,WANNEROO,WA,-31.75730,115.80648
6947,WANGARA,WA,-31.78880,115.81400
6947,WANGARA DC,WA,-31.78880,115.81400
6951,SOUTH PERTH,WA,-31.98095,115.86392
6952,COMO,WA,-32.00109,115.86172
6953,APPLECROSS,WA,-32.01160,115.83900
6954,BOORAGOON,WA,-32.03640,115.83800
6955,WILLETTON,WA,-32.04880,115.89200
6956,MELVILLE,WA,-32.04146,115.80347
6957,PALMYRA,WA,-32.04580,115.78500
6959,FREMANTLE,WA,-32.05182,115.75511
6960,MYAREE,WA,-32.04000,115.81600
6960,MYAREE BC,WA,-32.04000,115.81600
6961,PALMYRA DC,WA,-32.05160,115.79100
6963,HAMILTON HILL,WA,-32.08603,115.77649
6964,SUCCESS,WA,-32.15366,115.84635
6965,BIBRA LAKE,WA,-32.09770,115.80000
6965,BIBRA LAKE DC,WA,-32.09770,115.80000
6966,KWINANA,WA,-32.22609,115.77638
6967,ROCKINGHAM DC,WA,-32.27810,115.73500
6968,ROCKINGHAM,WA,-32.27810,115.73514
6969,ROCKINGHAM BEACH,WA,-32.26766,115.73968
6970,CANNING VALE DC,WA,-32.05820,115.91800
6979,VICTORIA PARK,WA,-31.97504,115.89772
6980,CANNINGTON,WA,-32.01790,115.93500
6981,EAST VICTORIA PARK,WA,-31.98894,115.90602
6982,BENTLEY,WA,-32.00411,115.89640
6983,BENTLEY DC,WA,-31.99240,115.88900
6984,BELMONT,WA,-31.95385,115.92611
6985,CLOVERDALE,WA,-31.96245,115.94473
6986,WELSHPOOL DC,WA,-31.98910,115.94500
6987,CANNINGTON,WA,-32.01790,115.93500
6988,THORNLIE,WA,-32.05787,115.96331
6989,MADDINGTON,WA,-32.05029,115.98449
6990,GOSNELLS,WA,-32.08230,115.99027
6991,KELMSCOTT,WA,-32.11440,116.01500
6992,ARMADALE,WA,-32.14730,116.01288
6997,KELMSCOTT DC,WA,-32.12990,116.00700
7000,BATHURST STREET PO,TAS,-42.88110,147.32500
7000,GLEBE,TAS,-42.87389,147.32639
7000,HOBART,TAS,-42.88214,147.32719
7000,MOUNT STUART,TAS,-42.87293,147.30137
7000,NORTH HOBART,TAS,-42.87222,147.31444
7000,QUEENS DOMAIN,TAS,-42.86861,147.33036
7000,WEST HOBART,TAS,-42.88361,147.31500
7001,HOBART,TAS,-42.88214,147.32719
7001,TASMAN ISLAND,TAS,-43.23816,148.00239
7002,NORTH HOBART,TAS,-42.87222,147.31444
7004,BATTERY POINT,TAS,-42.89278,147.33333
7004,SOUTH HOBART,TAS,-42.89250,147.31611
7005,DYNNYRNE,TAS,-42.90111,147.31417
7005,LOWER SANDY BAY,TAS,-42.91284,147.35489
7005,SANDY BAY,TAS,-42.90100,147.32700
7005,UNIVERSITY OF TASMANIA,TAS,-42.90365,147.32585
7006,SANDY BAY,TAS,-42.90100,147.32700
7007,MOUNT NELSON,TAS,-42.92263,147.32908
7007,TOLMANS HILL,TAS,-42.91187,147.30561
7008,CORNELIAN BAY,TAS,-42.85120,147.31500
7008,LENAH VALLEY,TAS,-42.86556,147.28167
7008,NEW TOWN,TAS,-42.85944,147.30556
7009,DERWENT PARK,TAS,-42.83528,147.29083
7009,LUTANA,TAS,-42.84111,147.30944
7009,MOONAH,TAS,-42.84306,147.30194
7009,WEST MOONAH,TAS,-42.85083,147.27806
7010,DOWSING POINT,TAS,-42.82278,147.30278
7010,ELWICK,TAS,-42.83060,147.28200
7010,GLENORCHY,TAS,-42.83306,147.27583
7010,GOODWOOD,TAS,-42.82917,147.29139
7010,MONTROSE,TAS,-42.82806,147.25889
7010,ROSETTA,TAS,-42.82361,147.25028
7011,AUSTINS FERRY,TAS,-42.76639,147.24333
7011,BERRIEDALE,TAS,-42.80972,147.25472
7011,CHIGWELL,TAS,-42.81111,147.24222
7011,CLAREMONT,TAS,-42.78972,147.25444
7012,COLLINSVALE,TAS,-42.84030,147.19740
7012,GLENLUSK,TAS,-42.82389,147.20083
7015,FLAGSTAFF GULLY,TAS,-42.84200,147.37400
7015,GEILSTON BAY,TAS,-42.83639,147.35111
7015,LINDISFARNE,TAS,-42.84778,147.35306
7015,ROSE BAY,TAS,-42.85639,147.35528
7016,RISDON VALE,TAS,-42.80372,147.36696
7017,GRASSTREE HILL,TAS,-42.77503,147.36983
7017,HONEYWOOD,TAS,-42.72642,147.27947
7017,OLD BEACH,TAS,-42.77472,147.26917
7017,OTAGO,TAS,-42.80083,147.29111
7017,RISDON,TAS,-42.81708,147.33439
7017,TEA TREE,TAS,-42.68097,147.35165
7018,BELLERIVE,TAS,-42.87472,147.36778
7018,HOWRAH,TAS,-42.88861,147.40556
7018,MONTAGU BAY,TAS,-42.86361,147.35583
7018,MORNINGTON,TAS,-42.85833,147.40389
7018,ROSNY,TAS,-42.87333,147.35472
7018,ROSNY PARK,TAS,-42.86639,147.36917
7018,TRANMERE,TAS,-42.92278,147.41639
7018,WARRANE,TAS,-42.85972,147.37667
7019,CLARENDON VALE,TAS,-42.89333,147.44639
7019,OAKDOWNS,TAS,-42.90028,147.45750
7019,ROKEBY,TAS,-42.89389,147.43111
7020,CLIFTON BEACH,TAS,-42.98944,147.52167
7020,SANDFORD,TAS,-42.94389,147.49889
7021,LAUDERDALE,TAS,-42.90428,147.48882
7022,SOUTH ARM,TAS,-43.03299,147.42635
7023,OPOSSUM BAY,TAS,-42.99289,147.40947
7024,CREMORNE,TAS,-42.95004,147.52388
7025,DULCOT,TAS,-42.78735,147.40071
7025,RICHMOND,TAS,-42.73333,147.43333
7026,CAMPANIA,TAS,-42.61705,147.44545
7027,COLEBROOK,TAS,-42.54333,147.33733
7030,APSLEY,TAS,-42.42408,147.14420
7030,ARTHURS LAKE,TAS,-42.02670,146.87904
7030,BAGDAD,TAS,-42.61667,147.21667
7030,BAGDAD NORTH,TAS,-42.61667,147.21667
7030,BOTHWELL,TAS,-42.38333,147.00000
7030,BRIDGEWATER,TAS,-42.73472,147.24417
7030,BRIGHTON,TAS,-42.70000,147.25000
7030,BROADMARSH,TAS,-42.68896,147.13599
7030,CRAMPS BAY,TAS,-41.86994,146.82731
7030,DROMEDARY,TAS,-42.72883,147.14872
7030,DYSART,TAS,-42.58118,147.18152
7030,ELDERSLIE,TAS,-42.62368,147.06907
7030,FLINTSTONE,TAS,-41.99777,146.85909
7030,GAGEBROOK,TAS,-42.74833,147.27056
7030,GRANTON,TAS,-42.75167,147.22806
7030,HERDSMANS COVE,TAS,-42.74990,147.26400
7030,HERMITAGE,TAS,-42.25973,146.85093
7030,INTERLAKEN,TAS,-42.16108,147.14470
7030,JERICHO,TAS,-42.37827,147.31055
7030,KEMPTON,TAS,-42.30429,146.95838
7030,LAKE SORELL,TAS,-42.11000,147.17291
7030,LIAWENEE,TAS,-41.90144,146.67594
7030,LOWER MARSHES,TAS,-42.33873,147.19988
7030,MANGALORE,TAS,-42.65000,147.25000
7030,MELTON MOWBRAY,TAS,-42.44570,147.25354
7030,MIENA,TAS,-41.98988,146.70344
7030,MILLERS BLUFF,TAS,-41.97043,147.09811
7030,MORASS BAY,TAS,-42.02554,146.94475
7030,PELHAM,TAS,-42.57474,147.01502
7030,PONTVILLE,TAS,-42.67615,147.27633
7030,SHANNON,TAS,-42.04740,146.75681
7030,STEPPES,TAS,-42.03375,146.80045
7030,TODS CORNER,TAS,-41.96922,146.80002
7030,WADDAMANA,TAS,-42.15047,146.75515
7030,WILBURVILLE,TAS,-42.04765,146.89684
7050,ALBION HEIGHTS,TAS,-42.95607,147.32098
7050,KINGSTON,TAS,-42.97694,147.30833
7050,KINGSTON BEACH,TAS,-42.98111,147.32278
7051,KINGSTON,TAS,-42.97694,147.30833
7052,BLACKMANS BAY,TAS,-43.00907,147.32038
7053,BONNET HILL,TAS,-42.97194,147.33111
7053,TAROONA,TAS,-42.94806,147.34889
7054,BARRETTA,TAS,-43.04620,147.26188
7054,CONINGHAM,TAS,-43.08325,147.28054
7054,ELECTRONA,TAS,-43.05244,147.25811
7054,FERN TREE,TAS,-42.92417,147.26111
7054,HOWDEN,TAS,-43.02667,147.29278
7054,LESLIE VALE,TAS,-42.96634,147.22577
7054,LOWER SNUG,TAS,-43.08251,147.24721
7054,MARGATE,TAS,-43.02944,147.26167
7054,NEIKA,TAS,-42.94806,147.23639
7054,NIERINNA,TAS,-43.03300,147.23300
7054,PIERSONS POINT,TAS,-43.05080,147.34200
7054,RIDGEWAY,TAS,-42.92539,147.28536
7054,SNUG,TAS,-43.08332,147.20327
7054,TINDERBOX,TAS,-43.03714,147.32276
7054,WELLINGTON PARK,TAS,-42.89849,147.23001
7055,HUNTINGFIELD,TAS,-43.00132,147.29616
7109,CATAMARAN,TAS,-43.55440,146.88800
7109,CRABTREE,TAS,-42.93516,147.05198
7109,CRADOC,TAS,-43.10806,147.03306
7109,GLAZIERS BAY,TAS,-43.13868,147.01966
7109,GLEN HUON,TAS,-43.03046,146.96021
7109,GLENDEVIE,TAS,-43.24487,146.99107
7109,GROVE,TAS,-42.99439,147.11238
7109,HASTINGS,TAS,-43.42334,146.93808
7109,HUONVILLE,TAS,-43.02952,147.05803
7109,IDA BAY,TAS,-43.44853,146.93243
7109,JUDBURY,TAS,-42.99068,146.91956
7109,LONNAVALE,TAS,-42.96519,146.84410
7109,LOWER LONGLEY,TAS,-42.97750,147.14139
7109,LOWER WATTLE GROVE,TAS,-43.15392,147.01278
7109,LUCASTON,TAS,-42.96313,147.01562
7109,LUNE RIVER,TAS,-43.43482,146.90504
7109,LYMINGTON,TAS,-43.20134,147.05903
7109,MOUNTAIN RIVER,TAS,-42.94612,147.13206
7109,PETCHEYS BAY,TAS,-43.18954,147.02256
7109,RAMINEA,TAS,-43.32527,146.96559
7109,RANELAGH,TAS,-43.01667,147.03333
7109,RECHERCHE,TAS,-43.53761,146.88847
7109,SOUTHPORT,TAS,-43.42471,146.97325
7109,SOUTHPORT LAGOON,TAS,-43.47845,146.92387
7109,STRATHBLANE,TAS,-43.34003,146.97623
7109,WATERLOO,TAS,-43.20901,146.96698
7109,WATTLE GROVE,TAS,-43.16839,147.01122
7109,WOODSTOCK,TAS,-43.07855,147.04181
7112,ABELS BAY,TAS,-43.22881,147.10539
7112,CHARLOTTE COVE,TAS,-43.26823,147.14820
7112,CYGNET,TAS,-43.15000,147.06667
7112,DEEP BAY,TAS,-43.20689,147.13810
7112,EGGS AND BACON BAY,TAS,-43.24743,147.10500
7112,GARDEN ISLAND CREEK,TAS,-43.25000,147.16667
7112,GARDNERS BAY,TAS,-43.18340,147.14265
7112,HUON ISLAND,TAS,-43.22881,147.10539
7112,NICHOLLS RIVULET,TAS,-43.14741,147.15479
7112,RANDALLS BAY,TAS,-43.23666,147.12974
7112,VERONA SANDS,TAS,-43.27196,147.16171
7113,FRANKLIN,TAS,-43.09251,146.98489
7116,BROOKS BAY,TAS,-43.23575,147.01864
7116,CAIRNS BAY,TAS,-43.18707,146.96098
7116,CASTLE FORBES BAY,TAS,-43.13277,146.96821
7116,GEEVESTON,TAS,-43.16667,146.93333
7116,POLICE POINT,TAS,-43.25539,147.04067
7116,PORT HUON,TAS,-43.15495,146.94667
7116,SURGES BAY,TAS,-43.22590,146.98822
7116,SURVEYORS BAY,TAS,-43.27967,147.08966
7117,DOVER,TAS,-43.30401,147.02075
7119,STONOR,TAS,-42.39099,147.38147
7120,ANDOVER,TAS,-42.33497,147.51881
7120,ANTILL PONDS,TAS,-42.21466,147.41062
7120,BADEN,TAS,-42.42219,147.47860
7120,LEMONT,TAS,-42.29729,147.65994
7120,LEVENDALE,TAS,-42.53203,147.56572
7120,MOUNT SEYMOUR,TAS,-42.40373,147.45026
7120,OATLANDS,TAS,-42.30000,147.37056
7120,PARATTAH,TAS,-42.35707,147.40590
7120,PAWTELLA,TAS,-42.28945,147.50592
7120,RHYNDASTON,TAS,-42.47735,147.38738
7120,STONEHENGE,TAS,-42.40940,147.64300
7120,SWANSTON,TAS,-42.33978,147.74718
7120,TIBERIAS,TAS,-42.43198,147.36026
7120,TUNBRIDGE,TAS,-42.12678,147.44684
7120,TUNNACK,TAS,-42.47252,147.45107
7120,WHITEFOORD,TAS,-42.43219,147.52775
7120,WOODBURY,TAS,-42.18632,147.38659
7120,WOODSDALE,TAS,-42.47782,147.57605
7120,YORK PLAINS,TAS,-42.26883,147.44047
7139,STRATHGORDON,TAS,-42.76710,146.05100
7140,BLACK HILLS,TAS,-42.71654,147.02074
7140,BOYER,TAS,-42.77415,147.08728
7140,BRADYS LAKE,TAS,-42.22382,146.49307
7140,BRONTE PARK,TAS,-42.14218,146.49065
7140,BUSHY PARK,TAS,-42.71359,146.89203
7140,BUTLERS GORGE,TAS,-42.24919,146.25944
7140,DEE,TAS,-42.24517,146.56506
7140,DERWENT BRIDGE,TAS,-42.13767,146.23026
7140,ELLENDALE,TAS,-42.61667,146.71667
7140,FENTONBURY,TAS,-42.65265,146.76054
7140,FITZGERALD,TAS,-42.75374,146.66226
7140,FLORENTINE,TAS,-42.58392,146.47527
7140,GLENFERN,TAS,-42.81071,146.99858
7140,GLENORA,TAS,-42.69745,146.89473
7140,GRETNA,TAS,-42.65844,146.96683
7140,HAMILTON,TAS,-42.55600,146.83400
7140,HAYES,TAS,-42.71654,147.02074
7140,HOLLOW TREE,TAS,-42.48547,146.93849
7140,KARANJA,TAS,-42.68378,146.83800
7140,LACHLAN,TAS,-42.83415,147.04619
7140,LAKE ST CLAIR,TAS,-42.05814,146.16564
7140,LAWITTA,TAS,-42.76475,147.03809
7140,LITTLE PINE LAGOON,TAS,-42.00166,146.61009
7140,LONDON LAKES,TAS,-42.19105,146.52534
7140,MACQUARIE PLAINS,TAS,-42.71149,146.91942
7140,MAGRA,TAS,-42.75833,147.04722
7140,MALBINA,TAS,-42.78691,147.11822
7140,MAYDENA,TAS,-42.75000,146.61667
7140,MEADOWBANK,TAS,-42.63541,146.84818
7140,MOLESWORTH,TAS,-42.80785,147.14870
7140,MOOGARA,TAS,-42.78848,146.93832
7140,MOUNT FIELD,TAS,-42.66581,146.58515
7140,MOUNT LLOYD,TAS,-42.83096,146.94647
7140,NATIONAL PARK,TAS,-42.68902,146.71213
7140,NEW NORFOLK,TAS,-42.78283,147.05938
7140,OSTERLEY,TAS,-42.33792,146.73523
7140,OUSE,TAS,-42.48333,146.71667
7140,PLENTY,TAS,-42.75479,146.98534
7140,ROSEGARLAND,TAS,-42.70769,146.94577
7140,SORELL CREEK,TAS,-42.77761,147.12387
7140,STRICKLAND,TAS,-42.34253,146.67277
7140,STYX,TAS,-42.79227,146.68903
7140,TARRALEAH,TAS,-42.30180,146.44941
7140,TYENNA,TAS,-42.72326,146.67673
7140,UXBRIDGE,TAS,-42.78115,146.85130
7140,VICTORIA VALLEY,TAS,-42.31438,146.71496
7140,WAYATINAH,TAS,-42.39110,146.50111
7140,WESTERWAY,TAS,-42.67569,146.79614
7150,ADVENTURE BAY,TAS,-43.36667,147.33333
7150,ALLENS RIVULET,TAS,-43.01622,147.19561
7150,ALONNAH,TAS,-43.31500,147.24361
7150,APOLLO BAY,TAS,-43.16414,147.29220
7150,BARNES BAY,TAS,-43.12149,147.36310
7150,DENNES POINT,TAS,-43.07611,147.34754
7150,GORDON,TAS,-43.26490,147.20965
7150,GREAT BAY,TAS,-43.22712,147.37706
7150,KAOOTA,TAS,-43.02636,147.16534
7150,KILLORA,TAS,-43.09432,147.32334
7150,LONGLEY,TAS,-42.97259,147.18346
7150,LUNAWANNA,TAS,-43.36305,147.24264
7150,NORTH BRUNY,TAS,-43.11610,147.35136
7150,OYSTER COVE,TAS,-43.10362,147.21998
7150,PELVERATA,TAS,-43.03803,147.11719
7150,SANDFLY,TAS,-42.99583,147.19000
7150,SIMPSONS BAY,TAS,-43.27855,147.29111
7150,SOUTH BRUNY,TAS,-43.41937,147.24914
7150,UPPER WOODSTOCK,TAS,-43.08142,147.07574
7151,CASEY,TAS,-41.45452,145.97066
7151,DAVIS,TAS,-41.45452,145.97066
7151,HEARD ISLAND,TAS,-41.45452,145.97066
7151,MACQUARIE,TAS,-41.45452,145.97066
7151,MACQUARIE ISLAND,TAS,-54.62080,158.85600
7151,MAWSON,TAS,-41.45452,145.97066
7151,MCDONALD ISLANDS,TAS,-41.45452,145.97066
7155,KETTERING,TAS,-43.12550,147.22609
7162,BIRCHS BAY,TAS,-43.18339,147.22013
7162,WOODBRIDGE,TAS,-43.16667,147.23333
7163,FLOWERPOT,TAS,-43.20295,147.24221
7163,MIDDLETON,TAS,-43.22725,147.23239
7170,ACTON PARK,TAS,-42.86583,147.46972
7170,CAMBRIDGE,TAS,-42.83667,147.44111
7170,MOUNT RUMNEY,TAS,-42.85552,147.43649
7170,ROCHES BEACH,TAS,-42.88972,147.49611
7170,SEVEN MILE BEACH,TAS,-42.85360,147.51006
7171,MIDWAY POINT,TAS,-42.79404,147.52932
7171,PENNA,TAS,-42.76667,147.53333
7172,NUGENT,TAS,-42.72123,147.74179
7172,ORIELTON,TAS,-42.71878,147.51814
7172,PAWLEENA,TAS,-42.74889,147.58013
7172,SORELL,TAS,-42.77931,147.57846
7172,WATTLE HILL,TAS,-42.76106,147.65755
7173,CARLTON,TAS,-42.86232,147.65253
7173,CARLTON RIVER,TAS,-42.85386,147.68462
7173,CONNELLYS MARSH,TAS,-42.88749,147.72845
7173,DODGES FERRY,TAS,-42.84845,147.63207
7173,FORCETT,TAS,-42.81869,147.67832
7173,LEWISHAM,TAS,-42.82876,147.61268
7173,PRIMROSE SANDS,TAS,-42.88161,147.67458
7174,COPPING,TAS,-42.82740,147.76900
7175,BREAM CREEK,TAS,-42.82190,147.83825
7175,MARION BAY,TAS,-42.82656,147.85606
7176,KELLEVIE,TAS,-42.75591,147.79156
7177,BOOMER BAY,TAS,-42.85451,147.83135
7177,DUNALLEY,TAS,-42.88767,147.81247
7178,MURDUNNA,TAS,-42.95926,147.86070
7179,EAGLEHAWK NECK,TAS,-42.99570,147.92782
7180,TARANNA,TAS,-43.06172,147.87015
7182,CAPE PILLAR,TAS,-43.18180,147.93900
7182,FORTESCUE,TAS,-43.10616,147.92905
7182,PORT ARTHUR,TAS,-43.17746,147.84205
7183,HIGHCROFT,TAS,-43.15080,147.77500
7184,CAPE RAOUL,TAS,-43.20120,147.76300
7184,NUBEENA,TAS,-43.10000,147.75000
7184,STORMLEA,TAS,-43.19225,147.77450
7184,WHITE BEACH,TAS,-43.12424,147.72015
7185,PREMAYDENA,TAS,-43.05631,147.75832
7186,SALTWATER RIVER,TAS,-43.01861,147.70740
7186,SLOPING MAIN,TAS,-43.01314,147.67121
7187,KOONYA,TAS,-43.08085,147.82063
7190,APSLAWN,TAS,-41.98260,148.14261
7190,BUCKLAND,TAS,-42.61094,147.70704
7190,CRANBROOK,TAS,-41.99991,148.08536
7190,DOLPHIN SANDS,TAS,-42.08275,148.14636
7190,LITTLE SWANPORT,TAS,-42.34050,147.93796
7190,MARIA ISLAND,TAS,-42.64510,148.06500
7190,ORFORD,TAS,-42.55026,147.88015
7190,PONTYPOOL,TAS,-42.32726,147.95979
7190,RHEBAN,TAS,-42.68724,147.86928
7190,ROCKY HILLS,TAS,-42.22952,148.01117
7190,RUNNYMEDE,TAS,-42.61638,147.56126
7190,SPRING BEACH,TAS,-42.59811,147.89830
7190,SWANSEA,TAS,-42.13441,148.05848
7190,TRIABUNNA,TAS,-42.51024,147.92010
7209,ROSS,TAS,-42.10110,147.60200
7209,TOOMS LAKE,TAS,-42.19623,147.82353
7210,CAMPBELL TOWN,TAS,-41.92881,147.49314
7210,LAKE LEAKE,TAS,-42.03035,147.82178
7211,CLEVELAND,TAS,-41.80197,147.39933
7211,CONARA,TAS,-41.82299,147.49638
7211,EPPING FOREST,TAS,-41.73424,147.40794
7212,BEN LOMOND,TAS,-41.56562,147.66185
7212,BLESSINGTON,TAS,-41.52168,147.44721
7212,BURNS CREEK,TAS,-41.45725,147.48735
7212,DEDDINGTON,TAS,-41.60301,147.41865
7212,EVANDALE,TAS,-41.57028,147.24757
7212,NILE,TAS,-41.64696,147.36105
7212,UPPER BLESSINGTON,TAS,-41.45941,147.58540
7212,WESTERN JUNCTION,TAS,-41.55453,147.20917
7213,AVOCA,TAS,-41.78139,147.72194
7213,ROSSARDEN,TAS,-41.63940,147.60370
7213,ROYAL GEORGE,TAS,-41.85087,147.88913
7213,STORYS CREEK,TAS,-41.78139,147.72194
7214,FINGAL,TAS,-41.63860,147.96720
7214,MANGANA,TAS,-41.54055,147.87850
7214,MATHINNA,TAS,-41.52702,147.78849
7214,UPPER ESK,TAS,-41.43599,147.72619
7215,BEAUMARIS,TAS,-41.40723,148.27415
7215,BICHENO,TAS,-41.85224,148.25967
7215,CHAIN OF LAGOONS,TAS,-41.66427,148.28361
7215,COLES BAY,TAS,-42.08111,148.23316
7215,CORNWALL,TAS,-41.55352,148.13793
7215,DOUGLAS RIVER,TAS,-41.81299,148.25762
7215,DOUGLAS-APSLEY,TAS,-41.78520,148.18700
7215,FALMOUTH,TAS,-41.48974,148.25764
7215,FOUR MILE CREEK,TAS,-41.57734,148.27869
7215,FREYCINET,TAS,-42.20504,148.30332
7215,FRIENDLY BEACHES,TAS,-41.99189,148.25128
7215,GRAY,TAS,-41.63212,148.22547
7215,SCAMANDER,TAS,-41.47255,148.25006
7215,SEYMOUR,TAS,-41.74750,148.29855
7215,ST MARYS,TAS,-41.58063,148.19208
7215,UPPER SCAMANDER,TAS,-41.44605,148.18877
7216,AKAROA,TAS,-41.28603,148.33840
7216,ANSONS BAY,TAS,-41.03556,148.26806
7216,BINALONG BAY,TAS,-41.24913,148.29290
7216,GOSHEN,TAS,-41.27630,148.13862
7216,GOULDS COUNTRY,TAS,-41.25058,148.05740
7216,LOTTAH,TAS,-41.24284,148.01308
7216,PYENGANA,TAS,-41.28944,148.00472
7216,ST HELENS,TAS,-41.32179,148.24981
7216,STIEGLITZ,TAS,-41.32978,148.30407
7216,THE GARDENS,TAS,-41.17679,148.27501
7248,ALANVALE,TAS,-41.38840,147.11800
7248,INVERESK,TAS,-41.42790,147.14100
7248,INVERMAY,TAS,-41.42057,147.13217
7248,MAYFIELD,TAS,-41.38954,147.13095
7248,MOWBRAY,TAS,-41.40900,147.14300
7248,MOWBRAY HEIGHTS,TAS,-41.40240,147.13400
7248,NEWNHAM,TAS,-41.38283,147.11115
7248,ROCHERLEA,TAS,-41.37694,147.13278
7249,GLEN DHU,TAS,-41.45420,147.14100
7249,KINGS MEADOWS,TAS,-41.47056,147.16306
7249,PUNCHBOWL,TAS,-41.45694,147.16500
7249,SANDHILL,TAS,-41.46000,147.14800
7249,SOUTH LAUNCESTON,TAS,-41.45528,147.15111
7249,YOUNGTOWN,TAS,-41.48333,147.16667
7250,BLACKSTONE HEIGHTS,TAS,-41.46000,147.08200
7250,EAST LAUNCESTON,TAS,-41.44194,147.15083
7250,ELPHIN,TAS,-41.43090,147.15500
7250,LAUNCESTON,TAS,-41.43322,147.14409
7250,NEWSTEAD,TAS,-41.44444,147.16056
7250,NORWOOD,TAS,-41.45722,147.17250
7250,NORWOOD AVENUE PO,TAS,-41.45570,147.17300
7250,PROSPECT,TAS,-41.48333,147.13972
7250,PROSPECT VALE,TAS,-41.48100,147.12600
7250,RAVENSWOOD,TAS,-41.41833,147.17611
7250,RIVERSIDE,TAS,-41.42000,147.10300
7250,ST LEONARDS,TAS,-41.45840,147.20080
7250,SUMMERHILL,TAS,-41.46884,147.11891
7250,TRAVELLERS REST,TAS,-41.49400,147.09000
7250,TREVALLYN,TAS,-41.43333,147.11667
7250,WAVERLEY,TAS,-41.43333,147.18333
7250,WEST LAUNCESTON,TAS,-41.45100,147.12920
7252,BEECHFORD,TAS,-41.04273,146.97208
7252,DILSTON,TAS,-41.31545,147.05152
7252,HILLWOOD,TAS,-41.24361,146.97861
7252,LEFROY,TAS,-41.10011,146.99233
7252,LULWORTH,TAS,-41.00232,147.08575
7252,MOUNT DIRECTION,TAS,-41.23573,147.02176
7252,PIPERS RIVER,TAS,-41.10000,147.08333
7252,STONY HEAD,TAS,-41.01990,147.01630
7252,SWAN BAY,TAS,-41.29398,147.01253
7252,WEYMOUTH,TAS,-41.01667,147.15000
7252,WINDERMERE,TAS,-41.31220,147.01800
7253,BELL BAY,TAS,-41.13373,146.85792
7253,GEORGE TOWN,TAS,-41.10625,146.82710
7253,LONG REACH,TAS,-41.16391,146.93457
7253,LOW HEAD,TAS,-41.07383,146.80742
7254,BELLINGHAM,TAS,-41.01936,147.17749
7254,GOLCONDA,TAS,-41.20070,147.29695
7254,LEBRINA,TAS,-41.16450,147.23073
7254,PIPERS BROOK,TAS,-41.08454,147.18216
7254,RETREAT,TAS,-41.15858,147.17233
7254,TUNNEL,TAS,-41.19428,147.17560
7254,WYENA,TAS,-41.17545,147.26415
7255,BLUE ROCKS,TAS,-40.05778,147.95333
7255,EMITA,TAS,-40.01855,147.90809
7255,KILLIECRANKIE,TAS,-39.85086,147.84938
7255,LACKRANA,TAS,-40.10554,148.16321
7255,LADY BARRON,TAS,-40.21250,148.24167
7255,LEEKA,TAS,-39.90850,147.81315
7255,LOCCOTA,TAS,-40.22284,148.04522
7255,LUGHRATA,TAS,-39.94752,147.93022
7255,MEMANA,TAS,-39.99878,147.99760
7255,PALANA,TAS,-39.76988,147.89886
7255,RANGA,TAS,-40.15286,148.05908
7255,STRZELECKI,TAS,-40.22311,148.10777
7255,WHITEMARK,TAS,-40.09134,148.01785
7255,WINGAROO,TAS,-39.84325,147.97029
7256,BUNGAREE,TAS,-39.75883,143.85755
7256,CURRIE,TAS,-39.93111,143.85056
7256,EGG LAGOON,TAS,-39.65460,143.97819
7256,GRASSY,TAS,-40.06221,144.05448
7256,LOORANA,TAS,-39.88657,143.89813
7256,LYMWOOD,TAS,-40.09016,143.99319
7256,NARACOOPA,TAS,-39.92773,144.12308
7256,NUGARA,TAS,-39.93019,143.89180
7256,PEARSHAPE,TAS,-40.06637,143.88478
7256,PEGARAH,TAS,-39.92388,144.10488
7256,REEKARA,TAS,-39.75564,144.03416
7256,SEA ELEPHANT,TAS,-39.82815,144.06559
7256,SURPRISE BAY,TAS,-40.11342,143.92489
7256,WICKHAM,TAS,-39.75883,143.85755
7256,YAMBACOONA,TAS,-39.70763,143.94091
7256,YARRA CREEK,TAS,-40.00864,144.11107
7257,CAPE BARREN ISLAND,TAS,-40.39824,148.20145
7258,BREADALBANE,TAS,-41.51887,147.18488
7258,RELBIA,TAS,-41.50999,147.21011
7258,WHITE HILLS,TAS,-41.51426,147.25787
7259,MYRTLE BANK,TAS,-41.29879,147.37429
7259,NUNAMARA,TAS,-41.36936,147.30375
7259,PATERSONIA,TAS,-41.30098,147.31112
7259,TARGA,TAS,-41.31365,147.38089
7259,TAYENE,TAS,-41.35051,147.45224
7260,BLUMONT,TAS,-41.14405,147.41107
7260,CUCKOO,TAS,-41.20742,147.57731
7260,FORESTER,TAS,-41.09651,147.68836
7260,JETSONVILLE,TAS,-41.10925,147.46320
7260,KAMONA,TAS,-41.15607,147.65536
7260,LIETINNA,TAS,-41.15829,147.46258
7260,LISLE,TAS,-41.23461,147.32709
7260,NABOWLA,TAS,-41.16041,147.36865
7260,NORTH SCOTTSDALE,TAS,-41.13779,147.53985
7260,SCOTTSDALE,TAS,-41.16667,147.51667
7260,SOUTH SPRINGFIELD,TAS,-41.24688,147.50530
7260,SPRINGFIELD,TAS,-41.20786,147.51098
7260,TONGANAH,TAS,-41.17267,147.61973
7260,TULENDEENA,TAS,-41.18582,147.66442
7260,WEST SCOTTSDALE,TAS,-41.18827,147.43870
7261,BRANXHOLM,TAS,-41.15978,147.73671
7261,WARRENTINNA,TAS,-41.09935,147.74829
7262,BRIDPORT,TAS,-41.01452,147.40704
7262,TOMAHAWK,TAS,-40.87210,147.76308
7262,WATERHOUSE,TAS,-40.95735,147.57912
7263,ALBERTON,TAS,-41.28688,147.79044
7263,LEGERWOOD,TAS,-41.21375,147.69887
7263,RINGAROOMA,TAS,-41.25443,147.73442
7263,TALAWA,TAS,-41.28222,147.70992
7263,TRENAH,TAS,-41.31722,147.70530
7264,ANSONS BAY,TAS,-41.03560,148.26800
7264,BOOBYALLA,TAS,-40.91768,147.88128
7264,CAPE PORTLAND,TAS,-40.76096,148.03640
7264,DERBY,TAS,-41.14777,147.80113
7264,EDDYSTONE,TAS,-40.99298,148.34700
7264,EDDYSTONE POINT,TAS,-41.00889,148.29121
7264,GLADSTONE,TAS,-40.98170,148.15268
7264,HERRICK,TAS,-41.07649,147.88502
7264,MOORINA,TAS,-41.13321,147.87111
7264,MOUNT WILLIAM,TAS,-40.93410,148.23500
7264,MUSSELROE BAY,TAS,-40.84046,148.17391
7264,PIONEER,TAS,-41.08510,147.92834
7264,RUSHY LAGOON,TAS,-40.85714,148.01073
7264,SOUTH MOUNT CAMERON,TAS,-41.01465,147.96366
7264,TELITA,TAS,-41.13270,147.76512
7264,WELDBOROUGH,TAS,-41.19841,147.90363
7265,BANCA,TAS,-41.03292,147.76258
7265,WINNALEAH,TAS,-41.07791,147.83864
7267,BANGOR,TAS,-41.21437,147.14944
7267,KAROOLA,TAS,-41.24190,147.14647
7267,LALLA,TAS,-41.25304,147.18130
7267,LOWER TURNERS MARSH,TAS,-41.20992,147.10592
7267,TURNERS MARSH,TAS,-41.30522,147.12158
7268,LILYDALE,TAS,-41.25000,147.21700
7268,NORTH LILYDALE,TAS,-41.22691,147.24810
7268,UNDERWOOD,TAS,-41.29282,147.20513
7270,BADGER HEAD,TAS,-41.12916,146.73144
7270,BEACONSFIELD,TAS,-41.19337,146.82359
7270,BEAUTY POINT,TAS,-41.15172,146.81779
7270,CLARENCE POINT,TAS,-41.12616,146.78729
7270,FLOWERY GULLY,TAS,-41.23774,146.82914
7270,GREENS BEACH,TAS,-41.08499,146.74033
7270,ILFRAVILLE,TAS,-41.15180,146.81500
7270,KAYENA,TAS,-41.18808,146.88320
7270,KELSO,TAS,-41.10556,146.78333
7270,ROWELLA,TAS,-41.17028,146.89424
7270,SIDMOUTH,TAS,-41.23193,146.87918
7270,YORK TOWN,TAS,-41.16020,146.75606
7275,BLACKWALL,TAS,-41.30000,146.96667
7275,DEVIOT,TAS,-41.23650,146.92275
7275,EXETER,TAS,-41.29972,146.95306
7275,FRANKFORD,TAS,-41.33230,146.76530
7275,GLENGARRY,TAS,-41.32972,146.87889
7275,HOLWELL,TAS,-41.28949,146.77948
7275,LANENA,TAS,-41.31441,146.96510
7275,LOIRA,TAS,-41.26696,146.89924
7275,NOTLEY HILLS,TAS,-41.36097,146.92470
7275,ROBIGANA,TAS,-41.26370,146.94072
7275,SWAN POINT,TAS,-41.25742,146.96549
7275,WINKLEIGH,TAS,-41.29139,146.84226
7276,GRAVELLY BEACH,TAS,-41.27902,146.96607
7277,BRIDGENORTH,TAS,-41.38417,146.95224
7277,GRINDELWALD,TAS,-41.35000,147.00000
7277,LEGANA,TAS,-41.36667,147.05000
7277,ROSEVEARS,TAS,-41.33122,146.98028
7290,HADSPEN,TAS,-41.51002,147.06105
7291,CARRICK,TAS,-41.54898,147.01845
7292,HAGLEY,TAS,-41.52611,146.88444
7292,QUAMBY BEND,TAS,-41.48419,146.86236
7292,ROSEVALE,TAS,-41.41996,146.92782
7292,SELBOURNE,TAS,-41.42082,146.88182
7292,WESTWOOD,TAS,-41.49643,146.94553
7300,DEVON HILLS,TAS,-41.55202,147.18449
7300,PERTH,TAS,-41.56772,147.17261
7300,POWRANNA,TAS,-41.67863,147.26381
7301,BISHOPSBOURNE,TAS,-41.64406,146.97570
7301,BLACKWOOD CREEK,TAS,-41.74755,146.89599
7301,LIFFEY,TAS,-41.68264,146.85457
7301,LONGFORD,TAS,-41.59585,147.12181
7301,TOIBERRY,TAS,-41.60776,147.03814
7302,BRACKNELL,TAS,-41.65000,146.93333
7302,CRESSY,TAS,-41.68333,147.08333
7302,POATINA,TAS,-41.79867,146.95095
7303,BIRRALEE,TAS,-41.39743,146.81241
7303,CLUAN,TAS,-41.59169,146.84772
7303,EXTON,TAS,-41.52554,146.74949
7303,OAKS,TAS,-41.59627,146.96077
7303,OSMASTON,TAS,-41.57586,146.76473
7303,WESTBURY,TAS,-41.53837,146.84178
7303,WHITEMORE,TAS,-41.58667,146.92528
7304,BRANDUM,TAS,-41.82879,146.67133
7304,BREONA,TAS,-41.78721,146.70319
7304,CAVESIDE,TAS,-41.61667,146.41667
7304,CENTRAL PLATEAU,TAS,-41.84236,146.57427
7304,CHUDLEIGH,TAS,-41.54998,146.47483
7304,DAIRY PLAINS,TAS,-41.58591,146.49650
7304,DELORAINE,TAS,-41.53489,146.66163
7304,DOCTORS POINT,TAS,-41.78880,146.68216
7304,DUNORLAN,TAS,-41.50065,146.57252
7304,ELIZABETH TOWN,TAS,-41.45000,146.56667
7304,GOLDEN VALLEY,TAS,-41.63767,146.71575
7304,JACKEYS MARSH,TAS,-41.70088,146.67026
7304,KIMBERLEY,TAS,-41.40000,146.49300
7304,LIENA,TAS,-41.56127,146.22355
7304,MAYBERRY,TAS,-41.56503,146.29796
7304,MEANDER,TAS,-41.65000,146.61667
7304,MERSEY FOREST,TAS,-41.68296,146.20056
7304,MOLE CREEK,TAS,-41.55863,146.40452
7304,MOLTEMA,TAS,-41.44367,146.53225
7304,MONTANA,TAS,-41.59243,146.58403
7304,NEEDLES,TAS,-41.54836,146.54542
7304,PARKHAM,TAS,-41.40926,146.63753
7304,QUAMBY BROOK,TAS,-41.59062,146.70211
7304,RED HILLS,TAS,-41.52893,146.59752
7304,REEDY MARSH,TAS,-41.48909,146.69285
7304,REYNOLDS NECK,TAS,-41.86106,146.69602
7304,WALLS OF JERUSALEM,TAS,-41.90150,146.25300
7304,WEEGENA,TAS,-41.46932,146.47280
7304,WEETAH,TAS,-41.45848,146.64525
7304,WESTERN CREEK,TAS,-41.64236,146.50803
7305,MERSEYLEA,TAS,-41.36940,146.47294
7305,RAILTON,TAS,-41.35000,146.41667
7305,SUNNYSIDE,TAS,-41.37880,146.45149
7306,ACACIA HILLS,TAS,-41.28541,146.34234
7306,BARRINGTON,TAS,-41.33180,146.27998
7306,BEULAH,TAS,-41.45090,146.37833
7306,CETHANA,TAS,-41.47989,146.14755
7306,CLAUDE ROAD,TAS,-41.44221,146.26577
7306,CRADLE MOUNTAIN,TAS,-41.58145,145.93372
7306,GOWRIE PARK,TAS,-41.46673,146.22368
7306,LORINNA,TAS,-41.54094,146.14453
7306,LOWER BARRINGTON,TAS,-41.28717,146.28976
7306,LOWER BEULAH,TAS,-41.44968,146.41008
7306,MIDDLESEX,TAS,-41.55750,146.05895
7306,MOUNT ROLAND,TAS,-41.48940,146.24900
7306,NOOK,TAS,-41.28541,146.34234
7306,NOWHERE ELSE,TAS,-41.37263,146.25858
7306,PARADISE,TAS,-41.43408,146.31557
7306,PROMISED LAND,TAS,-41.42292,146.20761
7306,ROLAND,TAS,-41.40965,146.22551
7306,SHEFFIELD,TAS,-41.38610,146.33261
7306,STAVERTON,TAS,-41.45897,146.18382
7306,STOODLEY,TAS,-41.39494,146.41316
7306,WEST KENTISH,TAS,-41.39360,146.26395
7307,BAKERS BEACH,TAS,-41.16225,146.60440
7307,HARFORD,TAS,-41.23829,146.55662
7307,HAWLEY BEACH,TAS,-41.13711,146.53667
7307,LATROBE,TAS,-41.24426,146.40591
7307,MORIARTY,TAS,-41.21734,146.48363
7307,NORTHDOWN,TAS,-41.17803,146.49452
7307,PORT SORELL,TAS,-41.16667,146.55000
7307,SASSAFRAS,TAS,-41.28181,146.48570
7307,SHEARWATER,TAS,-41.15935,146.53193
7307,SQUEAKING POINT,TAS,-41.19107,146.55613
7307,THIRLSTANE,TAS,-41.19753,146.53428
7307,WESLEY VALE,TAS,-41.18508,146.44347
7310,ABERDEEN,TAS,-41.24432,146.32645
7310,AMBLESIDE,TAS,-41.20403,146.37430
7310,DEVONPORT,TAS,-41.17706,146.34518
7310,DON,TAS,-41.16667,146.31667
7310,EAST DEVONPORT,TAS,-41.18689,146.39103
7310,ERRIBA,TAS,-41.42535,146.13714
7310,EUGENANA,TAS,-41.23336,146.30774
7310,FORTH,TAS,-41.20000,146.25000
7310,FORTHSIDE,TAS,-41.22449,146.27368
7310,KINDRED,TAS,-41.25891,146.21890
7310,LILLICO,TAS,-41.16557,146.29032
7310,LOWER WILMOT,TAS,-41.31294,146.20960
7310,MELROSE,TAS,-41.25303,146.30220
7310,MIANDETTA,TAS,-41.19509,146.35082
7310,MOINA,TAS,-41.53012,146.06159
7310,PALOONA,TAS,-41.26312,146.26768
7310,QUOIBA,TAS,-41.20701,146.33272
7310,SOUTH SPREYTON,TAS,-41.25719,146.35097
7310,SPREYTON,TAS,-41.21667,146.35000
7310,STONY RISE,TAS,-41.19788,146.33037
7310,TARLETON,TAS,-41.24465,146.36362
7310,TUGRAH,TAS,-41.20588,146.31126
7310,WEST DEVONPORT,TAS,-41.17706,146.34518
7310,WILMOT,TAS,-41.38511,146.16608
7315,ABBOTSHAM,TAS,-41.21468,146.18643
7315,CASTRA,TAS,-41.29105,146.11874
7315,GAWLER,TAS,-41.21359,146.15438
7315,GUNNS PLAINS,TAS,-41.28333,146.05000
7315,LEITH,TAS,-41.16644,146.26409
7315,LOONGANA,TAS,-41.41086,145.96293
7315,NIETTA,TAS,-41.37253,146.06545
7315,NORTH MOTTON,TAS,-41.19957,146.09788
7315,PRESTON,TAS,-41.28000,146.07000
7315,SOUTH NIETTA,TAS,-41.40908,146.06826
7315,SOUTH PRESTON,TAS,-41.34628,146.04863
7315,SPALFORD,TAS,-41.23625,146.18662
7315,SPRENT,TAS,-41.26292,146.15953
7315,TURNERS BEACH,TAS,-41.16139,146.23444
7315,ULVERSTONE,TAS,-41.17026,146.18721
7315,UPPER CASTRA,TAS,-41.33333,146.13333
7315,WEST ULVERSTONE,TAS,-41.14718,146.12697
7316,CAMENA,TAS,-41.17675,145.96509
7316,CUPRONA,TAS,-41.12453,145.97323
7316,HEYBRIDGE,TAS,-41.08056,145.98583
7316,HOWTH,TAS,-41.09377,146.00254
7316,LOYETEA,TAS,-41.31670,145.92438
7316,PENGUIN,TAS,-41.11667,146.07083
7316,PRESERVATION BAY,TAS,-41.10527,146.04769
7316,RIANA,TAS,-41.20000,145.98333
7316,SOUTH RIANA,TAS,-41.24994,145.96215
7316,SULPHUR CREEK,TAS,-41.10803,146.01668
7316,WEST PINE,TAS,-41.15309,146.00152
7320,ACTON,TAS,-41.07007,145.89399
7320,BROOKLYN,TAS,-41.07270,145.90750
7320,BURNIE,TAS,-41.05286,145.90522
7320,CAMDALE,TAS,-41.04297,145.84735
7320,COOEE,TAS,-41.04111,145.87639
7320,DOWNLANDS,TAS,-41.08318,145.88897
7320,EMU HEIGHTS,TAS,-41.07639,145.92030
7320,HAVENVIEW,TAS,-41.08700,145.91105
7320,HILLCREST,TAS,-41.06363,145.89469
7320,MONTELLO,TAS,-41.05680,145.89564
7320,OCEAN VISTA,TAS,-41.04424,145.85822
7320,PARK GROVE,TAS,-41.05327,145.88156
7320,PARKLANDS,TAS,-41.04803,145.89083
7320,ROMAINE,TAS,-41.10009,145.89316
7320,ROUND HILL,TAS,-41.07123,145.94938
7320,SHOREWELL PARK,TAS,-41.07281,145.87584
7320,SOUTH BURNIE,TAS,-41.06779,145.91420
7320,UPPER BURNIE,TAS,-41.07240,145.89950
7320,WIVENHOE,TAS,-41.07098,145.93083
7321,BLACK RIVER,TAS,-40.86203,145.32696
7321,BOAT HARBOUR,TAS,-40.95000,145.63333
7321,BOAT HARBOUR BEACH,TAS,-40.92829,145.61509
7321,CHASM CREEK,TAS,-41.06955,145.96216
7321,CORINNA,TAS,-41.62842,145.07431
7321,COWRIE POINT,TAS,-40.85437,145.36460
7321,CRAYFISH CREEK,TAS,-40.86610,145.39893
7321,DETENTION,TAS,-40.87816,145.45176
7321,EAST CAM,TAS,-41.06507,145.85280
7321,EAST RIDGLEY,TAS,-41.16557,145.85514
7321,EDGCUMBE BEACH,TAS,-40.86678,145.41487
7321,GUILDFORD,TAS,-41.45548,145.69204
7321,HAMPSHIRE,TAS,-41.25555,145.77334
7321,HELLYER,TAS,-40.88363,145.42938
7321,HIGHCLERE,TAS,-41.18186,145.80753
7321,LUINA,TAS,-41.46906,145.38310
7321,MAWBANNA,TAS,-40.96443,145.35405
7321,MONTUMANA,TAS,-40.95486,145.52071
7321,MOOREVILLE,TAS,-41.09629,145.86051
7321,NATONE,TAS,-41.16775,145.93110
7321,PARRAWE,TAS,-41.29884,145.56200
7321,PORT LATTA,TAS,-40.85701,145.38626
7321,RIDGLEY,TAS,-41.13676,145.83877
7321,ROCKY CAPE,TAS,-40.91754,145.47824
7321,SAVAGE RIVER,TAS,-41.51413,145.21634
7321,SISTERS BEACH,TAS,-40.91667,145.55000
7321,STOWPORT,TAS,-41.12471,145.93098
7321,TEWKESBURY,TAS,-41.20076,145.74993
7321,TULLAH,TAS,-41.74108,145.61756
7321,UPPER NATONE,TAS,-41.22650,145.90376
7321,UPPER STOWPORT,TAS,-41.15614,145.89646
7321,WARATAH,TAS,-41.44548,145.53078
7321,WEST MOOREVILLE,TAS,-41.09180,145.83827
7321,WEST RIDGLEY,TAS,-41.15649,145.77484
7321,WILTSHIRE,TAS,-40.83832,145.26816
7322,SOMERSET,TAS,-41.05744,145.78756
7325,CALDER,TAS,-41.02105,145.77864
7325,DOCTORS ROCKS,TAS,-41.02105,145.77864
7325,ELLIOTT,TAS,-41.11215,145.77984
7325,FLOWERDALE,TAS,-40.96538,145.67016
7325,HENRIETTA,TAS,-41.16643,145.68704
7325,LAPOINYA,TAS,-41.03333,145.56667
7325,MEUNNA,TAS,-41.08049,145.50193
7325,MILABENA,TAS,-41.02076,145.52924
7325,MOORLEAH,TAS,-41.02127,145.60985
7325,MOUNT HICKS,TAS,-41.07058,145.72740
7325,MYALLA,TAS,-40.97823,145.56760
7325,OLDINA,TAS,-41.08893,145.67058
7325,OONAH,TAS,-41.22434,145.61853
7325,PREOLENNA,TAS,-41.07911,145.56245
7325,SEABROOK,TAS,-41.05040,145.77900
7325,SISTERS CREEK,TAS,-40.96040,145.56223
7325,TABLE CAPE,TAS,-40.94977,145.70851
7325,TAKONE,TAS,-41.16810,145.56590
7325,WEST TAKONE,TAS,-41.16810,145.56590
7325,WYNYARD,TAS,-41.00000,145.71667
7325,YOLLA,TAS,-41.11667,145.70000
7330,ALCOMIE,TAS,-40.93148,145.18331
7330,ARTHUR RIVER,TAS,-41.05306,144.66661
7330,BRITTONS SWAMP,TAS,-40.91844,144.96090
7330,BROADMEADOWS,TAS,-40.86806,145.07844
7330,CHRISTMAS HILLS,TAS,-40.89080,145.03890
7330,COUTA ROCKS,TAS,-41.17479,144.68214
7330,EDITH CREEK,TAS,-40.95544,145.09453
7330,FOREST,TAS,-40.84941,145.23197
7330,HUNTER ISLAND,TAS,-40.51410,144.75700
7330,IRISHTOWN,TAS,-40.90086,145.15969
7330,LILEAH,TAS,-40.95848,145.17960
7330,MARRAWAH,TAS,-40.93029,144.69807
7330,MELLA,TAS,-40.86203,145.04567
7330,MENGHA,TAS,-40.90940,145.22091
7330,MONTAGU,TAS,-40.77799,144.95343
7330,NABAGEENA,TAS,-40.99315,145.12862
7330,NELSON BAY,TAS,-41.13337,144.67238
7330,REDPA,TAS,-40.94635,144.74289
7330,ROBBINS ISLAND,TAS,-40.69290,144.94400
7330,ROGER RIVER,TAS,-41.03066,145.02465
7330,SCOPUS,TAS,-40.82360,144.99383
7330,SCOTCHTOWN,TAS,-40.89716,145.11920
7330,SMITHTON,TAS,-40.85781,145.12060
7330,SOUTH FOREST,TAS,-40.88861,145.24372
7330,TEMMA,TAS,-41.23022,144.69104
7330,THREE HUMMOCK ISLAND,TAS,-40.43346,144.90640
7330,TOGARI,TAS,-40.93852,144.87820
7330,TROWUTTA,TAS,-41.06366,145.08006
7330,WEST MONTAGU,TAS,-40.78527,144.89204
7330,WOOLNORTH,TAS,-40.76177,144.76605
7331,STANLEY,TAS,-40.75789,145.28417
7466,GORMANSTON,TAS,-42.07996,145.61983
7467,LAKE MARGARET,TAS,-41.99314,145.58806
7467,QUEENSTOWN,TAS,-42.08118,145.55406
7468,MACQUARIE HEADS,TAS,-42.21530,145.19812
7468,STRAHAN,TAS,-42.15000,145.31667
7469,GRANVILLE HARBOUR,TAS,-41.80480,145.04145
7469,RENISON BELL,TAS,-41.78919,145.43720
7469,TRIAL HARBOUR,TAS,-41.92953,145.17567
7469,ZEEHAN,TAS,-41.88752,145.33795
7470,ROSEBERY,TAS,-41.80414,145.54260
8001,MELBOURNE,VIC,-37.81363,144.96306
8002,EAST MELBOURNE,VIC,-37.81300,144.98500
8003,COLLINS STREET EAST,VIC,-37.81830,144.95700
8004,ST KILDA ROAD,VIC,-37.84279,144.97771
8005,WORLD TRADE CENTRE,VIC,-37.82461,144.95086
8006,ABECKETT STREET,VIC,-37.80970,144.95931
8007,COLLINS STREET WEST,VIC,-37.81830,144.95700
8008,ST KILDA ROAD CENTRAL,VIC,-37.84280,144.97800
8009,FLINDERS LANE,VIC,-37.81718,144.96458
8010,LAW COURTS,VIC,-37.47131,144.78515
8011,LITTLE LONSDALE STREET,VIC,-37.81131,144.96175
8012,DOCKLANDS,VIC,-37.81900,144.94700
8045,MELBOURNE,VIC,-37.81363,144.96306
8051,MELBOURNE,VIC,-37.81363,144.96306
8066,MELBOURNE,VIC,-37.81363,144.96306
8069,MELBOURNE,VIC,-37.81363,144.96306
8070,MELBOURNE,VIC,-37.81363,144.96306
8071,MELBOURNE,VIC,-37.81363,144.96306
8102,MELBOURNE,VIC,-37.81363,144.96306
8107,MELBOURNE,VIC,-37.81363,144.96306
8111,MELBOURNE,VIC,-37.81363,144.96306
8120,MELBOURNE,VIC,-37.81363,144.96306
8205,MELBOURNE,VIC,-37.81363,144.96306
8383,MELBOURNE,VIC,-37.81444,144.98258
8438,SUNSHINE WEST,VIC,-37.79810,144.81108
8511,SUNSHINE WEST,VIC,-37.79810,144.81108
8785,DANDENONG,VIC,-37.98478,145.21399
8785,DANDENONG SOUTH,VIC,-37.98478,145.21399
9000,BRISBANE,QLD,-27.46977,153.02512
9001,BRISBANE,QLD,-27.46977,153.02512
9002,BRISBANE,QLD,-27.46977,153.02512
9005,BRISBANE,QLD,-27.46977,153.02512
9007,BRISBANE,QLD,-27.46977,153.02512
9009,BRISBANE,QLD,-27.46977,153.02512
9010,BRISBANE,QLD,-27.46977,153.02512
9013,BRISBANE,QLD,-27.46977,153.02512
9015,BRISBANE,QLD,-27.46977,153.02512
9464,NORTHGATE MC,QLD,-27.39000,153.06600
9726,GOLD COAST MC,QLD,-28.01670,153.40000
9999,NORTH POLE,VIC,-37.81521,144.96394
